Entry Time,Symbols,Exit Time,Direction,Entry Price,Exit Price,Quantity,P&L,Fees,Drawdown,IsWin,Order Ids
2022-01-04T21:00:00Z,"GS",2022-01-10T20:50:00Z,Buy,363.450523024,359.185583888,11,-46.91,2,104.86,0,"	1,3" 
2022-01-06T21:00:00Z,"MS",2022-01-11T20:50:00Z,Buy,90.383198512,90.391879188,45,0.39,2,28.13,1,"	2,4" 
2022-01-13T21:00:00Z,"XOM",2022-01-18T20:50:00Z,Buy,61.24976061,61.93060078,65,44.25,2,23.53,1,"	5,8" 
2022-01-14T21:00:00Z,"MS",2022-01-18T15:30:00Z,Buy,86.667869184,85.825843612,44,-37.05,2,37.05,0,"	6,7" 
2022-01-19T21:00:00Z,"PG",2022-01-24T20:50:00Z,Buy,141.571858576,146.851546205,28,147.83,2,0,1,"	9,21" 
2022-01-19T21:00:00Z,"MS",2022-01-24T20:50:00Z,Buy,85.079305476,85.834524288,48,36.25,2,94.58,1,"	10,22" 
2022-01-20T17:31:21Z,"NVDA",2022-01-21T15:30:00Z,Buy,25.0176556105,24.102460725,159,-145.52,2,145.52,0,"	14,17" 
2022-01-20T21:00:00Z,"V",2022-01-24T15:30:00Z,Buy,208.38140952,199.405128543,19,-170.55,2,170.55,0,"	13,19" 
2022-01-20T21:00:00Z,"GS",2022-01-24T20:50:00Z,Buy,315.26213232,310.753224208,12,-54.11,2,54.11,0,"	12,23" 
2022-01-20T21:00:00Z,"UNH",2022-01-25T20:50:00Z,Buy,434.054917926,432.082705779,9,-17.75,2,27,0,"	11,25" 
2022-01-21T21:00:00Z,"NFLX",2022-01-24T15:30:00Z,Buy,39.999,39.75,78,-19.42,2,19.42,0,"	16,20" 
2022-01-21T21:00:00Z,"MCD",2022-01-26T20:50:00Z,Buy,231.936885922,228.752168088,17,-54.14,2,60.66,0,"	15,32" 
2022-01-24T21:00:00Z,"XOM",2022-01-28T20:50:00Z,Buy,61.16357831,64.74014376,64,228.9,2,41.92,1,"	18,40" 
2022-01-25T21:00:00Z,"RTX",2022-01-31T20:50:00Z,Buy,77.763007595,82.493628609,49,231.8,2,59.52,1,"	24,42" 
2022-01-26T21:00:00Z,"MS",2022-01-31T20:50:00Z,Buy,86.93697014,88.967618082,46,93.41,2,0.8,1,"	26,43" 
2022-01-26T21:00:00Z,"MSFT",2022-01-31T20:50:00Z,Buy,298.45097635,298.26713558,14,-2.57,2,159.03,0,"	27,44" 
2022-01-26T21:00:00Z,"META",2022-01-31T20:50:00Z,Buy,305.059084408,299.617098072,13,-70.75,2,162.15,0,"	28,45" 
2022-01-26T21:00:00Z,"PG",2022-01-31T20:50:00Z,Buy,142.065166555,144.94602525,27,77.78,2,0,1,"	29,46" 
2022-01-26T21:00:00Z,"NVDA",2022-01-31T20:50:00Z,Buy,23.178283556,22.79503946,179,-68.6,2,228.67,0,"	30,47" 
2022-01-26T21:00:00Z,"NFLX",2022-01-31T20:50:00Z,Buy,37.873,38.436,109,61.37,2,207.43,1,"	31,48" 
2022-01-27T16:32:09Z,"MCD",2022-02-01T20:50:00Z,Buy,227.99477101,236.75502637,17,148.92,2,17.22,1,"	36,52" 
2022-01-27T21:00:00Z,"LMT",2022-02-01T20:50:00Z,Buy,349.678567057,349.561824938,11,-1.28,2,38.43,0,"	33,49" 
2022-01-27T21:00:00Z,"GS",2022-02-01T20:50:00Z,Buy,312.343540496,320.484875584,12,97.7,2,50.31,1,"	34,50" 
2022-01-27T21:00:00Z,"TMO",2022-02-01T20:50:00Z,Buy,562.28837801,574.86762485,7,88.05,2,102.73,1,"	35,51" 
2022-01-28T21:00:00Z,"MA",2022-02-02T20:50:00Z,Buy,352.138356,383.498232926,11,344.96,2,0,1,"	37,61" 
2022-01-28T21:00:00Z,"UNH",2022-02-02T20:50:00Z,Buy,431.26951878,437.821749657,9,58.97,2,35,1,"	38,62" 
2022-01-28T21:00:00Z,"JPM",2022-02-02T20:50:00Z,Buy,130.226594927,136.285742735,30,181.77,2,0,1,"	39,63" 
2022-01-31T15:37:13Z,"XOM",2022-02-07T20:50:00Z,Buy,64.88665367,70.16962866,62,327.54,2,64.65,1,"	41,77" 
2022-02-02T21:00:00Z,"NFLX",2022-02-03T15:30:00Z,Buy,44.8,42.948,88,-162.98,2,162.98,0,"	58,66" 
2022-02-02T21:00:00Z,"PYPL",2022-02-03T15:30:00Z,Buy,139.258072688,132.264240552,23,-160.86,2,160.86,0,"	59,67" 
2022-02-02T21:00:00Z,"META",2022-02-04T15:30:00Z,Buy,325.7247296,236.110706432,12,-1075.37,2,1075.37,0,"	60,74" 
2022-02-02T21:00:00Z,"CVX",2022-02-07T20:50:00Z,Buy,113.21532089,114.513062566,35,45.42,2,35.98,1,"	53,78" 
2022-02-02T21:00:00Z,"MS",2022-02-07T20:50:00Z,Buy,90.73333422,91.013051628,44,12.31,2,60.77,1,"	54,79" 
2022-02-02T21:00:00Z,"MSFT",2022-02-07T20:50:00Z,Buy,299.45726267,296.02234302,13,-44.65,2,153.58,0,"	55,80" 
2022-02-02T21:00:00Z,"TMO",2022-02-07T20:50:00Z,Buy,587.733662695,587.84244549,6,0.65,2,57.62,1,"	56,81" 
2022-02-02T21:00:00Z,"NVDA",2022-02-07T20:50:00Z,Buy,25.6843406525,24.2711280485,164,-231.77,2,292.49,0,"	57,82" 
2022-02-03T21:00:00Z,"QCOM",2022-02-04T15:30:00Z,Buy,165.807366852,163.77729651,23,-46.69,2,46.69,0,"	64,75" 
2022-02-03T21:00:00Z,"MRK",2022-02-04T15:30:00Z,Buy,72.2393034,69.86080002,55,-130.82,2,130.82,0,"	65,76" 
2022-02-04T21:00:00Z,"PYPL",2022-02-09T15:30:00Z,Buy,124.053222224,119.982632336,32,-130.26,2,185.81,0,"	73,85" 
2022-02-04T21:00:00Z,"COP",2022-02-09T20:50:00Z,Buy,77.7711604,77.204783471,51,-28.89,2,69.41,0,"	68,86" 
2022-02-04T21:00:00Z,"AAPL",2022-02-09T20:50:00Z,Buy,167.840775936,171.079774119,23,74.5,2,16.43,1,"	69,87" 
2022-02-04T21:00:00Z,"GS",2022-02-09T20:50:00Z,Buy,327.252755696,334.41821488,12,85.99,2,0,1,"	70,88" 
2022-02-04T21:00:00Z,"PG",2022-02-09T20:50:00Z,Buy,147.13150426,144.467387285,26,-69.27,2,69.27,0,"	71,89" 
2022-02-04T21:00:00Z,"NFLX",2022-02-09T20:50:00Z,Buy,40.77,40.353,97,-40.45,2,78.28,0,"	72,90" 
2022-02-08T21:00:00Z,"NVDA",2022-02-14T15:30:00Z,Buy,24.2930847415,23.9018563935,161,-62.99,2,442.84,0,"	83,100" 
2022-02-09T21:00:00Z,"MSFT",2022-02-14T15:30:00Z,Buy,299.89267502,285.47568832,13,-187.42,2,203.4,0,"	84,101" 
2022-02-10T17:21:55Z,"MRK",2022-02-15T20:50:00Z,Buy,67.65913704,67.60608492,59,-3.13,2,9.39,0,"	95,108" 
2022-02-10T21:00:00Z,"UBER",2022-02-11T15:30:00Z,Buy,40.99,37.75,99,-320.76,2,320.76,0,"	91,97" 
2022-02-10T21:00:00Z,"GS",2022-02-14T15:30:00Z,Buy,336.397074352,328.056949728,11,-91.74,2,91.74,0,"	92,102" 
2022-02-10T21:00:00Z,"NFLX",2022-02-14T15:30:00Z,Buy,40.21,39.131,96,-103.58,2,143.62,0,"	93,103" 
2022-02-10T21:00:00Z,"META",2022-02-14T15:30:00Z,Buy,226.726259192,218.02702556,17,-147.89,2,147.89,0,"	94,104" 
2022-02-11T21:00:00Z,"KO",2022-02-16T20:50:00Z,Buy,54.810233664,54.055882974,72,-54.31,2,93.93,0,"	96,112" 
2022-02-14T21:00:00Z,"AXP",2022-02-17T20:50:00Z,Buy,183.58647849,189.439932735,21,122.92,2,0,1,"	98,114" 
2022-02-14T21:00:00Z,"UNH",2022-02-22T20:50:00Z,Buy,444.467450304,437.260931037,8,-57.65,2,91.53,0,"	99,120" 
2022-02-15T16:23:36Z,"NVDA",2022-02-22T20:50:00Z,Buy,24.2192304105,23.595460723,162,-101.05,2,463.86,0,"	107,122" 
2022-02-15T21:00:00Z,"GS",2022-02-18T15:30:00Z,Buy,328.987646192,315.406706528,12,-162.97,2,162.97,0,"	105,115" 
2022-02-15T21:00:00Z,"NFLX",2022-02-22T20:50:00Z,Buy,40.379,39.129,99,-123.75,2,205.82,0,"	106,121" 
2022-02-16T16:35:24Z,"MRK",2022-02-22T20:50:00Z,Buy,68.80859964,67.52650674,57,-73.08,2,74.59,0,"	111,124" 
2022-02-16T21:00:00Z,"MSFT",2022-02-18T15:30:00Z,Buy,289.110437848,281.887040028,13,-93.9,2,110.54,0,"	110,116" 
2022-02-16T21:00:00Z,"PG",2022-02-22T20:50:00Z,Buy,141.920672075,144.40417095,27,67.05,2,0,1,"	109,123" 
2022-02-17T21:00:00Z,"MS",2022-02-18T15:30:00Z,Buy,87.446654676,84.028857597,44,-150.38,2,150.38,0,"	113,117" 
2022-02-22T21:00:00Z,"MS",2022-02-24T20:50:00Z,Buy,82.630270557,81.764894826,46,-39.81,2,48.65,0,"	118,127" 
2022-02-22T21:00:00Z,"GS",2022-02-24T20:50:00Z,Buy,309.443020448,308.295462672,12,-13.77,2,33.4,0,"	119,128" 
2022-02-24T16:52:27Z,"NFLX",2022-03-01T20:50:00Z,Buy,36.746,39.452,106,286.84,2,0,1,"	126,135" 
2022-02-24T21:00:00Z,"UBER",2022-03-01T20:50:00Z,Buy,30,36.03,120,723.6,2,0,1,"	125,134" 
2022-02-25T18:57:52Z,"MSFT",2022-03-02T20:50:00Z,Buy,285.629632724,285.97868282,13,4.54,2,48.4,1,"	132,141" 
2022-02-25T21:00:00Z,"MS",2022-03-02T15:30:00Z,Buy,80.479942983,76.598863947,49,-190.17,2,296.4,0,"	129,137" 
2022-02-25T21:00:00Z,"BLK",2022-03-02T20:50:00Z,Buy,665.739780615,646.528704003,5,-96.06,2,163.08,0,"	130,139" 
2022-02-25T21:00:00Z,"GS",2022-03-02T20:50:00Z,Buy,307.391873872,298.30596864,12,-109.03,2,216.7,0,"	131,140" 
2022-02-28T21:00:00Z,"SQ",2022-03-03T20:50:00Z,Buy,119.91,124.26,33,143.55,2,107.25,1,"	133,144" 
2022-03-02T15:31:22Z,"MS",2022-03-07T20:50:00Z,Buy,76.598863947,75.488735484,51,-56.62,2,91.39,0,"	138,155" 
2022-03-02T21:00:00Z,"QCOM",2022-03-07T20:50:00Z,Buy,151.577293749,148.996981182,26,-67.09,2,166.88,0,"	136,154" 
2022-03-03T16:50:53Z,"NVDA",2022-03-07T15:30:00Z,Buy,24.176442752,22.8947518976,163,-208.92,2,208.92,0,"	143,152" 
2022-03-03T21:00:00Z,"MRK",2022-03-08T20:50:00Z,Buy,67.88018754,68.73786348,58,49.75,2,4.62,1,"	142,160" 
2022-03-04T21:00:00Z,"MCD",2022-03-08T15:30:00Z,Buy,215.28801586,205.84588099,18,-169.96,2,189.61,0,"	145,156" 
2022-03-04T21:00:00Z,"AMZN",2022-03-08T15:30:00Z,Buy,146.813764986,137.130535262,26,-251.76,2,251.76,0,"	147,157" 
2022-03-04T21:00:00Z,"COST",2022-03-09T20:50:00Z,Buy,494.857304478,499.043333664,7,29.3,2,34.44,1,"	146,163" 
2022-03-04T21:00:00Z,"HD",2022-03-09T20:50:00Z,Buy,291.619555695,286.277942262,13,-69.44,2,88.36,0,"	148,164" 
2022-03-07T17:20:55Z,"UBER",2022-03-08T15:30:00Z,Buy,29.83,28.57,131,-165.06,2,165.06,0,"	153,159" 
2022-03-07T21:00:00Z,"JPM",2022-03-08T15:30:00Z,Buy,118.83864302,116.503346469,32,-74.73,2,74.73,0,"	150,158" 
2022-03-07T21:00:00Z,"BLK",2022-03-09T15:30:00Z,Buy,633.7075128,603.542670991,6,-180.99,2,180.99,0,"	149,162" 
2022-03-07T21:00:00Z,"GS",2022-03-11T20:50:00Z,Buy,297.051665664,299.85112448,13,36.39,2,64.4,1,"	151,169" 
2022-03-09T21:00:00Z,"MS",2022-03-14T19:50:00Z,Buy,75.383841456,74.4529069575,53,-49.34,2,103.08,0,"	161,171" 
2022-03-10T21:00:00Z,"BLK",2022-03-15T19:50:00Z,Buy,620.541692922,635.100576729,6,87.35,2,55.5,1,"	165,174" 
2022-03-11T21:00:00Z,"SQ",2022-03-14T14:30:00Z,Buy,109.68,101.93,35,-271.25,2,271.25,0,"	168,170" 
2022-03-11T21:00:00Z,"MSFT",2022-03-15T14:30:00Z,Buy,279.67638942,268.031690384,14,-163.03,2,163.03,0,"	166,173" 
2022-03-11T21:00:00Z,"JPM",2022-03-16T19:50:00Z,Buy,119.451771072,119.451771072,32,0,2,103.58,0,"	167,178" 
2022-03-15T20:00:00Z,"MS",2022-03-21T19:50:00Z,Buy,74.955524175,82.909987965,52,413.63,2,0,1,"	172,181" 
2022-03-16T20:00:00Z,"GS",2022-03-21T19:50:00Z,Buy,304.550216064,313.921131776,12,112.45,2,0,1,"	175,182" 
2022-03-16T20:00:00Z,"NVDA",2022-03-21T19:50:00Z,Buy,23.467719616,26.4054269248,169,496.47,2,0,1,"	176,183" 
2022-03-16T20:00:00Z,"MSFT",2022-03-21T19:50:00Z,Buy,280.316314596,291.292000948,13,142.68,2,0,1,"	177,184" 
2022-03-18T20:00:00Z,"JPM",2022-03-23T19:50:00Z,Buy,126.403561191,128.594592318,30,65.73,2,14.61,1,"	179,185" 
2022-03-21T20:00:00Z,"BLK",2022-03-24T19:50:00Z,Buy,673.660222084,670.546314478,5,-15.57,2,47.39,0,"	180,186" 
2022-03-25T20:00:00Z,"MS",2022-03-30T19:50:00Z,Buy,80.838330912,80.287637265,48,-26.43,2,50.77,0,"	187,192" 
2022-03-28T20:00:00Z,"JPM",2022-03-31T19:50:00Z,Buy,126.232246,126.719141806,30,14.61,2,17.31,1,"	188,195" 
2022-03-28T20:00:00Z,"GS",2022-04-01T19:50:00Z,Buy,307.34967488,300.03290752,12,-87.8,2,104.27,0,"	189,199" 
2022-03-30T20:00:00Z,"NVDA",2022-03-31T14:30:00Z,Buy,28.2630801024,27.640202304,137,-85.33,2,85.33,0,"	191,194" 
2022-03-30T20:00:00Z,"BLK",2022-04-04T19:50:00Z,Buy,707.048231415,700.865941168,5,-30.91,2,60.05,0,"	190,203" 
2022-03-31T20:00:00Z,"MS",2022-04-01T14:30:00Z,Buy,78.504438789,76.432781736,49,-101.51,2,101.51,0,"	193,197" 
2022-04-01T14:41:53Z,"MS",2022-04-06T19:50:00Z,Buy,76.432781736,74.570912739,51,-94.96,2,94.96,0,"	198,208" 
2022-04-01T20:00:00Z,"JPM",2022-04-04T19:50:00Z,Buy,123.88793286,122.003465759,31,-58.42,2,58.42,0,"	196,204" 
2022-04-04T15:43:06Z,"MSFT",2022-04-07T14:30:00Z,Buy,300.008557512,290.3902882,13,-125.04,2,194.99,0,"	202,212" 
2022-04-04T20:00:00Z,"GS",2022-04-07T14:30:00Z,Buy,299.942016,287.453521152,13,-162.35,2,162.35,0,"	200,211" 
2022-04-04T20:00:00Z,"XOM",2022-04-11T19:50:00Z,Buy,72.603139972,75.705242448,54,167.51,2,25.88,1,"	201,214" 
2022-04-05T16:50:49Z,"META",2022-04-07T14:30:00Z,Buy,232.267551848,221.75101256,16,-168.26,2,168.26,0,"	206,213" 
2022-04-05T20:00:00Z,"NVDA",2022-04-06T14:30:00Z,Buy,27.2019918016,25.8843656896,143,-188.42,2,188.42,0,"	205,207" 
2022-04-07T20:00:00Z,"MS",2022-04-12T19:50:00Z,Buy,72.438067503,73.460784276,53,54.2,2,1.85,1,"	209,215" 
2022-04-07T20:00:00Z,"BLK",2022-04-12T19:50:00Z,Buy,678.531393339,663.189480134,5,-76.71,2,93.37,0,"	210,216" 
2022-04-13T15:45:04Z,"MS",2022-04-18T19:50:00Z,Buy,73.364631417,74.090148444,53,38.45,2,0,1,"	220,224" 
2022-04-13T20:00:00Z,"BLK",2022-04-18T14:30:00Z,Buy,652.8279981,626.578303281,5,-131.25,2,131.25,0,"	218,221" 
2022-04-13T20:00:00Z,"GS",2022-04-18T19:50:00Z,Buy,287.03542016,292.343484928,13,69,2,3.9,1,"	217,222" 
2022-04-13T20:00:00Z,"NVDA",2022-04-18T19:50:00Z,Buy,21.6879261632,21.2197696128,181,-84.74,2,170.74,0,"	219,223" 
2022-04-19T14:33:36Z,"MS",2022-04-25T19:50:00Z,Buy,75.593629512,74.090148444,51,-76.68,2,260.35,0,"	225,238" 
2022-04-19T16:07:41Z,"BLK",2022-04-25T19:50:00Z,Buy,619.139524,603.606405942,6,-93.2,2,211.04,0,"	226,239" 
2022-04-20T15:07:57Z,"PEP",2022-04-25T19:50:00Z,Buy,153.52584611,152.859886685,25,-16.65,2,73.7,0,"	230,241" 
2022-04-20T20:00:00Z,"NVDA",2022-04-21T14:30:00Z,Buy,22.4615324032,21.4433667712,175,-178.18,2,178.18,0,"	228,231" 
2022-04-20T20:00:00Z,"MSFT",2022-04-25T14:30:00Z,Buy,280.626581348,265.694993908,14,-209.04,2,209.04,0,"	227,236" 
2022-04-20T20:00:00Z,"PG",2022-04-25T19:50:00Z,Buy,144.94602525,146.458753549,27,40.84,2,35.96,1,"	229,240" 
2022-04-25T18:38:35Z,"NVDA",2022-04-27T14:30:00Z,Buy,19.479904224,18.7542116608,198,-143.69,2,220.18,0,"	237,252" 
2022-04-25T20:00:00Z,"XOM",2022-04-26T14:30:00Z,Buy,71.4529222,71.679480246,52,11.78,2,0,1,"	233,247" 
2022-04-25T20:00:00Z,"COP",2022-04-26T14:30:00Z,Buy,79.2480621,78.106208302,47,-53.67,2,53.67,0,"	235,248" 
2022-04-25T20:00:00Z,"AXP",2022-04-28T19:50:00Z,Buy,172.34830806,170.09795511,22,-49.51,2,137.15,0,"	232,269" 
2022-04-25T20:00:00Z,"HON",2022-04-28T19:50:00Z,Buy,165.55661072026,162.21414286976,23,-76.88,2,109.71,0,"	234,270" 
2022-04-26T20:00:00Z,"PYPL",2022-04-27T14:30:00Z,Buy,86.569873672,83.50695432,44,-134.77,2,134.77,0,"	242,253" 
2022-04-26T20:00:00Z,"MS",2022-04-27T14:30:00Z,Buy,73.670572332,71.931079701,52,-90.45,2,90.45,0,"	244,254" 
2022-04-26T20:00:00Z,"BLK",2022-04-27T14:30:00Z,Buy,603.351466138,589.138572065,6,-85.28,2,85.28,0,"	246,255" 
2022-04-26T20:00:00Z,"KO",2022-05-02T19:50:00Z,Buy,58.592229696,57.778448728,65,-52.9,2,91.84,0,"	243,277" 
2022-04-26T20:00:00Z,"PG",2022-05-02T19:50:00Z,Buy,147.57578875,145.877531981,26,-44.15,2,74.14,0,"	245,278" 
2022-04-27T14:02:27Z,"RTX",2022-05-02T14:30:00Z,Buy,91.088626993,87.158197277,42,-165.08,2,165.08,0,"	251,273" 
2022-04-27T14:42:39Z,"MS",2022-05-02T19:50:00Z,Buy,71.931079701,71.014789035,53,-48.56,2,133.64,0,"	256,281" 
2022-04-27T15:14:53Z,"BLK",2022-05-02T14:30:00Z,Buy,589.138572065,568.770702724,6,-122.21,2,143.62,0,"	257,274" 
2022-04-27T20:00:00Z,"JPM",2022-05-02T19:50:00Z,Buy,110.863177715,108.419736928,34,-83.08,2,122.92,0,"	249,279" 
2022-04-27T20:00:00Z,"MSFT",2022-05-02T19:50:00Z,Buy,273.655275264,269.078840672,14,-64.07,2,164.38,0,"	250,280" 
2022-04-28T16:11:06Z,"XOM",2022-05-03T19:50:00Z,Buy,73.762071515,75.321836524,51,79.55,2,95.99,1,"	268,296" 
2022-04-28T20:00:00Z,"NFLX",2022-05-03T19:50:00Z,Buy,19.156,19.946,203,160.37,2.03,185.95,1,"	258,286" 
2022-04-28T20:00:00Z,"PYPL",2022-05-03T19:50:00Z,Buy,84.803956,91.318895208,46,299.69,2,190.92,1,"	259,287" 
2022-04-28T20:00:00Z,"GOOGL",2022-05-03T19:50:00Z,Buy,115.547958921,115.708744083,33,5.31,2,144.54,1,"	260,288" 
2022-04-28T20:00:00Z,"GS",2022-05-03T19:50:00Z,Buy,288.235188224,282.145456384,13,-79.17,2,152.66,0,"	261,289" 
2022-04-28T20:00:00Z,"QCOM",2022-05-03T19:50:00Z,Buy,131.21945403,133.395731889,30,65.29,2,234.16,1,"	262,290" 
2022-04-28T20:00:00Z,"META",2022-05-03T19:50:00Z,Buy,201.64148276,209.665433416,22,176.53,2,114.92,1,"	263,291" 
2022-04-28T20:00:00Z,"TMO",2022-05-03T19:50:00Z,Buy,552.23347604,539.785711968,7,-87.13,2,92.61,0,"	264,292" 
2022-04-28T20:00:00Z,"MRK",2022-05-03T19:50:00Z,Buy,76.476921056,78.18969008,50,85.64,2,47.28,1,"	265,293" 
2022-04-28T20:00:00Z,"MCD",2022-05-03T19:50:00Z,Buy,229.34569382,226.31760392,16,-48.45,2,110.85,0,"	266,294" 
2022-04-28T20:00:00Z,"MA",2022-05-03T19:50:00Z,Buy,361.570106861,351.686753088,10,-98.83,2,193.85,0,"	267,295" 
2022-04-29T20:00:00Z,"AAPL",2022-05-02T14:30:00Z,Buy,158.368418712,154.268297145,24,-98.4,2,98.4,0,"	271,275" 
2022-04-29T20:00:00Z,"CMCSA",2022-05-02T14:30:00Z,Buy,32.272067332002,31.144111580593,119,-134.23,2,134.23,0,"	272,276" 
2022-05-03T17:32:39Z,"RTX",2022-05-09T19:50:00Z,Buy,86.524553234,87.51634391,44,43.64,2,99.4,1,"	285,320" 
2022-05-03T20:00:00Z,"MS",2022-05-06T19:50:00Z,Buy,72.73395525,74.911565789,52,113.24,2,102.69,1,"	282,315" 
2022-05-03T20:00:00Z,"PG",2022-05-09T19:50:00Z,Buy,143.316524447,141.6727572,26,-42.74,2,73.67,0,"	283,318" 
2022-05-03T20:00:00Z,"BLK",2022-05-09T19:50:00Z,Buy,574.078913643,572.358069966,6,-10.33,2,200,0,"	284,319" 
2022-05-04T17:34:54Z,"MSFT",2022-05-09T19:50:00Z,Buy,273.209266808,266.373702428,14,-95.7,2,207.01,0,"	301,324" 
2022-05-04T17:34:54Z,"MRK",2022-05-09T19:50:00Z,Buy,77.69905312,78.867661152,49,57.26,2,22.29,1,"	302,325" 
2022-05-04T20:00:00Z,"NVDA",2022-05-06T14:30:00Z,Buy,19.86421184,18.8101109504,195,-205.55,2,290.03,0,"	299,310" 
2022-05-04T20:00:00Z,"XOM",2022-05-09T19:50:00Z,Buy,77.98825045,79.913993841,49,94.36,2,57.21,1,"	297,321" 
2022-05-04T20:00:00Z,"JPM",2022-05-09T19:50:00Z,Buy,111.54443444,112.380109356,34,28.41,2,104.39,1,"	298,322" 
2022-05-04T20:00:00Z,"QCOM",2022-05-09T19:50:00Z,Buy,133.184531928,129.089089206,28,-114.67,2,217.77,0,"	300,323" 
2022-05-05T16:13:37Z,"NFLX",2022-05-06T14:30:00Z,Buy,20.401,18.832,189,-296.54,2,296.54,0,"	305,313" 
2022-05-05T16:13:37Z,"MCD",2022-05-10T19:50:00Z,Buy,233.36479496,227.09756647,16,-100.28,2,100.28,0,"	306,334" 
2022-05-05T20:00:00Z,"GS",2022-05-06T14:30:00Z,Buy,291.3073216,284.554081664,13,-87.79,2,87.79,0,"	303,311" 
2022-05-05T20:00:00Z,"UBER",2022-05-06T14:30:00Z,Buy,27.87,26.83,137,-142.48,2,142.48,0,"	304,312" 
2022-05-06T16:48:30Z,"SQ",2022-05-10T14:30:00Z,Buy,95.63,83.85,39,-459.42,2,481.26,0,"	314,330" 
2022-05-06T20:00:00Z,"META",2022-05-10T14:30:00Z,Buy,205.86200136,194.848930472,18,-198.24,2,198.24,0,"	307,328" 
2022-05-06T20:00:00Z,"COP",2022-05-10T14:30:00Z,Buy,88.766350849,82.82700684,43,-255.39,2,384.37,0,"	308,329" 
2022-05-06T20:00:00Z,"UNH",2022-05-11T19:50:00Z,Buy,454.679269137,457.491660237,8,22.5,2,99,1,"	309,340" 
2022-05-09T20:00:00Z,"MS",2022-05-10T14:30:00Z,Buy,72.636976643,71.543763255,51,-55.75,2,55.75,0,"	316,331" 
2022-05-09T20:00:00Z,"GS",2022-05-12T14:30:00Z,Buy,280.782083584,274.08337856,13,-87.08,2,87.08,0,"	317,344" 
2022-05-10T14:38:08Z,"MS",2022-05-13T14:30:00Z,Buy,71.543763255,69.322071531,52,-115.53,2,115.53,0,"	332,352" 
2022-05-10T16:04:51Z,"RTX",2022-05-16T19:50:00Z,Buy,84.256291225,84.412406424,44,6.87,2,30.3,1,"	333,356" 
2022-05-10T20:00:00Z,"MSFT",2022-05-13T14:30:00Z,Buy,263.406776612,247.58317226,14,-221.53,2,221.53,0,"	327,351" 
2022-05-10T20:00:00Z,"BLK",2022-05-16T19:50:00Z,Buy,560.41231915,560.257534269,6,-0.93,2,82.76,0,"	326,355" 
2022-05-11T14:29:46Z,"NKE",2022-05-16T19:50:00Z,Buy,102.961450719,106.271564031,36,119.16,2,53.83,1,"	339,359" 
2022-05-11T20:00:00Z,"AMZN",2022-05-12T14:30:00Z,Buy,107.849889189,105.124797288,34,-92.65,2,92.65,0,"	335,345" 
2022-05-11T20:00:00Z,"NFLX",2022-05-12T14:30:00Z,Buy,17.631,16.637,211,-209.73,2.11,209.73,0,"	338,346" 
2022-05-11T20:00:00Z,"XOM",2022-05-16T19:50:00Z,Buy,75.330550295,78.197306607,50,143.34,2,0,1,"	336,357" 
2022-05-11T20:00:00Z,"JPM",2022-05-16T19:50:00Z,Buy,108.565071696,108.174484507,34,-13.28,2,45.71,0,"	337,358" 
2022-05-12T14:30:53Z,"GS",2022-05-17T19:50:00Z,Buy,274.08337856,275.801228288,13,22.33,2,41.95,1,"	347,366" 
2022-05-12T20:00:00Z,"DIS",2022-05-17T19:50:00Z,Buy,100.28826986,102.77960048,36,89.69,2,74.21,1,"	341,363" 
2022-05-12T20:00:00Z,"COST",2022-05-17T19:50:00Z,Buy,464.927676952,472.320064264,7,51.75,2,18.32,1,"	342,364" 
2022-05-12T20:00:00Z,"MRK",2022-05-17T19:50:00Z,Buy,80.15223792,82.364564576,46,101.77,2,18.88,1,"	343,365" 
2022-05-13T15:21:19Z,"MS",2022-05-18T19:50:00Z,Buy,69.322071531,73.104237204,53,200.45,2,29.9,1,"	353,371" 
2022-05-13T15:30:47Z,"SQ",2022-05-18T19:50:00Z,Buy,75.75,84.79,49,442.96,2,215.6,1,"	354,372" 
2022-05-13T20:00:00Z,"NVDA",2022-05-18T19:50:00Z,Buy,16.76978688,18.1443104832,230,316.14,2.3,101.48,1,"	348,368" 
2022-05-13T20:00:00Z,"UNH",2022-05-18T19:50:00Z,Buy,450.901290426,461.728996161,8,86.62,2,0,1,"	349,369" 
2022-05-13T20:00:00Z,"UBER",2022-05-18T19:50:00Z,Buy,23.88,24.2,159,50.88,2,127.2,1,"	350,370" 
2022-05-17T14:07:51Z,"MSFT",2022-05-23T14:30:00Z,Buy,253.5461114,245.448390264,14,-113.37,2,185.58,0,"	361,382" 
2022-05-17T14:30:58Z,"BLK",2022-05-23T19:50:00Z,Buy,545.02488098,546.700199692,6,10.05,2,108.5,1,"	362,383" 
2022-05-17T20:00:00Z,"PG",2022-05-19T14:30:00Z,Buy,140.628374695,131.819235305,26,-229.04,2,229.04,0,"	360,376" 
2022-05-18T20:00:00Z,"JPM",2022-05-20T14:30:00Z,Buy,110.18192099,107.465977513,34,-92.34,2,92.34,0,"	367,380" 
2022-05-19T14:31:58Z,"MS",2022-05-24T19:50:00Z,Buy,71.199930012,72.575262984,53,72.89,2,65.88,1,"	377,388" 
2022-05-19T20:00:00Z,"XOM",2022-05-23T19:50:00Z,Buy,78.3469581,80.882230452,47,119.16,2,0,1,"	375,384" 
2022-05-19T20:00:00Z,"NVDA",2022-05-24T19:50:00Z,Buy,16.9065404992,16.8676106368,223,-8.68,2.23,95.72,0,"	373,386" 
2022-05-19T20:00:00Z,"GS",2022-05-24T19:50:00Z,Buy,276.146616064,287.771641472,13,151.13,2,16.54,1,"	374,387" 
2022-05-20T20:00:00Z,"COST",2022-05-25T19:50:00Z,Buy,409.580280992,418.051918648,9,76.24,2,106.67,1,"	378,393" 
2022-05-20T20:00:00Z,"UPS",2022-05-25T19:50:00Z,Buy,142.832380551,147.163192728,26,112.6,2,1.54,1,"	379,394" 
2022-05-23T20:00:00Z,"GOOGL",2022-05-26T19:50:00Z,Buy,108.7657033375,105.011568305,34,-127.64,2,191.77,0,"	381,398" 
2022-05-24T20:00:00Z,"RTX",2022-05-31T19:50:00Z,Buy,84.25157232,89.341771481,44,223.97,2,0,1,"	385,403" 
2022-05-25T13:37:35Z,"PYPL",2022-05-31T19:50:00Z,Buy,78.46860164,85.013471656,48,314.15,2,0,1,"	391,406" 
2022-05-25T16:51:29Z,"NVDA",2022-05-31T19:50:00Z,Buy,16.1249486464,18.7771702976,235,623.27,2.35,0,1,"	392,407" 
2022-05-25T20:00:00Z,"MS",2022-05-31T19:50:00Z,Buy,72.055105001,76.234001339,52,217.3,2,0,1,"	389,404" 
2022-05-25T20:00:00Z,"INTU",2022-05-31T19:50:00Z,Buy,363.582087334,411.967387912,10,483.85,2,0,1,"	390,405" 
2022-05-26T14:34:21Z,"BLK",2022-05-31T19:50:00Z,Buy,570.51886138,606.875098429,6,218.14,2,0,1,"	397,410" 
2022-05-26T20:00:00Z,"AMZN",2022-05-31T19:50:00Z,Buy,107.9960455,114.876366311,35,240.81,2,0,1,"	395,408" 
2022-05-26T20:00:00Z,"GS",2022-05-31T19:50:00Z,Buy,289.30770816,298.651356416,13,121.47,2,0,1,"	396,409" 
2022-05-27T20:00:00Z,"COST",2022-06-01T19:50:00Z,Buy,435.921630096,445.281500336,8,74.88,2,34.69,1,"	399,412" 
2022-05-27T20:00:00Z,"JPM",2022-06-01T19:50:00Z,Buy,118.229833768,120.110102329,32,60.17,2,0,1,"	400,413" 
2022-05-31T20:00:00Z,"HD",2022-06-02T14:30:00Z,Buy,278.78549328,271.935774527,13,-89.05,2,89.05,0,"	401,414" 
2022-05-31T20:00:00Z,"XOM",2022-06-03T19:50:00Z,Buy,86.929911375,85.987987272,45,-42.39,2,105.77,0,"	402,417" 
2022-06-01T20:00:00Z,"MS",2022-06-06T19:50:00Z,Buy,76.207552628,74.162185644,51,-104.31,2,104.31,0,"	411,418" 
2022-06-02T15:26:28Z,"BLK",2022-06-07T19:50:00Z,Buy,601.393892643,619.299003654,6,107.43,2,54.31,1,"	415,419" 
2022-06-03T20:00:00Z,"JPM",2022-06-08T19:50:00Z,Buy,119.001924723,118.148082961,32,-27.32,2,37.21,0,"	416,422" 
2022-06-08T15:30:37Z,"MS",2022-06-10T14:30:00Z,Buy,75.211317847,71.552579492,51,-186.6,2,186.6,0,"	421,424" 
2022-06-08T20:00:00Z,"COST",2022-06-13T19:50:00Z,Buy,450.591794064,442.502191928,8,-64.72,2,66.78,0,"	420,428" 
2022-06-09T20:00:00Z,"BLK",2022-06-13T14:30:00Z,Buy,605.938049937,566.414569827,6,-237.14,2,237.14,0,"	423,426" 
2022-06-10T15:21:54Z,"MS",2022-06-13T14:30:00Z,Buy,71.552579492,68.23767438,54,-179,2,179,0,"	425,427" 
2022-06-14T20:00:00Z,"MSFT",2022-06-21T19:50:00Z,Buy,236.808715773,240.676646535,16,61.89,2,105.58,1,"	429,441" 
2022-06-14T20:00:00Z,"JPM",2022-06-21T19:50:00Z,Buy,104.958952765,102.669930169,36,-82.4,2,82.4,0,"	430,442" 
2022-06-14T20:00:00Z,"ORCL",2022-06-21T19:50:00Z,Buy,68.465800849,64.458557396,63,-252.46,2,252.46,0,"	431,443" 
2022-06-15T16:56:07Z,"MS",2022-06-21T19:50:00Z,Buy,66.112961263,64.261551493,58,-107.38,2,158.52,0,"	432,444" 
2022-06-16T20:00:00Z,"NVDA",2022-06-17T14:30:00Z,Buy,15.8328270108,15.5762349726,233,-59.79,2.33,59.79,0,"	433,436" 
2022-06-16T20:00:00Z,"COST",2022-06-21T19:50:00Z,Buy,429.78996,426.628616072,8,-25.29,2,38.74,0,"	434,445" 
2022-06-17T20:00:00Z,"ADBE",2022-06-22T19:50:00Z,Buy,349.79,362.99,10,132,2,0,1,"	435,447" 
2022-06-21T20:00:00Z,"GS",2022-06-24T19:50:00Z,Buy,263.160312478,261.697142238,15,-21.95,2,44.31,0,"	437,450" 
2022-06-21T20:00:00Z,"XOM",2022-06-24T19:50:00Z,Buy,77.977230882,75.00180708,50,-148.77,2,277.74,0,"	439,451" 
2022-06-21T20:00:00Z,"GOOGL",2022-06-27T19:50:00Z,Buy,108.0511026175,117.090305475,36,325.41,2,2.02,1,"	438,454" 
2022-06-21T20:00:00Z,"NVDA",2022-06-27T19:50:00Z,Buy,16.4308761582,17.0988141876,242,161.64,2.42,82.39,1,"	440,455" 
2022-06-22T14:36:01Z,"META",2022-06-27T19:50:00Z,Buy,155.96057556,168.979634112,24,312.46,2,28.6,1,"	446,456" 
2022-06-23T20:00:00Z,"MSFT",2022-06-28T19:50:00Z,Buy,248.393071221,257.431200891,15,135.57,2,40.96,1,"	448,458" 
2022-06-24T20:00:00Z,"AMZN",2022-06-29T14:30:00Z,Buy,112.0864269,107.1480396,34,-167.91,2,307.32,0,"	449,460" 
2022-06-27T20:00:00Z,"MS",2022-06-30T19:50:00Z,Buy,69.11929808,68.863627207,56,-14.32,2,47.4,0,"	452,462" 
2022-06-27T20:00:00Z,"GS",2022-07-05T19:50:00Z,Buy,277.142733084,273.640269322,14,-49.03,2,80.15,0,"	453,468" 
2022-06-28T20:00:00Z,"MRK",2022-07-01T14:30:00Z,Buy,84.702468822,82.157257665,45,-114.53,2,114.53,0,"	457,464" 
2022-06-29T17:14:56Z,"NKE",2022-07-05T19:50:00Z,Buy,96.89101434,95.38268954,39,-58.82,2,76.1,0,"	461,469" 
2022-06-29T20:00:00Z,"QCOM",2022-07-05T14:30:00Z,Buy,120.002311,114.029888291,31,-185.15,2,191.73,0,"	459,467" 
2022-07-01T20:00:00Z,"BLK",2022-07-06T19:50:00Z,Buy,556.859241225,569.211475032,6,74.11,2,0,1,"	463,471" 
2022-07-05T20:00:00Z,"XOM",2022-07-06T14:30:00Z,Buy,76.005352386,74.667291978,49,-65.56,2,65.56,0,"	465,470" 
2022-07-05T20:00:00Z,"MS",2022-07-07T19:50:00Z,Buy,66.174674922,66.518508165,56,19.25,2,32.58,1,"	466,475" 
2022-07-07T20:00:00Z,"MSFT",2022-07-12T19:50:00Z,Buy,257.557540338,257.061900969,14,-6.94,2,52.93,0,"	472,480" 
2022-07-07T20:00:00Z,"JPM",2022-07-12T19:50:00Z,Buy,104.0088122,103.422330792,37,-21.7,2,63.07,0,"	473,481" 
2022-07-07T20:00:00Z,"XOM",2022-07-12T19:50:00Z,Buy,75.160261602,75.371534298,52,10.99,2,21.06,1,"	474,482" 
2022-07-08T20:00:00Z,"PEP",2022-07-13T19:50:00Z,Buy,152.510372483,151.55366205,25,-23.92,2,53.2,0,"	476,485" 
2022-07-11T15:32:26Z,"META",2022-07-12T14:30:00Z,Buy,169.694639616,161.750134016,22,-174.78,2,174.78,0,"	478,479" 
2022-07-11T20:00:00Z,"MS",2022-07-12T19:50:00Z,Buy,66.879973882,66.835892697,56,-2.47,2,2.47,0,"	477,483" 
2022-07-13T14:48:42Z,"NVDA",2022-07-18T19:50:00Z,Buy,15.0580588332,15.7369794012,255,173.12,2.55,0,1,"	484,497" 
2022-07-14T20:00:00Z,"JPM",2022-07-15T14:30:00Z,Buy,98.776298388,98.9687376,37,7.12,2,0,1,"	486,491" 
2022-07-14T20:00:00Z,"MS",2022-07-19T19:50:00Z,Buy,65.248970037,69.551293693,58,249.53,2,0,1,"	487,502" 
2022-07-14T20:00:00Z,"PEP",2022-07-19T19:50:00Z,Buy,150.471774551,150.444950894,25,-0.67,2,63.93,0,"	488,503" 
2022-07-14T20:00:00Z,"MSFT",2022-07-19T19:50:00Z,Buy,243.815695872,247.090803075,15,49.13,2,36.01,1,"	489,504" 
2022-07-15T16:58:52Z,"MRK",2022-07-20T19:50:00Z,Buy,84.441652131,83.020650849,45,-63.95,2,106.44,0,"	492,511" 
2022-07-15T20:00:00Z,"AAPL",2022-07-20T19:50:00Z,Buy,146.90006629,147.9780521,26,28.03,2,78.99,1,"	490,510" 
2022-07-18T20:00:00Z,"NFLX",2022-07-21T19:50:00Z,Buy,19.25,21.644,204,488.38,2.04,32.23,1,"	493,515" 
2022-07-18T20:00:00Z,"JPM",2022-07-21T19:50:00Z,Buy,105.310067824,104.961844488,37,-12.88,2,106.13,0,"	494,516" 
2022-07-18T20:00:00Z,"GS",2022-07-21T19:50:00Z,Buy,279.8313084,293.96004603,14,197.8,2,60.68,1,"	495,517" 
2022-07-18T20:00:00Z,"BLK",2022-07-21T19:50:00Z,Buy,555.217778826,582.058898613,7,187.89,2,50.9,1,"	496,518" 
2022-07-19T15:38:07Z,"MCD",2022-07-25T19:50:00Z,Buy,232.90503117,234.353652115,16,23.18,2,44.73,1,"	501,530" 
2022-07-19T20:00:00Z,"XOM",2022-07-22T19:50:00Z,Buy,76.251837198,77.281791591,50,51.5,2,64.26,1,"	500,522" 
2022-07-19T20:00:00Z,"GOOGL",2022-07-25T19:50:00Z,Buy,110.01873585,107.0908579,35,-102.48,2,223.71,0,"	498,528" 
2022-07-19T20:00:00Z,"AMZN",2022-07-25T19:50:00Z,Buy,115.40861472,122.13280268,33,221.9,2,72.76,1,"	499,529" 
2022-07-20T15:42:39Z,"QCOM",2022-07-25T19:50:00Z,Buy,136.036465939,141.87965539,28,163.61,2,55.83,1,"	508,534" 
2022-07-20T15:43:02Z,"META",2022-07-25T14:30:00Z,Buy,174.560649296,168.095807864,22,-142.23,2,303.68,0,"	509,524" 
2022-07-20T20:00:00Z,"MSFT",2022-07-25T19:50:00Z,Buy,252.48452562,253.028757084,15,8.16,2,65.31,1,"	505,531" 
2022-07-20T20:00:00Z,"MS",2022-07-25T19:50:00Z,Buy,71.825882839,72.672241591,54,45.7,2,28.56,1,"	506,532" 
2022-07-20T20:00:00Z,"COP",2022-07-25T19:50:00Z,Buy,75.692948175,76.020735301,50,16.39,2,111.28,1,"	507,533" 
2022-07-21T20:00:00Z,"LMT",2022-07-26T19:50:00Z,Buy,358.773353256,363.650166944,10,48.77,2,4.91,1,"	512,539" 
2022-07-21T20:00:00Z,"UPS",2022-07-26T19:50:00Z,Buy,157.825601655,158.686698813,24,20.67,2,0.2,1,"	513,540" 
2022-07-21T20:00:00Z,"PEP",2022-07-26T19:50:00Z,Buy,150.203537981,151.866604715,26,43.24,2,0,1,"	514,541" 
2022-07-22T16:00:16Z,"ISRG",2022-07-25T14:30:00Z,Buy,224.75,211.85,17,-219.3,2,219.3,0,"	521,525" 
2022-07-22T20:00:00Z,"NFLX",2022-07-27T14:30:00Z,Buy,22.2,21.391,175,-141.58,2,141.58,0,"	520,546" 
2022-07-22T20:00:00Z,"JPM",2022-07-27T19:50:00Z,Buy,105.603308528,103.935502024,37,-61.71,2,61.71,0,"	519,551" 
2022-07-25T15:35:58Z,"META",2022-07-27T14:30:00Z,Buy,168.095807864,158.04600828,23,-231.15,2,231.15,0,"	526,547" 
2022-07-25T17:59:36Z,"V",2022-08-01T19:50:00Z,Buy,207.66145773,206.116386519,18,-27.81,2,66.47,0,"	527,565" 
2022-07-25T20:00:00Z,"XOM",2022-08-01T19:50:00Z,Buy,77.510670345,85.362972213,50,392.62,2,16.73,1,"	523,564" 
2022-07-26T14:07:06Z,"RTX",2022-07-27T14:30:00Z,Buy,87.364815727,83.364713664,44,-176,2,176,0,"	537,548" 
2022-07-26T16:16:40Z,"TMO",2022-08-01T19:50:00Z,Buy,561.804526384,592.466950926,6,183.97,2,0,1,"	538,568" 
2022-07-26T20:00:00Z,"MS",2022-08-01T19:50:00Z,Buy,72.11681866,75.034475161,53,154.64,2,49.06,1,"	535,566" 
2022-07-26T20:00:00Z,"MCD",2022-08-01T19:50:00Z,Buy,230.15541944,243.008470245,16,205.65,2,1.33,1,"	536,567" 
2022-07-27T15:33:06Z,"LMT",2022-08-01T19:50:00Z,Buy,360.984296775,376.688364733,10,157.04,2,0,1,"	549,572" 
2022-07-27T15:40:14Z,"RTX",2022-08-01T19:50:00Z,Buy,83.364713664,86.108432631,46,126.21,2,0,1,"	550,573" 
2022-07-27T20:00:00Z,"QCOM",2022-08-01T14:30:00Z,Buy,140.015004096,133.904117182,28,-171.1,2,216.08,0,"	545,563" 
2022-07-27T20:00:00Z,"MSFT",2022-08-01T19:50:00Z,Buy,253.6507359,272.834895006,15,287.76,2,0,1,"	542,569" 
2022-07-27T20:00:00Z,"PEP",2022-08-01T19:50:00Z,Buy,152.438842731,156.435567624,25,99.92,2,0,1,"	543,570" 
2022-07-27T20:00:00Z,"PYPL",2022-08-01T19:50:00Z,Buy,82.8085688,86.330427208,50,176.09,2,27.94,1,"	544,571" 
2022-07-28T15:44:46Z,"UBER",2022-08-02T19:50:00Z,Buy,23.09,24.6,168,253.68,2,0,1,"	557,582" 
2022-07-28T15:45:09Z,"LLY",2022-08-02T19:50:00Z,Buy,318.751280864,314.10964824,12,-55.7,2,77.33,0,"	558,583" 
2022-07-28T15:47:45Z,"SQ",2022-08-02T19:50:00Z,Buy,72.73,77.77,53,267.12,2,0,1,"	559,584" 
2022-07-28T17:24:22Z,"GOOGL",2022-08-02T19:50:00Z,Buy,112.21216306,113.99866486,34,60.74,2,49.27,1,"	560,585" 
2022-07-28T20:00:00Z,"META",2022-07-29T14:30:00Z,Buy,159.505811184,159.605117504,23,2.28,2,0,1,"	556,561" 
2022-07-28T20:00:00Z,"KO",2022-08-02T19:50:00Z,Buy,56.673673628,58.114835068,68,98,2,0,1,"	552,578" 
2022-07-28T20:00:00Z,"JPM",2022-08-02T19:50:00Z,Buy,105.6124723,104.659440012,36,-34.31,2,37.94,0,"	553,579" 
2022-07-28T20:00:00Z,"MA",2022-08-02T19:50:00Z,Buy,340.8728556,343.360835638,11,27.37,2,35.02,1,"	554,580" 
2022-07-28T20:00:00Z,"NVDA",2022-08-02T19:50:00Z,Buy,17.946466485,18.4117267566,219,101.89,2.19,0,1,"	555,581" 
2022-07-29T14:39:32Z,"BLK",2022-08-03T19:50:00Z,Buy,605.213605638,610.880777496,6,34,2,28.78,1,"	562,591" 
2022-08-02T20:00:00Z,"XOM",2022-08-04T14:30:00Z,Buy,83.479124007,80.142776016,47,-156.81,2,156.81,0,"	577,593" 
2022-08-02T20:00:00Z,"MSFT",2022-08-08T19:50:00Z,Buy,267.985403925,274.943791929,14,97.42,2,12.65,1,"	574,601" 
2022-08-02T20:00:00Z,"MS",2022-08-08T19:50:00Z,Buy,74.162291723,76.636444741,53,131.13,2,0,1,"	575,602" 
2022-08-02T20:00:00Z,"META",2022-08-08T19:50:00Z,Buy,157.043014448,165.950791352,24,213.79,2,82.46,1,"	576,603" 
2022-08-03T14:22:45Z,"JPM",2022-08-08T19:50:00Z,Buy,103.028288596,106.079824672,38,115.96,2,43.53,1,"	588,606" 
2022-08-03T16:49:56Z,"INTU",2022-08-08T19:50:00Z,Buy,436.570572495,458.078244165,9,193.57,2,0,1,"	589,607" 
2022-08-03T17:32:43Z,"MRK",2022-08-08T19:50:00Z,Buy,78.811609077,78.451861917,50,-17.99,2,35.53,0,"	590,608" 
2022-08-03T20:00:00Z,"QCOM",2022-08-08T19:50:00Z,Buy,136.276470561,138.658054887,29,69.07,2,21.42,1,"	586,604" 
2022-08-03T20:00:00Z,"NFLX",2022-08-08T19:50:00Z,Buy,22.434,22.678,179,43.68,2,56.03,1,"	587,605" 
2022-08-04T20:00:00Z,"PG",2022-08-09T19:50:00Z,Buy,132.35535224,132.794099264,30,13.16,2,3.84,1,"	592,613" 
2022-08-05T20:00:00Z,"SQ",2022-08-09T14:30:00Z,Buy,83.7,85.51,44,79.64,2,97.68,1,"	598,612" 
2022-08-05T20:00:00Z,"ABNB",2022-08-10T14:30:00Z,Buy,115.52,114.44,33,-35.64,2,88.11,0,"	599,615" 
2022-08-05T20:00:00Z,"UBER",2022-08-10T19:50:00Z,Buy,31.27,31.06,125,-26.25,2,118.75,0,"	594,618" 
2022-08-05T20:00:00Z,"XOM",2022-08-10T19:50:00Z,Buy,76.022958444,79.75544274,51,190.36,2,0,1,"	595,619" 
2022-08-05T20:00:00Z,"BLK",2022-08-10T19:50:00Z,Buy,630.220689225,638.712276831,6,50.95,2,0,1,"	596,620" 
2022-08-05T20:00:00Z,"GS",2022-08-10T19:50:00Z,Buy,302.60189526,307.832728868,13,68,2,0,1,"	597,621" 
2022-08-08T20:00:00Z,"GOOGL",2022-08-12T19:50:00Z,Buy,117.50219339,117.94881884,34,15.19,2,59.39,1,"	600,628" 
2022-08-09T20:00:00Z,"NVDA",2022-08-10T14:30:00Z,Buy,17.217625287,17.0588776836,225,-35.72,2.25,35.72,0,"	609,616" 
2022-08-09T20:00:00Z,"MS",2022-08-12T19:50:00Z,Buy,77.108135784,80.285375451,52,165.22,2,12.96,1,"	610,629" 
2022-08-09T20:00:00Z,"RTX",2022-08-15T19:50:00Z,Buy,84.537953761,87.771292611,47,151.97,2,11.72,1,"	611,634" 
2022-08-10T15:57:56Z,"HD",2022-08-15T19:50:00Z,Buy,279.274261393,288.131686937,14,124,2,11.4,1,"	617,636" 
2022-08-10T20:00:00Z,"JPM",2022-08-15T19:50:00Z,Buy,107.976725476,111.917147436,37,145.8,2,0,1,"	614,635" 
2022-08-11T14:48:53Z,"NFLX",2022-08-16T19:50:00Z,Buy,24.411,24.911,164,82,2,23.12,1,"	627,645" 
2022-08-11T20:00:00Z,"PEP",2022-08-16T19:50:00Z,Buy,157.687338284,160.298174232,25,65.27,2,29.51,1,"	622,640" 
2022-08-11T20:00:00Z,"GS",2022-08-16T19:50:00Z,Buy,320.06849,325.41820619,12,64.2,2,0,1,"	623,641" 
2022-08-11T20:00:00Z,"DIS",2022-08-16T19:50:00Z,Buy,119.1930728,121.410845548,36,79.84,2,152.29,1,"	624,642" 
2022-08-11T20:00:00Z,"PG",2022-08-16T19:50:00Z,Buy,134.192605403,135.792203928,30,47.99,2,42.23,1,"	625,643" 
2022-08-11T20:00:00Z,"XOM",2022-08-16T19:50:00Z,Buy,81.730318395,82.059195152,49,16.11,2,72.3,1,"	626,644" 
2022-08-15T20:00:00Z,"MS",2022-08-16T19:50:00Z,Buy,80.676968015,81.905144693,49,60.18,2,0,1,"	630,646" 
2022-08-15T20:00:00Z,"MSFT",2022-08-18T19:50:00Z,Buy,282.8059929,283.717917204,14,12.77,2,20.84,1,"	631,653" 
2022-08-15T20:00:00Z,"NVDA",2022-08-18T19:50:00Z,Buy,18.6822965712,18.305895021,216,-81.3,2.16,150.31,0,"	632,654" 
2022-08-15T20:00:00Z,"GOOGL",2022-08-18T19:50:00Z,Buy,120.14224605,118.65349455,33,-49.13,2,82.86,0,"	633,655" 
2022-08-16T20:00:00Z,"JPM",2022-08-19T19:50:00Z,Buy,111.678889364,111.468122608,36,-7.59,2,65.65,0,"	637,658" 
2022-08-16T20:00:00Z,"BLK",2022-08-19T19:50:00Z,Buy,686.892407805,683.380228482,5,-17.56,2,63.5,0,"	638,659" 
2022-08-16T20:00:00Z,"CAT",2022-08-19T19:50:00Z,Buy,183.914054216,185.82550993,21,40.14,2,31.44,1,"	639,660" 
2022-08-17T20:00:00Z,"MS",2022-08-22T19:50:00Z,Buy,80.445572409,80.107378831,49,-16.57,2,75.01,0,"	647,662" 
2022-08-17T20:00:00Z,"HD",2022-08-22T19:50:00Z,Buy,301.372074088,294.015286756,13,-95.64,2,95.64,0,"	648,663" 
2022-08-17T20:00:00Z,"GS",2022-08-22T19:50:00Z,Buy,321.80600466,319.400918578,12,-28.86,2,57.61,0,"	649,664" 
2022-08-17T20:00:00Z,"XOM",2022-08-22T19:50:00Z,Buy,81.125896247,83.588027644,49,120.64,2,15.24,1,"	650,665" 
2022-08-18T20:00:00Z,"LLY",2022-08-23T19:50:00Z,Buy,307.94086575,314.20176291,13,81.39,2,0,1,"	651,669" 
2022-08-18T20:00:00Z,"PG",2022-08-23T19:50:00Z,Buy,136.075561381,136.550870657,29,13.78,2,10.07,1,"	652,670" 
2022-08-19T17:06:40Z,"NKE",2022-08-23T14:30:00Z,Buy,109.36297503,104.01784902,37,-197.77,2,197.77,0,"	657,668" 
2022-08-19T20:00:00Z,"MCD",2022-08-24T19:50:00Z,Buy,245.37977969,240.39726179,16,-79.72,2,88.58,0,"	656,673" 
2022-08-22T20:00:00Z,"JPM",2022-08-23T19:50:00Z,Buy,106.9870381,106.913727924,37,-2.71,2,2.71,0,"	661,671" 
2022-08-23T20:00:00Z,"MS",2022-08-26T19:50:00Z,Buy,78.727905026,80.071779507,51,68.54,2,7.72,1,"	666,679" 
2022-08-23T20:00:00Z,"UBER",2022-08-26T19:50:00Z,Buy,28.06,29.62,143,223.08,2,35.75,1,"	667,680" 
2022-08-24T20:00:00Z,"INTU",2022-08-29T19:50:00Z,Buy,468.81254533,438.02590541,9,-277.08,2,277.08,0,"	672,685" 
2022-08-25T20:00:00Z,"HD",2022-08-29T14:30:00Z,Buy,282.412791312,272.76844573,14,-135.02,2,149.62,0,"	675,682" 
2022-08-25T20:00:00Z,"LLY",2022-08-30T19:50:00Z,Buy,311.6837934,301.51469646,12,-122.03,2,152.13,0,"	674,686" 
2022-08-26T15:56:02Z,"JPM",2022-08-29T14:30:00Z,Buy,108.63651706,105.080973524,37,-131.56,2,131.56,0,"	678,684" 
2022-08-26T20:00:00Z,"NVDA",2022-08-29T14:30:00Z,Buy,17.8226633226,16.234188876,225,-357.41,2.25,357.41,0,"	676,683" 
2022-08-26T20:00:00Z,"XOM",2022-08-31T19:50:00Z,Buy,87.712319948,85.59684243,45,-95.2,2,152.79,0,"	677,687" 
2022-08-29T20:00:00Z,"MS",2022-09-01T19:50:00Z,Buy,76.663144234,75.82656012,51,-42.67,2,77.62,0,"	681,689" 
2022-09-01T20:00:00Z,"GOOGL",2022-09-06T19:50:00Z,Buy,107.53748335,107.04123285,37,-18.36,2,69.41,0,"	688,691" 
2022-09-02T20:00:00Z,"MS",2022-09-07T19:50:00Z,Buy,77.748923616,75.799860627,52,-101.35,2,101.35,0,"	690,693" 
2022-09-07T13:34:59Z,"NVDA",2022-09-12T19:50:00Z,Buy,13.443625659,14.3684306991,296,273.74,2.96,0,1,"	692,696" 
2022-09-08T16:10:31Z,"MS",2022-09-13T19:50:00Z,Buy,77.295032235,80.267575789,51,151.6,2,0,1,"	694,699" 
2022-09-09T20:00:00Z,"JPM",2022-09-12T19:50:00Z,Buy,109.305472416,109.204670924,36,-3.63,2,3.63,0,"	695,697" 
2022-09-13T20:00:00Z,"NVDA",2022-09-14T14:30:00Z,Buy,13.7881805958,13.1140518183,276,-186.06,2.76,186.06,0,"	698,701" 
2022-09-14T14:31:30Z,"NVDA",2022-09-19T19:50:00Z,Buy,13.1140518183,13.1809653414,304,20.34,3.04,61.33,1,"	702,704" 
2022-09-14T20:00:00Z,"MS",2022-09-19T19:50:00Z,Buy,77.909120574,77.820122264,51,-4.54,2,37.22,0,"	700,703" 
2022-09-21T15:47:03Z,"MS",2022-09-26T14:30:00Z,Buy,77.588726658,72.542522481,51,-257.36,2,257.36,0,"	705,706" 
2022-09-28T20:00:00Z,"MS",2022-10-03T19:50:00Z,Buy,70.985052056,70.317564731,56,-37.38,2,118.12,0,"	707,711" 
2022-09-29T20:00:00Z,"NFLX",2022-10-03T14:30:00Z,Buy,24.151,23.544,162,-98.33,2,98.33,0,"	708,710" 
2022-10-03T20:00:00Z,"NKE",2022-10-06T19:50:00Z,Buy,78.591991491,86.12691477,50,376.75,2,0,1,"	709,714" 
2022-10-05T20:00:00Z,"XOM",2022-10-10T19:50:00Z,Buy,85.303519917,89.854463149,47,213.89,2,38.43,1,"	712,716" 
2022-10-06T20:00:00Z,"COST",2022-10-11T19:50:00Z,Buy,462.534647685,446.136170363,8,-131.19,2,131.19,0,"	713,720" 
2022-10-07T20:00:00Z,"MS",2022-10-11T14:30:00Z,Buy,71.82163617,69.7880247865,55,-111.85,2,111.85,0,"	715,718" 
2022-10-11T15:20:42Z,"NFLX",2022-10-12T14:30:00Z,Buy,22.998,21.429,173,-271.44,2,271.44,0,"	719,721" 
2022-10-11T20:00:00Z,"ORCL",2022-10-17T19:50:00Z,Buy,59.43854272,61.917951616,66,163.64,2,48.84,1,"	717,728" 
2022-10-12T16:05:41Z,"PG",2022-10-17T19:50:00Z,Buy,113.553214149,114.476411012,35,32.31,2,32.95,1,"	722,729" 
2022-10-12T16:06:33Z,"MS",2022-10-17T19:50:00Z,Buy,68.5286987,67.211523712,58,-76.4,2,194.6,0,"	723,730" 
2022-10-13T17:43:31Z,"XOM",2022-10-18T19:50:00Z,Buy,87.454551679,89.454477904,45,90,2,102.4,1,"	724,732" 
2022-10-17T20:00:00Z,"JPM",2022-10-20T19:50:00Z,Buy,106.88097404,107.722338109,38,31.97,2,81.86,1,"	725,747" 
2022-10-17T20:00:00Z,"NFLX",2022-10-20T19:50:00Z,Buy,23.441,27.238,173,656.88,2,73.35,1,"	726,748" 
2022-10-17T20:00:00Z,"UNH",2022-10-24T19:50:00Z,Buy,489.508814384,503.712384324,8,113.63,2,14.27,1,"	727,753" 
2022-10-18T15:21:21Z,"RTX",2022-10-24T19:50:00Z,Buy,78.488780664,82.270588848,50,189.09,2,18.12,1,"	731,754" 
2022-10-19T14:10:58Z,"MS",2022-10-21T14:30:00Z,Buy,70.726956957,68.154905798,56,-144.03,2,144.03,0,"	734,749" 
2022-10-19T20:00:00Z,"PG",2022-10-24T19:50:00Z,Buy,120.326371332,118.3821513,34,-66.1,2,117.43,0,"	733,755" 
2022-10-20T15:18:59Z,"MCD",2022-10-25T19:50:00Z,Buy,232.630579325,236.870347012,17,72.08,2,15.46,1,"	743,765" 
2022-10-20T15:19:31Z,"CMCSA",2022-10-25T19:50:00Z,Buy,24.17829765333,24.727261963326,166,91.13,2,0,1,"	744,766" 
2022-10-20T16:17:13Z,"NVDA",2022-10-25T19:50:00Z,Buy,12.0354457743,12.5827384707,334,182.8,3.34,0,1,"	745,767" 
2022-10-20T16:17:13Z,"QCOM",2022-10-25T19:50:00Z,Buy,104.75576604,108.032574672,38,124.52,2,30.69,1,"	746,768" 
2022-10-20T20:00:00Z,"TMO",2022-10-21T14:30:00Z,Buy,494.061500625,482.28327257,8,-94.23,2,94.23,0,"	737,750" 
2022-10-20T20:00:00Z,"LMT",2022-10-25T19:50:00Z,Buy,402.641715396,419.026912358,9,147.47,2,0,1,"	735,758" 
2022-10-20T20:00:00Z,"MSFT",2022-10-25T19:50:00Z,Buy,230.007072999,240.797937075,17,183.44,2,0.33,1,"	736,759" 
2022-10-20T20:00:00Z,"AXP",2022-10-25T19:50:00Z,Buy,138.42036,136.142191575,29,-66.07,2,107.32,0,"	738,760" 
2022-10-20T20:00:00Z,"ISRG",2022-10-25T19:50:00Z,Buy,211.5,220.27,19,166.63,2,0,1,"	739,761" 
2022-10-20T20:00:00Z,"AAPL",2022-10-25T19:50:00Z,Buy,140.313179934,146.662503435,28,177.78,2,0,1,"	740,762" 
2022-10-20T20:00:00Z,"AMZN",2022-10-25T19:50:00Z,Buy,113.40333018,119.53890228,35,214.75,2,0,1,"	741,763" 
2022-10-20T20:00:00Z,"XOM",2022-10-25T19:50:00Z,Buy,92.689914108,94.725394577,43,87.53,2,13,1,"	742,764" 
2022-10-24T15:14:08Z,"MS",2022-10-31T19:50:00Z,Buy,70.522260844,73.88404308,57,191.62,2,8.12,1,"	752,793" 
2022-10-24T20:00:00Z,"ORCL",2022-10-27T19:50:00Z,Buy,70.086546816,71.922078208,58,106.46,2,0,1,"	751,784" 
2022-10-25T16:02:36Z,"RTX",2022-10-31T19:50:00Z,Buy,83.376326376,88.347499296,48,238.62,2,61.1,1,"	757,795" 
2022-10-25T20:00:00Z,"PG",2022-10-31T19:50:00Z,Buy,119.3026968,124.466957055,34,175.58,2,0,1,"	756,794" 
2022-10-26T15:19:27Z,"QCOM",2022-10-28T14:30:00Z,Buy,110.622460248,106.47307368,36,-149.38,2,149.38,0,"	773,789" 
2022-10-26T17:04:31Z,"HON",2022-10-31T19:50:00Z,Buy,166.75326251294,180.17089913802,24,322.02,2,0,1,"	774,798" 
2022-10-26T20:00:00Z,"MSFT",2022-10-27T14:30:00Z,Buy,225.079115217,225.283635204,16,3.27,2,0,1,"	770,780" 
2022-10-26T20:00:00Z,"TMO",2022-10-28T14:30:00Z,Buy,495.29975,493.63554284,7,-11.65,2,32.45,0,"	772,788" 
2022-10-26T20:00:00Z,"KO",2022-10-31T19:50:00Z,Buy,53.5302811,55.127116604,76,121.36,2,0,1,"	769,796" 
2022-10-26T20:00:00Z,"UPS",2022-10-31T19:50:00Z,Buy,142.58402268,142.18427029,28,-11.19,2,58.11,0,"	771,797" 
2022-10-27T15:19:22Z,"SQ",2022-11-01T19:50:00Z,Buy,59.44,60.09,68,44.2,2,76.16,1,"	781,810" 
2022-10-27T15:28:42Z,"MSFT",2022-11-01T19:50:00Z,Buy,225.283635204,226.072498011,18,14.2,2,80.11,1,"	782,811" 
2022-10-27T17:02:11Z,"XOM",2022-11-01T19:50:00Z,Buy,95.258708237,98.503033002,42,136.26,2,0,1,"	783,812" 
2022-10-27T20:00:00Z,"JPM",2022-11-01T19:50:00Z,Buy,115.75690268,116.385614292,35,22,2,19.42,1,"	775,805" 
2022-10-27T20:00:00Z,"UNH",2022-11-01T19:50:00Z,Buy,515.783059376,523.92769782,7,57.01,2,31.18,1,"	776,806" 
2022-10-27T20:00:00Z,"BLK",2022-11-01T19:50:00Z,Buy,594.629933196,596.736354972,6,12.64,2,98.89,1,"	777,807" 
2022-10-27T20:00:00Z,"CMCSA",2022-11-01T19:50:00Z,Buy,26.254814825926,25.252358259845,163,-163.4,2,163.4,0,"	778,808" 
2022-10-27T20:00:00Z,"MCD",2022-11-01T19:50:00Z,Buy,243.9953833,252.957343006,17,152.35,2,29.34,1,"	779,809" 
2022-10-28T20:00:00Z,"AMZN",2022-10-31T14:30:00Z,Buy,97.770092,103.16740014,36,194.3,2,0,1,"	785,791" 
2022-10-28T20:00:00Z,"META",2022-11-01T14:30:00Z,Buy,98.819719032,92.513767712,41,-258.54,2,258.54,0,"	787,801" 
2022-10-28T20:00:00Z,"CAT",2022-11-02T19:50:00Z,Buy,201.42966375,207.11708955,20,113.75,2,54.6,1,"	786,819" 
2022-10-31T15:20:16Z,"PYPL",2022-11-01T14:30:00Z,Buy,86.051073,83.387231088,48,-127.86,2,127.86,0,"	792,802" 
2022-10-31T20:00:00Z,"TMO",2022-11-04T14:30:00Z,Buy,495.686083805,482.36252053,8,-106.59,2,243.69,0,"	790,830" 
2022-11-01T14:31:19Z,"UBER",2022-11-07T20:50:00Z,Buy,26.57,28.39,155,282.1,2,210.8,1,"	803,838" 
2022-11-01T14:34:02Z,"RTX",2022-11-07T20:50:00Z,Buy,88.105909584,88.477586064,46,17.1,2,59.84,1,"	804,839" 
2022-11-01T20:00:00Z,"AMZN",2022-11-02T14:30:00Z,Buy,103.756016,96.56293066,40,-287.72,2,287.72,0,"	799,818" 
2022-11-01T20:00:00Z,"PG",2022-11-07T20:50:00Z,Buy,124.264437045,123.79495884,33,-15.49,2,91.44,0,"	800,837" 
2022-11-02T20:00:00Z,"ABNB",2022-11-03T14:30:00Z,Buy,102.58,94.41,37,-302.29,2,302.29,0,"	814,825" 
2022-11-02T20:00:00Z,"XOM",2022-11-07T20:50:00Z,Buy,99.178563638,99.862982835,41,28.06,2,73.25,1,"	813,840" 
2022-11-02T20:00:00Z,"MS",2022-11-07T20:50:00Z,Buy,74.9893383,76.2473979,54,67.94,2,36.39,1,"	815,841" 
2022-11-02T20:00:00Z,"UPS",2022-11-07T20:50:00Z,Buy,141.31672255,140.92547553,29,-11.35,2,52.78,0,"	816,842" 
2022-11-02T20:00:00Z,"GS",2022-11-07T20:50:00Z,Buy,320.292097034,329.773155887,12,113.77,2,10.17,1,"	817,843" 
2022-11-03T20:00:00Z,"AAPL",2022-11-04T14:30:00Z,Buy,139.3514586,136.289651904,28,-85.73,2,85.73,0,"	821,831" 
2022-11-03T20:00:00Z,"QCOM",2022-11-04T14:30:00Z,Buy,96.939695592,96.429144672,39,-19.91,2,19.91,0,"	822,832" 
2022-11-03T20:00:00Z,"GOOGL",2022-11-04T14:30:00Z,Buy,85.7520864,82.80435843,47,-138.54,2,138.54,0,"	823,833" 
2022-11-03T20:00:00Z,"NFLX",2022-11-07T15:30:00Z,Buy,27.099,26.079,150,-153,2,153,0,"	824,836" 
2022-11-03T20:00:00Z,"UNH",2022-11-08T20:50:00Z,Buy,511.271892312,514.367421176,7,21.67,2,35.94,1,"	820,849" 
2022-11-04T20:00:00Z,"PYPL",2022-11-09T20:50:00Z,Buy,74.807066128,80.942881768,53,325.2,2,0,1,"	826,854" 
2022-11-04T20:00:00Z,"SQ",2022-11-09T20:50:00Z,Buy,60.3,62.55,75,168.75,2,23.25,1,"	827,855" 
2022-11-04T20:00:00Z,"AMZN",2022-11-09T20:50:00Z,Buy,91.285341,89.76890692,45,-68.24,2,68.24,0,"	828,856" 
2022-11-04T20:00:00Z,"HD",2022-11-09T20:50:00Z,Buy,263.302831715,268.13804759,15,72.53,2,25.7,1,"	829,857" 
2022-11-07T21:00:00Z,"MSFT",2022-11-10T20:50:00Z,Buy,216.265277682,218.651344197,18,42.95,2,76.43,1,"	834,866" 
2022-11-07T21:00:00Z,"GOOGL",2022-11-10T20:50:00Z,Buy,86.60563726,86.66518732,47,2.8,2,73.7,1,"	835,867" 
2022-11-08T21:00:00Z,"UBER",2022-11-10T15:30:00Z,Buy,27.5,26.55,148,-140.6,2,140.6,0,"	844,862" 
2022-11-08T21:00:00Z,"XOM",2022-11-10T15:30:00Z,Buy,100.867390228,96.823094973,40,-161.77,2,181.68,0,"	846,863" 
2022-11-08T21:00:00Z,"MS",2022-11-11T20:50:00Z,Buy,76.93034454,79.81489548,53,152.88,2,102.87,1,"	845,872" 
2022-11-08T21:00:00Z,"PG",2022-11-14T20:50:00Z,Buy,125.94903531,129.769299135,32,122.25,2,9.43,1,"	847,875" 
2022-11-08T21:00:00Z,"TMO",2022-11-14T20:50:00Z,Buy,489.61370887,533.61613866,8,352.02,2,75.68,1,"	848,876" 
2022-11-09T16:20:11Z,"NVDA",2022-11-10T15:30:00Z,Buy,14.5831531986,13.7582193168,282,-232.63,2.82,232.63,0,"	853,864" 
2022-11-09T21:00:00Z,"LMT",2022-11-14T15:30:00Z,Buy,448.55507055,424.641292312,9,-215.22,2,222.73,0,"	852,873" 
2022-11-09T21:00:00Z,"UPS",2022-11-14T20:50:00Z,Buy,143.05181803,153.000658104,28,278.57,2,98.12,1,"	850,877" 
2022-11-09T21:00:00Z,"GS",2022-11-14T20:50:00Z,Buy,334.416939815,354.890130069,12,245.68,2,10.5,1,"	851,878" 
2022-11-10T17:20:42Z,"XOM",2022-11-15T20:50:00Z,Buy,96.823094973,101.625635672,42,201.71,2,0,1,"	865,886" 
2022-11-10T21:00:00Z,"UNH",2022-11-14T15:30:00Z,Buy,518.057518084,492.717594304,8,-202.72,2,202.72,0,"	860,874" 
2022-11-10T21:00:00Z,"AMZN",2022-11-15T20:50:00Z,Buy,92.77184546,98.25894246,47,257.89,2,107.85,1,"	858,883" 
2022-11-10T21:00:00Z,"AAPL",2022-11-15T20:50:00Z,Buy,138.933870242,145.755725764,30,204.66,2,41.87,1,"	859,884" 
2022-11-10T21:00:00Z,"MCD",2022-11-15T20:50:00Z,Buy,261.149279259,252.595524757,15,-128.31,2,140.55,0,"	861,885" 
2022-11-11T21:00:00Z,"NFLX",2022-11-16T20:50:00Z,Buy,27.447,31.02,150,535.95,2,0,1,"	868,887" 
2022-11-11T21:00:00Z,"MSFT",2022-11-16T20:50:00Z,Buy,237.087360168,235.655720259,17,-24.34,2,92.05,0,"	869,888" 
2022-11-11T21:00:00Z,"ADBE",2022-11-16T20:50:00Z,Buy,330.34,345.96,12,187.44,2,9.36,1,"	870,889" 
2022-11-11T21:00:00Z,"KO",2022-11-16T20:50:00Z,Buy,55.680565273,55.009168527,74,-49.68,2,49.68,0,"	871,890" 
2022-11-15T21:00:00Z,"MS",2022-11-18T20:50:00Z,Buy,81.83677698,79.9317153,51,-97.16,2,97.16,0,"	879,894" 
2022-11-15T21:00:00Z,"GS",2022-11-21T20:50:00Z,Buy,355.802301912,349.38945744,11,-70.54,2,70.54,0,"	880,896" 
2022-11-15T21:00:00Z,"UPS",2022-11-21T20:50:00Z,Buy,154.528776,153.644528004,27,-23.87,2,125.4,0,"	881,897" 
2022-11-15T21:00:00Z,"PG",2022-11-21T20:50:00Z,Buy,130.79110464,131.2697883,32,15.32,2,44.48,1,"	882,898" 
2022-11-17T21:00:00Z,"NVDA",2022-11-21T15:30:00Z,Buy,15.67973601,15.3891116037,262,-76.14,2.62,76.14,0,"	891,895" 
2022-11-17T21:00:00Z,"XOM",2022-11-22T20:50:00Z,Buy,99.466247716,99.421447136,41,-1.84,2,78.62,0,"	892,899" 
2022-11-18T21:00:00Z,"MSFT",2022-11-23T20:50:00Z,Buy,237.443002128,239.308402482,17,31.71,2,31.55,1,"	893,903" 
2022-11-23T16:07:36.320798Z,"MS",2022-11-28T20:50:00Z,Buy,80.57871738,81.69299874,51,56.83,2,0,1,"	902,908" 
2022-11-23T21:00:00Z,"NVDA",2022-11-28T20:50:00Z,Buy,16.07921973,16.249000311,259,43.97,2.59,64.41,1,"	900,906" 
2022-11-23T21:00:00Z,"AAPL",2022-11-28T20:50:00Z,Buy,146.95495685,145.588619793,28,-38.26,2,81.47,0,"	901,907" 
2022-11-25T16:03:32.462725Z,"MSFT",2022-11-30T20:50:00Z,Buy,241.798858452,234.718150302,17,-120.37,2,120.37,0,"	904,910" 
2022-11-28T21:00:00Z,"HD",2022-11-30T15:30:00Z,Buy,299.37814711,290.99710626,13,-108.95,2,108.95,0,"	905,909" 
2022-12-01T21:00:00Z,"MSFT",2022-12-06T20:50:00Z,Buy,248.303343456,244.35767988,16,-63.13,2,70.16,0,"	911,913" 
2022-12-06T21:00:00Z,"MS",2022-12-09T20:50:00Z,Buy,80.53378668,79.69807566,51,-42.62,2,107.24,0,"	912,916" 
2022-12-07T21:00:00Z,"MSFT",2022-12-12T20:50:00Z,Buy,238.966575192,239.689295748,17,12.29,2,32.87,1,"	914,917" 
2022-12-07T21:00:00Z,"ORCL",2022-12-12T20:50:00Z,Buy,75.72768256,76.755964544,54,55.53,2,10.9,1,"	915,918" 
2022-12-13T16:15:27.977832Z,"ORCL",2022-12-19T20:50:00Z,Buy,78.110990336,76.486881408,53,-86.08,2,113.07,0,"	919,924" 
2022-12-13T17:47:40.757414Z,"NVDA",2022-12-16T15:30:00Z,Buy,17.516847768,16.9344512896,237,-138.03,2.37,265.17,0,"	920,922" 
2022-12-13T17:56:22.372154Z,"MSFT",2022-12-19T15:30:00Z,Buy,246.613739994,238.976341686,16,-122.2,2,195.8,0,"	921,923" 
2022-12-21T17:03:40.536308Z,"MS",2022-12-27T20:50:00Z,Buy,76.53495438,77.37965154,54,45.61,2,37.85,1,"	925,926" 
2023-01-03T15:18:21.473039Z,"SQ",2023-01-06T20:50:00Z,Buy,62.85,64.71,65,120.9,2,102.7,1,"	927,931" 
2023-01-05T21:00:00Z,"XOM",2023-01-10T20:50:00Z,Buy,95.281873544,97.199338368,43,82.45,2,78.21,1,"	928,933" 
2023-01-06T16:18:09.09413Z,"UNH",2023-01-11T20:50:00Z,Buy,463.829502276,460.0806966,8,-29.99,2,30.75,0,"	930,937" 
2023-01-06T21:00:00Z,"GOOGL",2023-01-11T20:50:00Z,Buy,86.07961173,87.75693842,48,80.51,2,0,1,"	929,936" 
2023-01-10T14:40:01.439933Z,"MSFT",2023-01-17T20:50:00Z,Buy,221.816611728,233.643835962,18,212.89,2,0,1,"	932,945" 
2023-01-11T16:19:02.861573Z,"MS",2023-01-17T20:50:00Z,Buy,79.90475688,82.30405626,51,122.36,2,0,1,"	935,947" 
2023-01-11T21:00:00Z,"GS",2023-01-17T20:50:00Z,Buy,332.826158134,346.8581468,12,168.38,2,0,1,"	934,946" 
2023-01-12T16:18:12.871215Z,"PG",2023-01-17T20:50:00Z,Buy,138.68938503,138.89190504,29,5.87,2,22.69,1,"	939,949" 
2023-01-12T16:18:18.594733Z,"NFLX",2023-01-17T20:50:00Z,Buy,32.726,33.282,127,70.61,2,0,1,"	940,950" 
2023-01-12T21:00:00Z,"NVDA",2023-01-17T20:50:00Z,Buy,16.0793374208,16.8815061552,260,208.56,2.6,0,1,"	938,948" 
2023-01-13T16:26:31.908511Z,"META",2023-01-18T20:50:00Z,Buy,135.761670072,134.421034752,30,-40.22,2,48.26,0,"	942,957" 
2023-01-13T21:00:00Z,"UNH",2023-01-18T20:50:00Z,Buy,460.184830091,459.209761948,8,-7.8,2,34,0,"	941,956" 
2023-01-17T20:53:09.554183Z,"NVDA",2023-01-23T20:50:00Z,Buy,16.8815061552,17.8205330672,247,231.94,2.47,231.2,1,"	951,967" 
2023-01-17T21:00:00Z,"BLK",2023-01-19T20:50:00Z,Buy,697.846092876,695.222821152,5,-13.12,2,13.12,0,"	943,960" 
2023-01-17T21:00:00Z,"LMT",2023-01-19T20:50:00Z,Buy,414.9951291,406.67310819,10,-83.22,2,83.22,0,"	944,961" 
2023-01-18T21:00:00Z,"MSFT",2023-01-20T15:30:00Z,Buy,236.15382492,226.514295342,17,-163.87,2,163.87,0,"	954,962" 
2023-01-18T21:00:00Z,"PG",2023-01-20T15:30:00Z,Buy,138.22911228,131.936313077,30,-188.78,2,188.78,0,"	955,963" 
2023-01-18T21:00:00Z,"GS",2023-01-23T20:50:00Z,Buy,322.55952796,317.032055888,12,-66.33,2,99.16,0,"	952,968" 
2023-01-18T21:00:00Z,"MS",2023-01-23T20:50:00Z,Buy,87.165558,86.46463908,47,-32.94,2,119.52,0,"	953,969" 
2023-01-19T16:20:35.093315Z,"CMCSA",2023-01-24T20:50:00Z,Buy,30.6925588418,32.280104988789,135,214.32,2,15.15,1,"	959,976" 
2023-01-19T21:00:00Z,"NFLX",2023-01-20T15:30:00Z,Buy,32.257,31.578,127,-86.23,2,86.23,0,"	958,964" 
2023-01-20T15:49:29.292167Z,"NFLX",2023-01-25T20:50:00Z,Buy,31.578,36.383,131,629.46,2,0,1,"	965,980" 
2023-01-23T21:00:00Z,"GOOGL",2023-01-30T20:50:00Z,Buy,97.19562293,98.62482437,42,60.03,2,190.5,1,"	966,993" 
2023-01-24T16:19:53.823858Z,"XOM",2023-01-30T20:50:00Z,Buy,101.0253079,103.57894096,41,104.7,2,78.62,1,"	973,995" 
2023-01-24T16:20:15.488918Z,"MCD",2023-01-30T20:50:00Z,Buy,251.23787556,254.19537144,16,47.32,2,33.74,1,"	974,996" 
2023-01-24T17:38:52.161054Z,"MSFT",2023-01-30T20:50:00Z,Buy,236.915611452,242.365315104,17,92.64,2,32.71,1,"	975,997" 
2023-01-24T21:00:00Z,"MS",2023-01-27T20:50:00Z,Buy,76.31928702,86.716251,48,499.05,2,0,1,"	970,988" 
2023-01-24T21:00:00Z,"GS",2023-01-27T20:50:00Z,Buy,323.6724418,329.209188154,12,66.44,2,7.46,1,"	971,989" 
2023-01-24T21:00:00Z,"RTX",2023-01-30T20:50:00Z,Buy,89.921675916,93.09010416,46,145.75,2,27.95,1,"	972,994" 
2023-01-25T16:19:40.020765Z,"TMO",2023-01-30T20:50:00Z,Buy,575.563148328,568.536108237,7,-49.19,2,49.19,0,"	977,998" 
2023-01-25T16:19:48.939353Z,"META",2023-01-30T20:50:00Z,Buy,142.147066448,150.687409968,29,247.67,2,47.23,1,"	978,999" 
2023-01-25T16:58:26.025256Z,"COST",2023-01-30T20:50:00Z,Buy,471.669965095,482.385598205,8,85.73,2,9.43,1,"	979,1000" 
2023-01-26T16:21:14.34367Z,"MRK",2023-01-31T20:50:00Z,Buy,99.11109672,96.838659972,42,-95.44,2,121.89,0,"	983,1006" 
2023-01-26T16:21:24.861353Z,"COP",2023-01-31T20:50:00Z,Buy,108.337020358,108.481025702,38,5.47,2,140.91,1,"	984,1007" 
2023-01-26T17:06:56.798814Z,"UNH",2023-01-31T20:50:00Z,Buy,466.23403925,459.881896299,9,-57.17,2,57.17,0,"	985,1008" 
2023-01-26T21:00:00Z,"PEP",2023-01-31T20:50:00Z,Buy,155.416887504,153.505764288,27,-51.6,2,51.6,0,"	981,1004" 
2023-01-26T21:00:00Z,"CMCSA",2023-01-31T20:50:00Z,Buy,31.309937898962,31.462278185795,131,19.96,2,122.89,1,"	982,1005" 
2023-01-27T21:00:00Z,"NVDA",2023-01-31T15:30:00Z,Buy,19.4478467264,19.1421634976,214,-65.42,2.14,257.18,0,"	986,1003" 
2023-01-27T21:00:00Z,"MA",2023-02-01T20:50:00Z,Buy,369.679016337,364.18576638,11,-60.43,2,60.43,0,"	987,1012" 
2023-01-30T21:00:00Z,"GS",2023-02-02T20:50:00Z,Buy,327.3821546,339.169767022,12,141.45,2,1.11,1,"	990,1016" 
2023-01-30T21:00:00Z,"MS",2023-02-02T20:50:00Z,Buy,86.08406586,88.98282426,48,139.14,2,0,1,"	991,1017" 
2023-01-30T21:00:00Z,"V",2023-02-03T20:50:00Z,Buy,223.870308508,223.967872488,18,1.76,2,23.53,1,"	992,1024" 
2023-01-31T21:00:00Z,"XOM",2023-02-06T20:50:00Z,Buy,100.17409688,100.281618272,41,4.41,2,181.85,1,"	1001,1028" 
2023-01-31T21:00:00Z,"MCD",2023-02-06T20:50:00Z,Buy,247.23546,246.51707772,16,-11.49,2,62.55,0,"	1002,1029" 
2023-02-01T16:19:44.991926Z,"UBER",2023-02-06T20:50:00Z,Buy,30.93,33.09,137,295.92,2,0,1,"	1011,1032" 
2023-02-01T21:00:00Z,"MSFT",2023-02-06T20:50:00Z,Buy,242.2090512,252.31737249,17,171.84,2,103.77,1,"	1009,1030" 
2023-02-01T21:00:00Z,"TMO",2023-02-06T20:50:00Z,Buy,580.885462191,582.540632424,7,11.59,2,2.01,1,"	1010,1031" 
2023-02-02T21:00:00Z,"MRK",2023-02-03T15:30:00Z,Buy,94.82175828,94.374571932,43,-19.23,2,19.23,0,"	1014,1021" 
2023-02-02T21:00:00Z,"LLY",2023-02-03T15:30:00Z,Buy,326.00686096,322.321735558,12,-44.22,2,44.22,0,"	1015,1022" 
2023-02-02T21:00:00Z,"META",2023-02-07T20:50:00Z,Buy,182.088068352,184.769338992,28,75.08,2,75.35,1,"	1013,1036" 
2023-02-03T19:52:50.921026Z,"GS",2023-02-08T20:50:00Z,Buy,342.656897054,347.22911808,12,54.87,2,0,1,"	1023,1042" 
2023-02-03T21:00:00Z,"AMZN",2023-02-06T15:30:00Z,Buy,105.1,103.39,37,-63.27,2,63.27,0,"	1018,1026" 
2023-02-03T21:00:00Z,"BLK",2023-02-07T15:30:00Z,Buy,697.67865,690.590234916,5,-35.44,2,68.74,0,"	1019,1033" 
2023-02-03T21:00:00Z,"GOOGL",2023-02-07T15:30:00Z,Buy,102.18790296,102.1283529,39,-2.32,2,72.77,0,"	1020,1034" 
2023-02-06T17:05:32.937361Z,"PEP",2023-02-13T20:50:00Z,Buy,153.179695872,159.59237472,27,173.14,2,16.14,1,"	1027,1051" 
2023-02-06T21:00:00Z,"QCOM",2023-02-10T15:30:00Z,Buy,123.55636618,121.94021229,33,-53.33,2,188.05,0,"	1025,1049" 
2023-02-07T17:04:39.816842Z,"RTX",2023-02-13T20:50:00Z,Buy,91.258210544,94.034090156,46,127.69,2,9.46,1,"	1035,1052" 
2023-02-08T17:02:03.483778Z,"MCD",2023-02-13T20:50:00Z,Buy,249.41859576,244.82841288,17,-78.03,2,105.95,0,"	1041,1056" 
2023-02-08T21:00:00Z,"GOOGL",2023-02-09T15:30:00Z,Buy,101.28472705,98.62482437,39,-103.74,2,103.74,0,"	1039,1046" 
2023-02-08T21:00:00Z,"UBER",2023-02-13T20:50:00Z,Buy,37.4,34.3,122,-378.2,2,378.2,0,"	1037,1053" 
2023-02-08T21:00:00Z,"MSFT",2023-02-13T20:50:00Z,Buy,266.72295114,256.95645714,16,-156.26,2,156.26,0,"	1038,1054" 
2023-02-08T21:00:00Z,"XOM",2023-02-13T20:50:00Z,Buy,103.08613458,106.80458272,41,152.46,2,41.14,1,"	1040,1055" 
2023-02-09T14:49:49.675079Z,"MRK",2023-02-14T20:50:00Z,Buy,97.322351328,99.97809066,43,114.2,2,0,1,"	1045,1058" 
2023-02-09T17:03:38.509866Z,"CMCSA",2023-02-14T20:50:00Z,Buy,31.077418513797,31.342009538295,136,35.98,2,93.78,1,"	1047,1059" 
2023-02-09T21:00:00Z,"DIS",2023-02-13T15:30:00Z,Buy,115.128784416,105.56402882,38,-363.46,2,363.46,0,"	1043,1050" 
2023-02-09T21:00:00Z,"GS",2023-02-14T20:50:00Z,Buy,349.677528528,346.876695364,12,-33.61,2,100.72,0,"	1044,1057" 
2023-02-10T21:00:00Z,"PYPL",2023-02-15T20:50:00Z,Buy,79.157010224,77.081807536,53,-109.99,2,187.19,0,"	1048,1061" 
2023-02-15T21:00:00Z,"GS",2023-02-21T20:50:00Z,Buy,341.979874468,341.7572917,12,-2.67,2,64.99,0,"	1060,1069" 
2023-02-16T16:22:14.736662Z,"SQ",2023-02-17T15:30:00Z,Buy,82.67,78.66,51,-204.51,2,204.51,0,"	1063,1065" 
2023-02-16T21:00:00Z,"XOM",2023-02-21T15:30:00Z,Buy,104.114136984,100.511540448,40,-144.1,2,161.08,0,"	1062,1068" 
2023-02-17T21:00:00Z,"MSFT",2023-02-22T15:30:00Z,Buy,254.22217254,247.388085252,16,-109.35,2,109.35,0,"	1064,1071" 
2023-02-21T21:00:00Z,"NVDA",2023-02-22T15:30:00Z,Buy,20.9782608,20.633617944,197,-67.89,2,67.89,0,"	1066,1072" 
2023-02-21T21:00:00Z,"QCOM",2023-02-22T15:30:00Z,Buy,116.97030553,115.5596741,35,-49.37,2,49.37,0,"	1067,1073" 
2023-02-22T17:16:34.432009Z,"NVDA",2023-02-27T20:50:00Z,Buy,20.633617944,23.2618943328,204,536.17,2.04,77.03,1,"	1074,1082" 
2023-02-22T21:00:00Z,"GS",2023-02-27T20:50:00Z,Buy,334.041089076,337.44475057,12,40.84,2,0,1,"	1070,1081" 
2023-02-23T16:21:12.314695Z,"COST",2023-02-28T20:50:00Z,Buy,477.56055287,467.61357499,8,-79.58,2,79.58,0,"	1077,1086" 
2023-02-23T21:00:00Z,"MSFT",2023-02-28T20:50:00Z,Buy,249.972897636,244.930555296,17,-85.72,2,101.37,0,"	1075,1084" 
2023-02-23T21:00:00Z,"QCOM",2023-02-28T20:50:00Z,Buy,118.1754145,115.29810006,36,-103.58,2,103.58,0,"	1076,1085" 
2023-02-24T21:00:00Z,"MS",2023-03-01T20:50:00Z,Buy,88.0044933,87.415683,47,-27.67,2,51.09,0,"	1078,1089" 
2023-02-27T21:00:00Z,"INTU",2023-03-01T15:30:00Z,Buy,413.187487902,399.263565722,10,-139.24,2,139.24,0,"	1079,1087" 
2023-02-27T21:00:00Z,"MCD",2023-03-06T20:50:00Z,Buy,247.26344892,252.482022849,17,88.72,2,18.98,1,"	1080,1097" 
2023-02-28T21:00:00Z,"PG",2023-03-06T20:50:00Z,Buy,128.156911565,130.537563988,32,76.18,2,25.49,1,"	1083,1098" 
2023-03-01T16:18:57.304092Z,"COST",2023-03-06T20:50:00Z,Buy,464.87719594,456.31280958,9,-77.08,2,90.13,0,"	1088,1099" 
2023-03-02T16:19:08.54319Z,"ORCL",2023-03-07T20:50:00Z,Buy,83.304125492,86.5597001045,50,162.78,2,0,1,"	1092,1102" 
2023-03-02T20:14:09.566064Z,"CMCSA",2023-03-07T20:50:00Z,Buy,29.369603719308,29.730409661806,143,51.6,2,17.2,1,"	1093,1103" 
2023-03-02T21:00:00Z,"GS",2023-03-07T20:50:00Z,Buy,321.310326512,333.50926504,13,158.59,2,0.49,1,"	1090,1100" 
2023-03-02T21:00:00Z,"MS",2023-03-07T20:50:00Z,Buy,86.4645279,89.11870356,48,127.4,2,0,1,"	1091,1101" 
2023-03-03T21:00:00Z,"AVGO",2023-03-08T20:50:00Z,Buy,59.0389907625,59.7713729375,73,53.46,2,54.23,1,"	1094,1107" 
2023-03-06T18:33:38.831928Z,"RTX",2023-03-10T15:30:00Z,Buy,93.057233444,90.153306446,45,-130.68,2,151.4,0,"	1096,1109" 
2023-03-06T18:33:38.831928Z,"LMT",2023-03-13T19:50:00Z,Buy,443.194899266,441.25663452,9,-17.44,2,36.47,0,"	1095,1113" 
2023-03-08T21:00:00Z,"MS",2023-03-10T15:30:00Z,Buy,86.63664168,83.51141778,48,-150.01,2,161.32,0,"	1104,1110" 
2023-03-08T21:00:00Z,"GS",2023-03-13T14:30:00Z,Buy,323.365277872,306.066323696,13,-224.89,2,262.53,0,"	1106,1111" 
2023-03-08T21:00:00Z,"MSFT",2023-03-13T19:50:00Z,Buy,248.83714674,243.393375204,17,-92.54,2,92.54,0,"	1105,1114" 
2023-03-09T17:56:58.903286Z,"ORCL",2023-03-13T14:30:00Z,Buy,85.349108656,81.104803976,49,-207.97,2,207.97,0,"	1108,1112" 
2023-03-15T15:01:42.875271Z,"MS",2023-03-16T14:30:00Z,Buy,81.47322828,77.36967342,51,-209.28,2,209.28,0,"	1120,1123" 
2023-03-15T20:00:00Z,"GS",2023-03-16T14:30:00Z,Buy,289.74814176,291.606938672,13,24.16,2,0,1,"	1115,1121" 
2023-03-15T20:00:00Z,"XOM",2023-03-16T14:30:00Z,Buy,92.854894176,91.78043556,43,-46.2,2,46.2,0,"	1119,1122" 
2023-03-15T20:00:00Z,"LLY",2023-03-20T19:50:00Z,Buy,316.8898524,322.66037749,13,75.02,2,2.29,1,"	1116,1128" 
2023-03-15T20:00:00Z,"MSFT",2023-03-20T19:50:00Z,Buy,254.564856,273.588683508,16,304.38,2,0,1,"	1117,1129" 
2023-03-15T20:00:00Z,"ORCL",2023-03-20T19:50:00Z,Buy,80.140189276,82.243049322,51,107.25,2,3.94,1,"	1118,1130" 
2023-03-20T20:00:00Z,"JPM",2023-03-24T19:50:00Z,Buy,118.502709042,118.139460936,35,-12.71,2,120.94,0,"	1124,1133" 
2023-03-20T20:00:00Z,"MS",2023-03-24T19:50:00Z,Buy,76.2282873,77.75013546,55,83.7,2,146.98,1,"	1125,1134" 
2023-03-20T20:00:00Z,"PEP",2023-03-24T19:50:00Z,Buy,160.9443843,160.16929803,26,-20.15,2,55.95,0,"	1126,1135" 
2023-03-20T20:00:00Z,"PG",2023-03-24T19:50:00Z,Buy,132.575476568,133.131270908,31,17.23,2,39.05,1,"	1127,1136" 
2023-03-22T14:07:24.229094Z,"GS",2023-03-27T19:50:00Z,Buy,296.361348864,291.961884816,14,-61.59,2,61.59,0,"	1131,1137" 
2023-03-23T20:00:00Z,"MSFT",2023-03-28T19:50:00Z,Buy,272.247322536,270.602441928,15,-24.67,2,61.54,0,"	1132,1138" 
2023-03-29T14:58:09.346534Z,"GS",2023-04-03T19:50:00Z,Buy,297.444868672,305.543245168,14,113.38,2,0,1,"	1139,1148" 
2023-03-29T14:58:11.273469Z,"MS",2023-04-03T19:50:00Z,Buy,76.88956656,79.48033188,54,139.9,2,5.87,1,"	1140,1149" 
2023-03-30T20:00:00Z,"NKE",2023-04-04T19:50:00Z,Buy,115.101539098,115.710189722,36,21.91,2,33.21,1,"	1141,1150" 
2023-03-31T17:28:40.933084Z,"NFLX",2023-04-05T19:50:00Z,Buy,33.843,34.675,124,103.17,2,18.97,1,"	1144,1155" 
2023-03-31T19:26:30.069967Z,"NVDA",2023-04-05T19:50:00Z,Buy,27.3593000135,27.4292394285,154,10.77,2,78.78,1,"	1145,1156" 
2023-03-31T20:00:00Z,"MSFT",2023-04-05T19:50:00Z,Buy,277.67151216,281.176674408,15,52.58,2,16.45,1,"	1142,1153" 
2023-03-31T20:00:00Z,"AMZN",2023-04-05T19:50:00Z,Buy,102.1,103.95,41,75.85,2,36.08,1,"	1143,1154" 
2023-04-03T20:00:00Z,"AAPL",2023-04-06T19:50:00Z,Buy,162.042477922,161.421474448,26,-16.15,2,61.77,0,"	1146,1160" 
2023-04-03T20:00:00Z,"GOOGL",2023-04-06T19:50:00Z,Buy,101.64202741,103.68657947,41,83.83,2,10.17,1,"	1147,1161" 
2023-04-05T20:00:00Z,"GS",2023-04-10T19:50:00Z,Buy,298.547069856,301.14378112,14,36.35,2,0,1,"	1151,1162" 
2023-04-05T20:00:00Z,"MS",2023-04-10T19:50:00Z,Buy,75.90217698,76.26452178,55,19.93,2,0,1,"	1152,1163" 
2023-04-06T17:22:16.255801Z,"CMCSA",2023-04-11T19:50:00Z,Buy,30.637664050256,30.888130185688,138,34.56,2,25.64,1,"	1159,1168" 
2023-04-06T20:00:00Z,"NVDA",2023-04-11T19:50:00Z,Buy,26.5639889515,27.5551303755,157,155.61,2,0,1,"	1157,1166" 
2023-04-06T20:00:00Z,"META",2023-04-11T19:50:00Z,Buy,207.917642184,213.2603222,20,106.85,2,26.81,1,"	1158,1167" 
2023-04-11T15:29:49.035111Z,"NFLX",2023-04-17T19:50:00Z,Buy,33.899,33.863,125,-4.5,2,99.5,0,"	1165,1174" 
2023-04-11T20:00:00Z,"GS",2023-04-14T19:50:00Z,Buy,304.721264624,310.232270544,14,77.15,2,0,1,"	1164,1172" 
2023-04-12T17:40:55.592697Z,"SQ",2023-04-13T14:30:00Z,Buy,66.42,62.71,64,-237.44,2,237.44,0,"	1170,1171" 
2023-04-12T20:00:00Z,"MS",2023-04-17T19:50:00Z,Buy,77.46931824,78.55635264,55,59.79,2,1,1,"	1169,1175" 
2023-04-17T20:00:00Z,"GS",2023-04-18T19:50:00Z,Buy,313.8471168,317.284489984,13,44.69,2,0,1,"	1173,1178" 
2023-04-18T15:26:52.285788Z,"RTX",2023-04-24T19:50:00Z,Buy,96.900942642,96.09272995,43,-34.75,2,97.39,0,"	1177,1194" 
2023-04-18T20:00:00Z,"MS",2023-04-21T19:50:00Z,Buy,80.73948006,81.92615928,52,61.71,2,0,1,"	1176,1191" 
2023-04-19T15:30:32.226633Z,"META",2023-04-24T19:50:00Z,Buy,216.378540648,211.413224648,19,-94.34,2,94.34,0,"	1182,1197" 
2023-04-19T20:00:00Z,"NFLX",2023-04-20T14:30:00Z,Buy,32.347,32.312,127,-4.44,2,4.44,0,"	1181,1185" 
2023-04-19T20:00:00Z,"GS",2023-04-24T19:50:00Z,Buy,310.643260816,319.133946208,13,110.38,2,0,1,"	1179,1195" 
2023-04-19T20:00:00Z,"XOM",2023-04-24T19:50:00Z,Buy,104.682968016,104.746171464,40,2.53,2,34.31,1,"	1180,1196" 
2023-04-20T15:27:42.532571Z,"MCD",2023-04-25T19:50:00Z,Buy,273.313408389,275.12442524,15,27.17,2,3.8,1,"	1186,1205" 
2023-04-20T15:28:47.106072Z,"CMCSA",2023-04-25T19:50:00Z,Buy,30.9042892912,30.06401580459,137,-115.12,2,115.12,0,"	1187,1206" 
2023-04-20T20:00:00Z,"NVDA",2023-04-25T14:30:00Z,Buy,27.6550438255,27.018595149,152,-96.74,2,96.74,0,"	1183,1202" 
2023-04-20T20:00:00Z,"MA",2023-04-25T19:50:00Z,Buy,365.5937193,368.82200682,11,35.51,2,5.52,1,"	1184,1204" 
2023-04-21T20:00:00Z,"MSFT",2023-04-26T14:30:00Z,Buy,279.130364604,269.662510152,15,-142.02,2,151.86,0,"	1189,1210" 
2023-04-21T20:00:00Z,"ISRG",2023-04-26T19:50:00Z,Buy,297.87,294.97,14,-40.6,2,76.86,0,"	1188,1218" 
2023-04-21T20:00:00Z,"PG",2023-04-26T19:50:00Z,Buy,144.43224192,145.765175808,30,39.99,2,0,1,"	1190,1219" 
2023-04-24T20:00:00Z,"MS",2023-04-25T19:50:00Z,Buy,82.74143508,81.7087524,51,-52.67,2,52.67,0,"	1192,1207" 
2023-04-24T20:00:00Z,"PEP",2023-05-01T19:50:00Z,Buy,170.0630463,174.066138918,25,100.08,2,26.67,1,"	1193,1233" 
2023-04-25T15:28:21.936611Z,"UBER",2023-04-26T14:30:00Z,Buy,30.68,29.59,138,-150.42,2,150.42,0,"	1203,1211" 
2023-04-25T20:00:00Z,"RTX",2023-04-27T14:30:00Z,Buy,95.566451918,91.797925296,44,-165.82,2,165.82,0,"	1200,1225" 
2023-04-25T20:00:00Z,"NFLX",2023-04-28T19:50:00Z,Buy,32.85,32.585,128,-33.92,2,94.08,0,"	1198,1229" 
2023-04-25T20:00:00Z,"GS",2023-05-01T19:50:00Z,Buy,318.5174608,320.796588672,13,29.63,2,53.91,1,"	1199,1234" 
2023-04-25T20:00:00Z,"ORCL",2023-05-01T19:50:00Z,Buy,92.157751074,91.760602893,45,-17.87,2,62.33,0,"	1201,1235" 
2023-04-26T14:43:09.274882Z,"MS",2023-05-01T19:50:00Z,Buy,79.77020772,82.224528926,52,127.62,2,0,1,"	1212,1238" 
2023-04-26T15:03:11.096721Z,"MSFT",2023-05-01T19:50:00Z,Buy,269.662510152,300.836914056,15,467.62,2,0,1,"	1213,1239" 
2023-04-26T15:26:27.363762Z,"UBER",2023-05-01T19:50:00Z,Buy,29.59,31.05,142,207.32,2,0,1,"	1214,1240" 
2023-04-26T15:26:59.725134Z,"QCOM",2023-05-01T19:50:00Z,Buy,107.195537975,109.7802616,39,100.8,2,8.8,1,"	1215,1241" 
2023-04-26T15:50:41.680518Z,"MA",2023-05-01T19:50:00Z,Buy,362.71975602,374.03844702,11,124.51,2,19.16,1,"	1216,1242" 
2023-04-26T15:50:41.680518Z,"XOM",2023-05-01T19:50:00Z,Buy,105.215682792,106.7686818,40,62.12,2,41.17,1,"	1217,1243" 
2023-04-26T20:00:00Z,"KO",2023-05-01T19:50:00Z,Buy,58.457547687,59.065233645,71,43.15,2,0,1,"	1208,1236" 
2023-04-26T20:00:00Z,"TMO",2023-05-01T19:50:00Z,Buy,522.6579416,550.32806792,7,193.69,2,0,1,"	1209,1237" 
2023-04-27T15:28:32.66797Z,"SQ",2023-05-02T19:50:00Z,Buy,60.58,60.21,69,-25.53,2,40.02,0,"	1226,1253" 
2023-04-27T20:00:00Z,"META",2023-05-02T19:50:00Z,Buy,238.335168,241.493108976,20,63.16,2,28.6,1,"	1220,1248" 
2023-04-27T20:00:00Z,"GOOGL",2023-05-02T19:50:00Z,Buy,103.84537963,106.3961072,41,104.58,2,15.87,1,"	1221,1249" 
2023-04-27T20:00:00Z,"GE",2023-05-02T19:50:00Z,Buy,76.327360982781,79.60010703193,55,180,2,0,1,"	1222,1250" 
2023-04-27T20:00:00Z,"PG",2023-05-02T19:50:00Z,Buy,144.842375424,145.92363648,29,31.36,2,2.97,1,"	1223,1251" 
2023-04-27T20:00:00Z,"CMCSA",2023-05-02T19:50:00Z,Buy,30.459913889627,33.64325767544,143,455.22,2,0,1,"	1224,1252" 
2023-04-28T20:00:00Z,"AMZN",2023-05-01T14:30:00Z,Buy,107.53,105.45,38,-79.04,2,79.04,0,"	1227,1231" 
2023-04-28T20:00:00Z,"ABBV",2023-05-03T19:50:00Z,Buy,133.887022996,137.291697732,31,105.54,2,58.11,1,"	1228,1258" 
2023-05-01T15:25:14.330597Z,"PYPL",2023-05-03T14:30:00Z,Buy,75.8247136,72.113293408,56,-207.84,2,207.84,0,"	1232,1255" 
2023-05-01T20:00:00Z,"BLK",2023-05-04T14:30:00Z,Buy,632.534230636,601.923201847,6,-183.67,2,183.67,0,"	1230,1260" 
2023-05-02T20:00:00Z,"XOM",2023-05-03T14:30:00Z,Buy,102.777835512,99.437081832,41,-136.97,2,136.97,0,"	1246,1256" 
2023-05-02T20:00:00Z,"MS",2023-05-04T14:30:00Z,Buy,80.013357018,77.43670215,53,-136.56,2,136.56,0,"	1244,1261" 
2023-05-02T20:00:00Z,"GS",2023-05-04T14:30:00Z,Buy,316.658663888,306.98171112,13,-125.8,2,125.8,0,"	1245,1262" 
2023-05-02T20:00:00Z,"UBER",2023-05-08T19:50:00Z,Buy,35,37.75,131,360.25,2,45.85,1,"	1247,1274" 
2023-05-03T17:41:21.356089Z,"META",2023-05-08T19:50:00Z,Buy,237.580439968,231.165251696,18,-115.47,2,115.47,0,"	1257,1276" 
2023-05-03T20:00:00Z,"MSFT",2023-05-08T19:50:00Z,Buy,300.004682796,304.15604814,14,58.12,2,27.55,1,"	1254,1275" 
2023-05-04T15:27:33.362884Z,"COP",2023-05-09T19:50:00Z,Buy,87.407249946,91.78261546,49,214.39,2,0,1,"	1263,1278" 
2023-05-04T15:39:43.364669Z,"MS",2023-05-09T19:50:00Z,Buy,77.43670215,77.144315782,55,-16.08,2,106.54,0,"	1264,1279" 
2023-05-04T17:12:00.162055Z,"GS",2023-05-09T19:50:00Z,Buy,306.98171112,304.982803888,13,-25.99,2,89.74,0,"	1265,1280" 
2023-05-04T19:12:37.601967Z,"MRK",2023-05-09T19:50:00Z,Buy,108.640645222,108.815249541,39,6.81,2,29.75,1,"	1266,1281" 
2023-05-04T20:00:00Z,"XOM",2023-05-09T19:50:00Z,Buy,97.414571496,98.516117304,44,48.47,2,73.3,1,"	1259,1277" 
2023-05-05T20:00:00Z,"PYPL",2023-05-10T14:30:00Z,Buy,72.851586672,65.752996708,59,-418.82,2,565.98,0,"	1269,1285" 
2023-05-05T20:00:00Z,"AAPL",2023-05-10T19:50:00Z,Buy,168.5580858,169.317090046,26,19.73,2,46.13,1,"	1267,1286" 
2023-05-05T20:00:00Z,"JPM",2023-05-10T19:50:00Z,Buy,128.219095509,128.050126791,33,-5.58,2,20.45,0,"	1268,1287" 
2023-05-05T20:00:00Z,"SQ",2023-05-10T19:50:00Z,Buy,60.97,59.33,70,-114.8,2,151.9,0,"	1270,1288" 
2023-05-05T20:00:00Z,"MCD",2023-05-10T19:50:00Z,Buy,277.207563794,278.371118662,15,17.45,2,0.42,1,"	1271,1289" 
2023-05-05T20:00:00Z,"NFLX",2023-05-10T19:50:00Z,Buy,32.362,33.214,133,113.32,2,11.44,1,"	1272,1290" 
2023-05-08T20:00:00Z,"BLK",2023-05-11T19:50:00Z,Buy,605.521192375,589.527000106,7,-111.96,2,111.96,0,"	1273,1292" 
2023-05-10T20:00:00Z,"GS",2023-05-15T19:50:00Z,Buy,308.167978496,298.4349816,14,-136.26,2,136.26,0,"	1282,1293" 
2023-05-10T20:00:00Z,"META",2023-05-15T19:50:00Z,Buy,234.3629152,232.188106792,18,-39.15,2,52.2,0,"	1283,1294" 
2023-05-10T20:00:00Z,"MS",2023-05-15T19:50:00Z,Buy,77.729088518,75.275784149,55,-134.93,2,134.93,0,"	1284,1295" 
2023-05-11T19:15:17.672577Z,"CMCSA",2023-05-16T19:50:00Z,Buy,32.205097284895,32.479802078595,132,36.26,2,18.13,1,"	1291,1297" 
2023-05-16T20:00:00Z,"GOOGL",2023-05-22T19:50:00Z,Buy,115.6263665,121.83942276,36,223.67,2,2.5,1,"	1296,1305" 
2023-05-17T15:18:13.307604Z,"NVDA",2023-05-22T19:50:00Z,Buy,29.1877161485,31.236941008,146,299.19,2,60.39,1,"	1302,1310" 
2023-05-17T16:02:19.296576Z,"META",2023-05-22T19:50:00Z,Buy,237.163353424,243.936044448,18,121.91,2,21.63,1,"	1303,1311" 
2023-05-17T16:37:32.808286Z,"MCD",2023-05-22T19:50:00Z,Buy,276.015858405,277.329549385,15,19.71,2,9.71,1,"	1304,1312" 
2023-05-17T20:00:00Z,"MS",2023-05-22T19:50:00Z,Buy,75.412840259,75.143296576,57,-15.36,2,117.18,0,"	1298,1306" 
2023-05-17T20:00:00Z,"MSFT",2023-05-22T19:50:00Z,Buy,306.4400028,312.36666824,13,77.05,2,2.3,1,"	1299,1307" 
2023-05-17T20:00:00Z,"NFLX",2023-05-22T19:50:00Z,Buy,33.176,36.536,128,430.08,2,75.9,1,"	1300,1308" 
2023-05-17T20:00:00Z,"GS",2023-05-22T19:50:00Z,Buy,301.386639008,304.64653912,14,45.64,2,52.7,1,"	1301,1309" 
2023-05-23T20:00:00Z,"GOOGL",2023-05-25T14:30:00Z,Buy,123.070124,119.9933709,34,-104.61,2,104.61,0,"	1314,1319" 
2023-05-23T20:00:00Z,"MSFT",2023-05-30T19:50:00Z,Buy,314.01514472,326.64365204,13,164.17,2,78.7,1,"	1313,1327" 
2023-05-24T20:00:00Z,"INTU",2023-05-25T14:30:00Z,Buy,413.5493946,408.559297392,9,-44.91,2,44.91,0,"	1315,1320" 
2023-05-24T20:00:00Z,"MA",2023-05-30T19:50:00Z,Buy,363.54651258,368.46768258,11,54.13,2,9.42,1,"	1316,1328" 
2023-05-25T15:31:54.055414Z,"GS",2023-05-30T19:50:00Z,Buy,298.724542928,310.120182288,14,159.54,2,0,1,"	1321,1331" 
2023-05-25T20:00:00Z,"NVDA",2023-05-30T19:50:00Z,Buy,38.476669595,38.912292237,141,61.42,2,74.67,1,"	1317,1329" 
2023-05-25T20:00:00Z,"MS",2023-05-30T19:50:00Z,Buy,74.202177954,76.66005086,58,142.56,2,0,1,"	1318,1330" 
2023-05-26T16:35:20.55551Z,"NKE",2023-05-31T19:50:00Z,Buy,102.215264168,101.302288232,42,-38.34,2,39.54,0,"	1324,1337" 
2023-05-26T20:00:00Z,"AAPL",2023-05-31T19:50:00Z,Buy,171.091131056,175.00985136,25,97.97,2,0,1,"	1322,1335" 
2023-05-26T20:00:00Z,"AMZN",2023-05-31T19:50:00Z,Buy,116.06,121.66,37,207.2,2,0,1,"	1323,1336" 
2023-05-30T20:00:00Z,"GOOGL",2023-06-01T19:50:00Z,Buy,124.58865053,121.94859787,35,-92.4,2,92.4,0,"	1325,1341" 
2023-05-30T20:00:00Z,"ORCL",2023-06-01T19:50:00Z,Buy,101.7086805,102.667648059,43,41.24,2,0,1,"	1326,1342" 
2023-05-31T15:30:48.514896Z,"META",2023-06-05T19:50:00Z,Buy,260.698951264,270.718958952,16,160.32,2,0,1,"	1334,1352" 
2023-05-31T20:00:00Z,"MS",2023-06-05T19:50:00Z,Buy,75.892536644,77.043807968,56,64.47,2,66.52,1,"	1332,1350" 
2023-05-31T20:00:00Z,"CMCSA",2023-06-05T19:50:00Z,Buy,31.679926355764,31.663767250252,137,-2.21,2,34.31,0,"	1333,1351" 
2023-06-01T20:00:00Z,"CRM",2023-06-02T14:30:00Z,Buy,205.5030848,210.34426324,19,91.98,2,0,1,"	1340,1346" 
2023-06-01T20:00:00Z,"MSFT",2023-06-06T19:50:00Z,Buy,320.01049668,329.63642184,13,125.14,2,0,1,"	1338,1353" 
2023-06-01T20:00:00Z,"NVDA",2023-06-06T19:50:00Z,Buy,38.46667825,39.1370974995,114,76.43,2,68.23,1,"	1339,1354" 
2023-06-02T20:00:00Z,"AVGO",2023-06-07T19:50:00Z,Buy,76.1381734288,76.0765418,57,-3.51,2,120.76,0,"	1343,1356" 
2023-06-02T20:00:00Z,"MCD",2023-06-07T19:50:00Z,Buy,270.45319839,268.415601918,16,-32.6,2,81.05,0,"	1344,1357" 
2023-06-02T20:00:00Z,"GS",2023-06-07T19:50:00Z,Buy,298.881470116,307.57798348,14,121.75,2,24.24,1,"	1345,1358" 
2023-06-05T15:10:36.551507Z,"ORCL",2023-06-12T19:50:00Z,Buy,102.570782649,106.435712508,42,162.33,2,74.45,1,"	1349,1367" 
2023-06-05T20:00:00Z,"BLK",2023-06-08T19:50:00Z,Buy,638.502772215,640.158983233,6,9.94,2,27.88,1,"	1347,1362" 
2023-06-05T20:00:00Z,"GOOGL",2023-06-12T19:50:00Z,Buy,123.02049895,121.31339723,35,-59.75,2,179.59,0,"	1348,1366" 
2023-06-07T16:44:18.784418Z,"NVDA",2023-06-08T14:30:00Z,Buy,38.620544963,37.4464403025,113,-132.67,2,132.67,0,"	1355,1360" 
2023-06-08T15:05:28.631594Z,"NVDA",2023-06-13T19:50:00Z,Buy,37.4464403025,39.4519107678,116,232.63,2,0,1,"	1361,1371" 
2023-06-08T20:00:00Z,"MS",2023-06-13T19:50:00Z,Buy,78.94431936,79.876300908,55,51.26,2,8.04,1,"	1359,1370" 
2023-06-09T20:00:00Z,"GS",2023-06-12T19:50:00Z,Buy,315.493316531,316.255673222,13,9.91,2,0,1,"	1363,1368" 
2023-06-09T20:00:00Z,"AMZN",2023-06-14T19:50:00Z,Buy,123.98,126.66,35,93.8,2,19.25,1,"	1364,1372" 
2023-06-09T20:00:00Z,"MSFT",2023-06-14T19:50:00Z,Buy,318.7545146,328.01738244,13,120.42,2,0,1,"	1365,1373" 
2023-06-13T20:00:00Z,"ORCL",2023-06-20T19:50:00Z,Buy,119.405990907,121.546716468,38,81.35,2,241.47,1,"	1369,1381" 
2023-06-15T20:00:00Z,"GS",2023-06-20T19:50:00Z,Buy,317.479208652,318.410977941,13,12.11,2,17.5,1,"	1374,1382" 
2023-06-15T20:00:00Z,"XOM",2023-06-20T19:50:00Z,Buy,96.0831966,95.782652004,45,-13.52,2,31.15,0,"	1375,1383" 
2023-06-15T20:00:00Z,"MSFT",2023-06-20T19:50:00Z,Buy,331.01015224,335.90651988,13,63.65,2,73.6,1,"	1376,1384" 
2023-06-15T20:00:00Z,"NVDA",2023-06-20T19:50:00Z,Buy,42.5825231085,42.6594644268,101,7.77,2,0,1,"	1377,1385" 
2023-06-20T15:21:30.085167Z,"PYPL",2023-06-26T19:50:00Z,Buy,66.276785848,66.785609584,66,33.58,2,128.4,1,"	1380,1389" 
2023-06-20T20:00:00Z,"ADBE",2023-06-22T14:30:00Z,Buy,485,477.48,8,-60.16,2,67.04,0,"	1378,1386" 
2023-06-20T20:00:00Z,"MS",2023-06-23T14:30:00Z,Buy,79.58391454,77.221980911,54,-127.54,2,127.54,0,"	1379,1388" 
2023-06-22T15:08:51.965009Z,"NKE",2023-06-27T19:50:00Z,Buy,104.937098058,106.616396954,41,68.85,2,36.77,1,"	1387,1390" 
2023-06-28T20:00:00Z,"NVDA",2023-07-03T16:50:00Z,Buy,40.629013014,42.2697616458,104,170.64,2,30.66,1,"	1391,1397" 
2023-06-29T14:19:46.935171Z,"AAPL",2023-07-05T19:50:00Z,Buy,186.8054956,189.983903504,23,73.1,2,34.05,1,"	1393,1400" 
2023-06-29T20:00:00Z,"GS",2023-07-05T19:50:00Z,Buy,298.599115786,307.220334662,14,120.7,2,7.25,1,"	1392,1399" 
2023-06-30T20:00:00Z,"NKE",2023-07-05T14:30:00Z,Buy,106.463733418,104.126073023,40,-93.51,2,93.51,0,"	1394,1398" 
2023-06-30T20:00:00Z,"DIS",2023-07-05T19:50:00Z,Buy,87.24542132,88.456891896,50,60.57,2,1.95,1,"	1395,1401" 
2023-07-03T17:00:00Z,"MS",2023-07-06T19:50:00Z,Buy,78.889496916,78.496602734,56,-22,2,23.54,0,"	1396,1402" 
2023-07-07T20:00:00Z,"GS",2023-07-12T19:50:00Z,Buy,294.77792052,302.006191368,14,101.2,2,0,1,"	1403,1409" 
2023-07-10T16:31:34.284403Z,"PEP",2023-07-17T19:50:00Z,Buy,168.110683496,172.821235202,26,122.47,2,26.98,1,"	1405,1411" 
2023-07-10T20:00:00Z,"DIS",2023-07-17T19:50:00Z,Buy,86.17072968,86.61037626,50,21.98,2,88.42,1,"	1404,1410" 
2023-07-11T15:06:12.112439Z,"MS",2023-07-17T19:50:00Z,Buy,76.221471308,78.39609492,57,123.95,2,21.35,1,"	1406,1412" 
2023-07-11T16:30:37.506885Z,"MSFT",2023-07-17T19:50:00Z,Buy,325.60354188,338.76191664,13,171.06,2,0,1,"	1407,1413" 
2023-07-12T16:28:25.707045Z,"NVDA",2023-07-17T19:50:00Z,Buy,42.3726831495,45.4343480751,104,318.41,2,52.79,1,"	1408,1414" 
2023-07-18T15:20:26.243067Z,"RTX",2023-07-24T19:50:00Z,Buy,91.076252512,91.142441649,48,3.18,2,34.95,1,"	1417,1439" 
2023-07-18T20:00:00Z,"META",2023-07-24T14:30:00Z,Buy,308.812863304,292.218777232,14,-232.32,2,302.39,0,"	1416,1435" 
2023-07-18T20:00:00Z,"MS",2023-07-24T19:50:00Z,Buy,79.985945796,85.897632674,56,331.05,2,0,1,"	1415,1438" 
2023-07-19T15:21:18.398839Z,"GOOGL",2023-07-21T14:30:00Z,Buy,122.83192376,118.3061192,36,-162.93,2,162.93,0,"	1420,1431" 
2023-07-19T15:21:55.126735Z,"TMO",2023-07-24T19:50:00Z,Buy,519.711081648,557.929218209,8,305.75,2,0,1,"	1421,1441" 
2023-07-19T20:00:00Z,"NVDA",2023-07-21T14:30:00Z,Buy,47.4368208267,45.485309208,93,-181.49,2,181.49,0,"	1419,1430" 
2023-07-19T20:00:00Z,"GS",2023-07-24T19:50:00Z,Buy,318.1192118,331.258099956,13,170.81,2,0,1,"	1418,1440" 
2023-07-20T15:25:28.31984Z,"MCD",2023-07-25T19:50:00Z,Buy,277.462152921,278.575284327,16,17.81,2,27.47,1,"	1426,1451" 
2023-07-20T15:26:14.877813Z,"CMCSA",2023-07-25T19:50:00Z,Buy,34.750312178998,35.222219953847,127,59.93,2,33.07,1,"	1427,1452" 
2023-07-20T15:49:54.503382Z,"MA",2023-07-25T19:50:00Z,Buy,392.557732871,398.984218467,11,70.69,2,8.46,1,"	1428,1453" 
2023-07-20T20:00:00Z,"NFLX",2023-07-21T14:30:00Z,Buy,44.668,43.742,93,-86.12,2,86.12,0,"	1423,1432" 
2023-07-20T20:00:00Z,"MSFT",2023-07-24T14:30:00Z,Buy,346.93561252,337.31949972,12,-115.39,2,115.39,0,"	1425,1436" 
2023-07-20T20:00:00Z,"LMT",2023-07-25T19:50:00Z,Buy,423.355117536,426.4221640275,10,30.67,2,11.67,1,"	1422,1449" 
2023-07-20T20:00:00Z,"AAPL",2023-07-25T19:50:00Z,Buy,192.619415648,190.2602868,23,-54.26,2,72.65,0,"	1424,1450" 
2023-07-21T15:29:39.759353Z,"PG",2023-07-26T19:50:00Z,Buy,141.214800985,144.235137479,31,93.63,2,0,1,"	1433,1462" 
2023-07-21T20:00:00Z,"ISRG",2023-07-24T14:30:00Z,Buy,335.91,336.66,12,9,2,0,1,"	1429,1437" 
2023-07-24T20:00:00Z,"CVX",2023-07-31T19:50:00Z,Buy,142.631057338,141.252506868,31,-42.74,2,102.84,0,"	1434,1477" 
2023-07-25T14:09:18.982667Z,"META",2023-07-31T19:50:00Z,Buy,289.587159752,323.222210336,15,504.53,2,0,1,"	1447,1480" 
2023-07-25T15:24:46.524266Z,"MRK",2023-07-28T14:30:00Z,Buy,100.6612191,97.4048319,44,-143.28,2,143.28,0,"	1448,1472" 
2023-07-25T20:00:00Z,"RTX",2023-07-26T14:30:00Z,Buy,81.03441487,82.35819761,48,63.54,2,0,1,"	1444,1458" 
2023-07-25T20:00:00Z,"BLK",2023-07-28T14:30:00Z,Buy,710.307186105,688.145186597,6,-132.97,2,132.97,0,"	1442,1471" 
2023-07-25T20:00:00Z,"GS",2023-07-28T19:50:00Z,Buy,335.916946401,333.658111761,13,-29.36,2,37.32,0,"	1443,1473" 
2023-07-25T20:00:00Z,"NVDA",2023-07-31T19:50:00Z,Buy,44.9087489397,46.714371825,99,178.76,2,22.46,1,"	1445,1478" 
2023-07-25T20:00:00Z,"MS",2023-07-31T19:50:00Z,Buy,86.564639076,84.442053845,51,-108.25,2,108.25,0,"	1446,1479" 
2023-07-26T14:12:58.982764Z,"LMT",2023-07-31T19:50:00Z,Buy,424.046019942,419.2097031,10,-48.36,2,51.44,0,"	1457,1483" 
2023-07-26T14:53:32.35746Z,"V",2023-07-31T19:50:00Z,Buy,233.786495854,230.90689345,19,-54.71,2,79.09,0,"	1459,1484" 
2023-07-26T15:30:27.453614Z,"QCOM",2023-07-31T19:50:00Z,Buy,118.369574862,122.543316168,37,154.43,2,36.77,1,"	1460,1485" 
2023-07-26T15:41:42.051739Z,"PYPL",2023-07-31T19:50:00Z,Buy,72.791725056,73.809372528,61,62.08,2,85.2,1,"	1461,1486" 
2023-07-26T20:00:00Z,"MSFT",2023-07-27T14:30:00Z,Buy,335.092094,331.43208372,12,-43.92,2,43.92,0,"	1456,1468" 
2023-07-26T20:00:00Z,"AAPL",2023-07-31T19:50:00Z,Buy,191.14866168,193.300503056,23,49.49,2,29.06,1,"	1454,1481" 
2023-07-26T20:00:00Z,"NKE",2023-07-31T19:50:00Z,Buy,103.33413093,103.639458002,42,12.82,2,65.32,1,"	1455,1482" 
2023-07-27T13:30:32.188093Z,"ABT",2023-08-01T19:50:00Z,Buy,108.613548784,106.004843282,40,-104.35,2,104.35,0,"	1467,1496" 
2023-07-27T20:00:00Z,"MA",2023-08-01T19:50:00Z,Buy,396.2342346,388.624960244,11,-83.7,2,98.01,0,"	1463,1492" 
2023-07-27T20:00:00Z,"MCD",2023-08-01T19:50:00Z,Buy,275.4528564,276.58485444,16,18.11,2,30.04,1,"	1464,1493" 
2023-07-27T20:00:00Z,"CMCSA",2023-08-01T19:50:00Z,Buy,36.206717208274,36.825079120146,127,78.53,2,12.4,1,"	1465,1494" 
2023-07-27T20:00:00Z,"RTX",2023-08-01T19:50:00Z,Buy,81.015503688,83.143011663,54,114.89,2,26.04,1,"	1466,1495" 
2023-07-28T20:00:00Z,"PG",2023-08-02T19:50:00Z,Buy,145.182510106,146.561359375,31,42.74,2,4.36,1,"	1469,1500" 
2023-07-28T20:00:00Z,"XOM",2023-08-02T19:50:00Z,Buy,95.71890012,97.08501192,46,62.84,2,40.64,1,"	1470,1501" 
2023-07-31T20:00:00Z,"GS",2023-08-01T19:50:00Z,Buy,334.006348768,334.938118057,13,12.11,2,0,1,"	1474,1497" 
2023-07-31T20:00:00Z,"BLK",2023-08-03T19:50:00Z,Buy,698.452215329,677.168012224,6,-127.71,2,127.71,0,"	1475,1508" 
2023-07-31T20:00:00Z,"HON",2023-08-03T19:50:00Z,Buy,174.11839124871,172.24327011219,25,-46.88,2,46.88,0,"	1476,1509" 
2023-08-01T16:40:42.912759Z,"PYPL",2023-08-03T14:30:00Z,Buy,75.645128752,73.03117152,58,-151.61,2,151.61,0,"	1491,1506" 
2023-08-01T20:00:00Z,"COP",2023-08-04T19:50:00Z,Buy,107.858433254,105.770435271,41,-85.61,2,90.13,0,"	1489,1515" 
2023-08-01T20:00:00Z,"MS",2023-08-07T14:30:00Z,Buy,84.1008552,81.878453215,52,-115.56,2,115.56,0,"	1487,1516" 
2023-08-01T20:00:00Z,"META",2023-08-07T19:50:00Z,Buy,315.466386744,308.574528136,14,-96.49,2,166.56,0,"	1488,1519" 
2023-08-01T20:00:00Z,"MRK",2023-08-07T19:50:00Z,Buy,101.392056,97.13655,45,-191.5,2,191.5,0,"	1490,1520" 
2023-08-02T17:19:40.586818Z,"GS",2023-08-07T19:50:00Z,Buy,336.679303092,332.443988142,13,-55.06,2,81,0,"	1499,1522" 
2023-08-02T20:00:00Z,"PEP",2023-08-07T19:50:00Z,Buy,171.333692558,169.50640252,25,-45.68,2,85.17,0,"	1498,1521" 
2023-08-03T13:42:30.387632Z,"NVDA",2023-08-08T19:50:00Z,Buy,44.2352625951,45.38188808535,100,114.66,2,0,1,"	1504,1527" 
2023-08-03T13:44:44.43924Z,"RTX",2023-08-08T19:50:00Z,Buy,80.807480686,80.816936277,54,0.51,2,46.46,1,"	1505,1528" 
2023-08-03T15:02:37.038152Z,"PYPL",2023-08-04T14:30:00Z,Buy,73.03117152,64.031975248,60,-539.95,2,539.95,0,"	1507,1513" 
2023-08-03T20:00:00Z,"AAPL",2023-08-07T14:30:00Z,Buy,189.0264328,179.639271568,23,-215.9,2,215.9,0,"	1503,1517" 
2023-08-03T20:00:00Z,"JPM",2023-08-07T19:50:00Z,Buy,146.5000945,147.464159638,30,28.92,2,9.36,1,"	1502,1523" 
2023-08-04T14:53:28.493096Z,"PYPL",2023-08-09T19:50:00Z,Buy,64.031975248,63.044258584,68,-67.16,2,97.02,0,"	1514,1535" 
2023-08-04T20:00:00Z,"AMZN",2023-08-09T19:50:00Z,Buy,141,139.94,34,-36.04,2,77.52,0,"	1510,1532" 
2023-08-04T20:00:00Z,"MSFT",2023-08-09T19:50:00Z,Buy,325.770352,319.9319978,13,-75.9,2,75.9,0,"	1511,1533" 
2023-08-04T20:00:00Z,"NKE",2023-08-09T19:50:00Z,Buy,103.725331241,104.660395399,42,39.27,2,31.66,1,"	1512,1534" 
2023-08-07T17:41:15.612485Z,"MS",2023-08-14T19:50:00Z,Buy,81.878453215,80.900965205,53,-51.81,2,74.04,0,"	1518,1542" 
2023-08-08T17:41:56.701225Z,"META",2023-08-10T14:30:00Z,Buy,314.364086592,303.092819272,14,-157.8,2,157.8,0,"	1526,1538" 
2023-08-08T20:00:00Z,"GS",2023-08-10T14:30:00Z,Buy,330.82515665,322.533351159,13,-107.79,2,107.79,0,"	1524,1537" 
2023-08-08T20:00:00Z,"JPM",2023-08-11T19:50:00Z,Buy,145.857384408,145.139061364,29,-20.83,2,63.59,0,"	1525,1540" 
2023-08-09T15:30:11.872833Z,"MRK",2023-08-14T19:50:00Z,Buy,98.4409551,99.4215717,44,43.15,2,32.56,1,"	1530,1544" 
2023-08-09T16:20:22.235595Z,"ISRG",2023-08-14T19:50:00Z,Buy,302.87,304.49,14,22.68,2,2.52,1,"	1531,1545" 
2023-08-09T20:00:00Z,"PEP",2023-08-14T19:50:00Z,Buy,168.845272456,168.992190248,25,3.67,2,5.28,1,"	1529,1543" 
2023-08-10T20:00:00Z,"NVDA",2023-08-14T14:30:00Z,Buy,42.107885106,40.8238644045,102,-130.97,2,156.25,0,"	1536,1541" 
2023-08-11T20:00:00Z,"PYPL",2023-08-16T14:30:00Z,Buy,62.126380472,59.332838392,69,-192.75,2,261.6,0,"	1539,1547" 
2023-08-15T20:00:00Z,"MSFT",2023-08-21T19:50:00Z,Buy,316.939228,311.199024832,13,-74.62,2,74.62,0,"	1546,1553" 
2023-08-16T15:41:39.982684Z,"SQ",2023-08-18T14:30:00Z,Buy,58.36,56.1,74,-167.24,2,167.24,0,"	1549,1552" 
2023-08-16T15:41:39.982684Z,"PYPL",2023-08-21T19:50:00Z,Buy,59.332838392,59.282953712,73,-3.64,2,78.66,0,"	1548,1554" 
2023-08-17T13:31:55.160669Z,"NVDA",2023-08-22T19:50:00Z,Buy,43.4528593194,46.9312064493,100,347.83,2,18.69,1,"	1550,1556" 
2023-08-18T20:00:00Z,"HD",2023-08-23T19:50:00Z,Buy,305.55444964,305.00925312,14,-7.63,2,43.56,0,"	1551,1557" 
2023-08-22T20:00:00Z,"MSFT",2023-08-28T19:50:00Z,Buy,320.048845432,317.590561932,13,-31.96,2,89.87,0,"	1555,1566" 
2023-08-24T20:00:00Z,"AMD",2023-08-25T14:30:00Z,Buy,111,101.8,39,-358.8,2,358.8,0,"	1559,1564" 
2023-08-24T20:00:00Z,"ORCL",2023-08-25T14:30:00Z,Buy,116.33536288,109.754560685,38,-250.07,2,250.07,0,"	1562,1565" 
2023-08-24T20:00:00Z,"NVDA",2023-08-29T19:50:00Z,Buy,50.16174258,46.7993070465,92,-309.34,2,384.45,0,"	1558,1567" 
2023-08-24T20:00:00Z,"AMZN",2023-08-29T19:50:00Z,Buy,136.36,133.14,32,-103.04,2,144.64,0,"	1560,1568" 
2023-08-24T20:00:00Z,"META",2023-08-29T19:50:00Z,Buy,296.4293652,288.246524432,14,-114.56,2,180.74,0,"	1561,1569" 
2023-08-25T20:00:00Z,"INTU",2023-08-30T19:50:00Z,Buy,486.3333956,527.907501225,8,332.59,2,1.42,1,"	1563,1571" 
2023-08-30T20:00:00Z,"NVDA",2023-09-05T19:50:00Z,Buy,49.0066235676,48.4720312911,88,-47.04,2,74.39,0,"	1570,1572" 
2023-09-12T20:00:00Z,"ORCL",2023-09-13T14:30:00Z,Buy,108.869992,106.55650467,35,-80.97,2,80.97,0,"	1573,1574" 
2023-09-28T16:03:31.073967Z,"NVDA",2023-10-03T19:50:00Z,Buy,42.4391302536,44.7515571964,102,235.87,2,0,1,"	1575,1578" 
2023-09-29T20:00:00Z,"NKE",2023-10-04T19:50:00Z,Buy,95.16032162,91.034154757,50,-206.31,2,231.68,0,"	1576,1579" 
2023-09-29T20:00:00Z,"MSFT",2023-10-04T19:50:00Z,Buy,312.6936612,308.160586426,14,-63.46,2,115.78,0,"	1577,1580" 
2023-10-09T15:42:37.287776Z,"META",2023-10-16T19:50:00Z,Buy,313.241925176,312.507058408,13,-9.55,2,169.51,0,"	1581,1585" 
2023-10-11T15:19:20.554459Z,"MS",2023-10-16T19:50:00Z,Buy,73.892560605,71.734709715,58,-125.16,2,125.16,0,"	1582,1586" 
2023-10-12T13:37:39.96876Z,"PEP",2023-10-17T19:50:00Z,Buy,150.37406352,148.95003168,28,-39.87,2,117.55,0,"	1583,1589" 
2023-10-13T17:50:39.737541Z,"XOM",2023-10-18T19:50:00Z,Buy,97.76149929,102.27907773,44,198.77,2,0,1,"	1584,1595" 
2023-10-17T13:34:25.422214Z,"MS",2023-10-19T14:30:00Z,Buy,72.601538705,69.060450065,59,-208.92,2,295.98,0,"	1587,1599" 
2023-10-17T15:20:45.657157Z,"RTX",2023-10-23T19:50:00Z,Buy,70.440597054,69.079012115,61,-83.06,2,98.16,0,"	1588,1608" 
2023-10-18T15:18:17.433857Z,"META",2023-10-20T14:30:00Z,Buy,321.7524768,310.640099592,13,-144.46,2,144.46,0,"	1592,1605" 
2023-10-18T15:18:41.837408Z,"TMO",2023-10-19T14:30:00Z,Buy,481.425765678,464.036560164,9,-156.5,2,156.5,0,"	1593,1600" 
2023-10-18T16:08:26.142097Z,"UNH",2023-10-23T19:50:00Z,Buy,513.924643445,504.712018699,8,-73.7,2,73.7,0,"	1594,1610" 
2023-10-18T20:00:00Z,"GS",2023-10-20T14:30:00Z,Buy,291.10515546,283.93998651,14,-100.31,2,100.31,0,"	1590,1604" 
2023-10-18T20:00:00Z,"PG",2023-10-23T19:50:00Z,Buy,140.755184562,139.746038355,31,-31.28,2,31.28,0,"	1591,1609" 
2023-10-19T15:18:10.603059Z,"CMCSA",2023-10-24T19:50:00Z,Buy,36.051166201745,35.166675981439,119,-105.25,2,113.05,0,"	1601,1619" 
2023-10-19T15:28:06.572779Z,"MA",2023-10-24T19:50:00Z,Buy,388.132164702,378.715362354,11,-103.58,2,103.58,0,"	1602,1620" 
2023-10-19T16:33:37.114298Z,"MS",2023-10-24T14:30:00Z,Buy,69.060450065,66.11876445,62,-182.38,2,182.38,0,"	1603,1615" 
2023-10-19T20:00:00Z,"JPM",2023-10-24T14:30:00Z,Buy,138.516759828,134.2511901,31,-132.23,2,132.23,0,"	1596,1614" 
2023-10-19T20:00:00Z,"NVDA",2023-10-24T19:50:00Z,Buy,42.77090456,42.945785595,102,17.84,2,144.03,1,"	1597,1617" 
2023-10-19T20:00:00Z,"NFLX",2023-10-24T19:50:00Z,Buy,40.5,40.684,124,22.82,2,50.1,1,"	1598,1618" 
2023-10-20T15:18:55.824456Z,"XOM",2023-10-24T14:30:00Z,Buy,103.77575514,100.47020994,41,-135.53,2,135.53,0,"	1606,1616" 
2023-10-23T15:20:37.182394Z,"MCD",2023-10-30T19:50:00Z,Buy,244.792401574,242.563653584,17,-37.89,2,54.17,0,"	1607,1647" 
2023-10-24T20:00:00Z,"NKE",2023-10-30T14:30:00Z,Buy,99.238621118,93.800888454,43,-233.82,2,296.39,0,"	1611,1644" 
2023-10-24T20:00:00Z,"RTX",2023-10-30T19:50:00Z,Buy,74.982387375,75.372771868,61,23.81,2,21.49,1,"	1612,1648" 
2023-10-24T20:00:00Z,"PG",2023-10-30T19:50:00Z,Buy,139.812112132,138.905957476,30,-27.18,2,97.41,0,"	1613,1649" 
2023-10-25T15:19:56.1218Z,"QCOM",2023-10-26T14:30:00Z,Buy,104.262682859,99.868762318,41,-180.15,2,180.15,0,"	1623,1632" 
2023-10-25T15:20:38.88011Z,"PYPL",2023-10-26T14:30:00Z,Buy,54.114900864,51.371243464,79,-216.75,2,216.75,0,"	1624,1633" 
2023-10-25T16:04:42.924087Z,"NVDA",2023-10-26T14:30:00Z,Buy,43.6333178926,41.7505986358,97,-182.62,2,182.62,0,"	1625,1634" 
2023-10-25T16:36:30.917852Z,"META",2023-10-26T14:30:00Z,Buy,310.38190316,297.452220296,13,-168.09,2,168.09,0,"	1626,1635" 
2023-10-25T20:00:00Z,"TMO",2023-10-26T14:30:00Z,Buy,419.615134542,430.191664452,9,95.19,2,0,1,"	1622,1631" 
2023-10-25T20:00:00Z,"MSFT",2023-10-30T19:50:00Z,Buy,339.243123,324.306592454,13,-194.17,2,218.72,0,"	1621,1650" 
2023-10-26T15:19:41.153283Z,"QCOM",2023-10-31T19:50:00Z,Buy,99.868762318,102.775803023,42,122.1,2,0,1,"	1636,1654" 
2023-10-26T15:19:50.529974Z,"PYPL",2023-10-31T19:50:00Z,Buy,51.371243464,50.93225828,82,-36,2,111.26,0,"	1637,1655" 
2023-10-26T15:19:53.952397Z,"SQ",2023-10-30T14:30:00Z,Buy,41.74,39.995,101,-176.24,2,176.24,0,"	1638,1645" 
2023-10-26T17:18:35.733518Z,"NVDA",2023-10-27T14:30:00Z,Buy,41.7505986358,40.2985863852,101,-146.65,2,146.65,0,"	1639,1642" 
2023-10-26T20:00:00Z,"CMCSA",2023-10-27T14:30:00Z,Buy,32.758897048382,32.062770486104,121,-84.23,2,84.23,0,"	1630,1641" 
2023-10-26T20:00:00Z,"GOOGL",2023-10-31T19:50:00Z,Buy,122.077623,123.52667446,34,49.27,2,28.01,1,"	1627,1651" 
2023-10-26T20:00:00Z,"GS",2023-10-31T19:50:00Z,Buy,281.82365184,285.49639407,15,55.09,2,100.79,1,"	1628,1652" 
2023-10-26T20:00:00Z,"MS",2023-10-31T19:50:00Z,Buy,65.851338485,65.890724874,64,2.52,2,98.56,1,"	1629,1653" 
2023-10-27T15:12:25.545332Z,"NVDA",2023-11-01T19:50:00Z,Buy,40.2985863852,40.752277756,104,47.18,2,39.6,1,"	1643,1660" 
2023-10-27T20:00:00Z,"AAPL",2023-11-01T19:50:00Z,Buy,164.946878768,168.791817397,25,96.12,2,0,1,"	1640,1659" 
2023-10-30T15:18:31.664094Z,"SQ",2023-11-06T20:50:00Z,Buy,39.995,48.68,105,911.92,2,81.38,1,"	1646,1669" 
2023-11-01T20:00:00Z,"MS",2023-11-06T20:50:00Z,Buy,66.432113462,71.183265036,63,299.32,2,12.94,1,"	1656,1670" 
2023-11-01T20:00:00Z,"GS",2023-11-06T20:50:00Z,Buy,287.86896657,310.92088098,14,322.73,2,0,1,"	1657,1671" 
2023-11-01T20:00:00Z,"GOOGL",2023-11-06T20:50:00Z,Buy,123.070124,128.1318791,34,172.1,2,0,1,"	1658,1672" 
2023-11-02T13:46:38.960223Z,"NVDA",2023-11-07T20:50:00Z,Buy,42.296227465,45.7198984702,100,342.37,2,0,1,"	1666,1677" 
2023-11-02T17:32:48.992541Z,"MCD",2023-11-07T20:50:00Z,Buy,248.453238698,255.035158294,17,111.89,2,0,1,"	1667,1678" 
2023-11-02T20:00:00Z,"ABNB",2023-11-03T14:30:00Z,Buy,122.53,115.5,35,-246.05,2,246.05,0,"	1662,1668" 
2023-11-02T20:00:00Z,"MSFT",2023-11-07T20:50:00Z,Buy,341.2097498,350.580726502,12,112.45,2,0,1,"	1661,1673" 
2023-11-02T20:00:00Z,"QCOM",2023-11-07T20:50:00Z,Buy,112.4691158,114.308653033,40,73.58,2,24.4,1,"	1663,1674" 
2023-11-02T20:00:00Z,"COP",2023-11-07T20:50:00Z,Buy,109.437945597,109.995023457,39,21.73,2,128.55,1,"	1664,1675" 
2023-11-02T20:00:00Z,"PYPL",2023-11-07T20:50:00Z,Buy,54.92303268,54.494024432,82,-35.18,2,121.08,0,"	1665,1676" 
2023-11-08T17:02:19.181497Z,"NVDA",2023-11-13T20:50:00Z,Buy,45.923759791,48.302141867,93,221.19,2,0,1,"	1681,1688" 
2023-11-08T21:00:00Z,"MS",2023-11-13T20:50:00Z,Buy,70.389850726,70.315176438,61,-4.56,2,101.35,0,"	1679,1686" 
2023-11-08T21:00:00Z,"XOM",2023-11-13T20:50:00Z,Buy,95.24561211,95.26397625,45,0.83,2,33.06,1,"	1680,1687" 
2023-11-09T18:34:38.125566Z,"RTX",2023-11-14T20:50:00Z,Buy,79.21948736,78.105463319,54,-60.16,2,60.16,0,"	1685,1692" 
2023-11-09T21:00:00Z,"DIS",2023-11-14T20:50:00Z,Buy,85.809242492,87.382200256,52,81.79,2,103.64,1,"	1682,1689" 
2023-11-09T21:00:00Z,"NFLX",2023-11-14T20:50:00Z,Buy,43.803,44.462,98,64.58,2,28.22,1,"	1683,1690" 
2023-11-09T21:00:00Z,"PEP",2023-11-14T20:50:00Z,Buy,154.96055568,155.13624792,27,4.74,2,35.45,1,"	1684,1691" 
2023-11-15T16:53:33.316376Z,"MS",2023-11-20T20:50:00Z,Buy,73.096793666,74.935648008,59,108.49,2,1.1,1,"	1695,1702" 
2023-11-15T21:00:00Z,"NVDA",2023-11-20T20:50:00Z,Buy,49.891060985,49.2644872196,87,-54.51,2,90.16,0,"	1693,1700" 
2023-11-15T21:00:00Z,"GS",2023-11-20T20:50:00Z,Buy,322.93558812,321.90114651,13,-13.45,2,44.54,0,"	1694,1701" 
2023-11-16T17:30:27.717863Z,"MSFT",2023-11-21T20:50:00Z,Buy,364.239251964,371.895104448,11,84.21,2,68.5,1,"	1697,1705" 
2023-11-16T21:00:00Z,"DIS",2023-11-21T20:50:00Z,Buy,91.759126208,92.833817848,47,50.51,2,17.91,1,"	1696,1704" 
2023-11-20T21:00:00Z,"AAPL",2023-11-24T17:50:00Z,Buy,187.927710804,189.343007973,23,32.55,2,18.44,1,"	1698,1712" 
2023-11-20T21:00:00Z,"GOOGL",2023-11-24T17:50:00Z,Buy,132.61798362,137.45146349,32,154.67,2,0,1,"	1699,1713" 
2023-11-21T21:00:00Z,"NVDA",2023-11-24T15:30:00Z,Buy,50.0919243452,48.6828828632,85,-119.77,2,119.77,0,"	1703,1711" 
2023-11-22T21:00:00Z,"ORCL",2023-11-27T20:50:00Z,Buy,113.85374535,113.414720625,38,-16.68,2,17.05,0,"	1706,1715" 
2023-11-22T21:00:00Z,"MSFT",2023-11-27T20:50:00Z,Buy,372.4468776,371.885251356,11,-6.18,2,6.18,0,"	1707,1716" 
2023-11-22T21:00:00Z,"SQ",2023-11-27T20:50:00Z,Buy,58.77,59.65,73,64.24,2,0,1,"	1708,1717" 
2023-11-22T21:00:00Z,"GS",2023-11-27T20:50:00Z,Buy,319.76583126,321.86318535,13,27.27,2,0,1,"	1709,1718" 
2023-11-22T21:00:00Z,"MS",2023-11-27T20:50:00Z,Buy,73.544839394,73.41415939,59,-7.71,2,16.52,0,"	1710,1719" 
2023-11-27T21:00:00Z,"NVDA",2023-11-29T20:50:00Z,Buy,47.76750556,47.7884912842,90,1.89,2,37.86,1,"	1714,1723" 
2023-11-29T21:00:00Z,"NKE",2023-12-04T20:50:00Z,Buy,105.97834611,109.005528992,41,124.11,2,16.88,1,"	1720,1725" 
2023-11-29T21:00:00Z,"MS",2023-12-04T20:50:00Z,Buy,72.322047928,75.505039454,60,190.98,2,0,1,"	1721,1726" 
2023-11-29T21:00:00Z,"GS",2023-12-04T20:50:00Z,Buy,322.4489803,333.385454617,13,142.17,2,0,1,"	1722,1727" 
2023-11-30T21:00:00Z,"CRM",2023-12-05T20:50:00Z,Buy,246.0109044,247.650977096,19,31.16,2,175.33,1,"	1724,1728" 
2023-12-06T14:54:02.419414Z,"MSFT",2023-12-11T20:50:00Z,Buy,367.047383184,368.732261916,11,18.53,2,40.32,1,"	1729,1731" 
2023-12-06T15:46:09.925087Z,"MS",2023-12-11T20:50:00Z,Buy,74.832970862,76.802505208,58,114.23,2,41.15,1,"	1730,1732" 
2023-12-12T14:47:17.006402Z,"ORCL",2023-12-13T15:30:00Z,Buy,112.263500235,98.351294505,38,-528.66,2,528.66,0,"	1733,1734" 
2023-12-14T16:18:15.984801Z,"NKE",2023-12-19T20:50:00Z,Buy,116.392315368,116.363498256,37,-1.07,2,14.57,0,"	1736,1738" 
2023-12-14T21:00:00Z,"GS",2023-12-19T20:50:00Z,Buy,351.077091548,360.14776316,12,108.85,2,81.18,1,"	1735,1737" 
2023-12-21T18:55:23.131724Z,"GS",2023-12-26T20:50:00Z,Buy,361.219403688,364.214256235,12,35.94,2,0,1,"	1739,1740" 
