pair_a,pair_b,coint_pvalue,coint_score,hedge_ratio,half_life,spread_std,adf_pvalue,adf_stat
EURAUD,CADCHF,0.002742043756763633,-4.28085755793877,-0.5239771464875718,101.06101281066623,0.05226990814620578,0.0004793171457991683,-4.2808840904645535
EURAUD,AUDCHF,0.005145523160433734,-4.0999524326144785,-0.4533272407538133,103.70802679118403,0.042006479009193555,0.0009539898616159983,-4.103970939407042
EURCHF,AUDCHF,0.005149222821396919,-4.099740218891689,0.5475704218947416,104.88441105077078,0.04203713580343857,0.0009568773670124725,-4.103177570521054
EURCHF,CHFJPY,0.007713077536112318,-3.978163866212074,-0.4288312284538237,106.0969047205871,0.047622834069204464,0.00152156581163575,-3.9795314170494294
EURJPY,CHFJPY,0.007873011966469888,-3.971861817595741,0.5713266285916433,106.40817841971405,0.04762972753308218,0.0015506315744355027,-3.974404075244329
NZDUSD,EURCHF,0.010290181757755411,-3.8884261942872587,0.8171776666692222,110.79709055257764,0.0733835684321295,0.002120540098015484,-3.888577127600582
AUDCHF,CADCHF,0.010524755682346837,-3.88129505977929,1.2183172151825818,86.14481919227354,0.04222603037299276,0.0021738584925322,-3.881683556256455
EURNZD,NZDCHF,0.011310476496755784,-3.858399455607196,-0.3182194535847623,130.00146696422695,0.05161900862346392,0.0023473264557060235,-3.8602898857471226
EURCHF,NZDCHF,0.011486859681106968,-3.853455132326245,0.6831658206532297,129.33304288976558,0.05174444886823479,0.002394165877422479,-3.8547639895257317
EURCHF,CADCHF,0.01392851338487117,-3.791150216717056,0.6952059029107369,102.53936340042102,0.03922414339320701,0.0029928732128159186,-3.791748758836213
EURUSD,USDCAD,0.01410396086262085,-3.7870560412998295,-0.6727148104563683,104.68303017937205,0.04231637158587454,0.003049291641067727,-3.7864256925874966
EURCHF,GBPAUD,0.014733426499632427,-3.772728005768934,-0.7235226377961715,151.67332394377624,0.0827407664961086,0.0031053818513396476,-3.781222633807108
USDCHF,AUDJPY,0.015444059372079133,-3.7571872945851963,-0.31224130838980463,99.13081431854432,0.05585861315885051,0.003381665896378759,-3.7567906951478807
NZDUSD,GBPCHF,0.015744799301395836,-3.750799472683629,0.7249387153036608,109.41150466540715,0.07319605998094617,0.0034526059260488007,-3.750813703389875
USDJPY,AUDCHF,0.0164144975662636,-3.7369517394571914,-0.9760789992484847,103.83046656377441,0.08588442931055881,0.0036203281426743983,-3.737118601631152
NZDUSD,AUDCHF,0.016421147361382494,-3.736816745894506,0.5526089907117734,108.55778657651321,0.05728337437155958,0.0036267044287335943,-3.736609519024504
EURUSD,AUDUSD,0.017407966800189044,-3.717296549210645,0.5073392054675316,117.47957553624828,0.043580367421369386,0.0038843411101207813,-3.716696344894081
USDCHF,EURJPY,0.018019924434996188,-3.705673342406243,-0.23578007396208897,106.32648451473759,0.05478417257128408,0.004039983956629529,-3.705244748356562
USDCHF,CADJPY,0.01998197327422966,-3.670600220726296,-0.24007875714428367,103.80852947319178,0.057158218232420455,0.004552821319992098,-3.670171904575811
NZDUSD,CADCHF,0.022311007699564008,-3.63266642411358,0.6191525654943824,114.69749853581271,0.07216285263082213,0.005168096210731408,-3.6325663700046644
EURAUD,GBPCHF,0.022965807652074906,-3.6226215776954866,-0.5250346681123765,133.69576922306115,0.06532628381335563,0.005341840960361728,-3.622685999405205
AUDUSD,USDCAD,0.024563226867395153,-3.5991180665382987,-1.27410672793887,85.06391845359552,0.040018225046823154,0.005775037178590616,-3.5992680141766944
AUDUSD,EURAUD,0.02493223701039568,-3.593876838383178,-1.5572927476648568,136.93310036749,0.07742031374574618,0.005875581959534746,-3.5940613638469467
EURUSD,EURAUD,0.02625967385802054,-3.5755588120309856,-0.5575691773720504,138.53971228575452,0.07745450033062978,0.006248445762626232,-3.5754328560645603
EURAUD,EURCHF,0.027340215488013735,-3.5612263656437464,-0.5376747051458556,126.0960180654904,0.07044102385795575,0.006509478311255976,-3.5629815893401013
USDCHF,EURNZD,0.02852350241202069,-3.5460777859541524,-0.30485019428280813,119.40482760835937,0.05985642472163761,0.006888292716241302,-3.545692461504188
USDJPY,CADCHF,0.029157178788554554,-3.538185221771317,-1.1676031389867974,112.33820716995588,0.10034169843902783,0.0070505365138612,-3.5385491586503597
USDJPY,EURCHF,0.029996064694403676,-3.5279590821568143,-1.5610894083128195,106.30302390877307,0.10004507687245849,0.004332201575467881,-3.6847936076877006
USDCHF,GBPJPY,0.030039032420049842,-3.527441898743022,-0.1896581300005099,112.7946688739517,0.05708154824474278,0.007320427955665438,-3.5269885526614804
EURAUD,CHFJPY,0.030649240783418102,-3.5201643386076866,0.3020794044067257,131.88945908683294,0.061502310706262574,0.007489106511274768,-3.519957016294904
EURCHF,CADJPY,0.03361591856134028,-3.486446718850676,-0.5387787813534544,152.84474885188416,0.08617827932148205,0.008324336801428123,-3.4871113844389994
GBPAUD,CADCHF,0.03640511865551588,-3.456972230901262,-0.47109823627292385,132.3929787349024,0.0613926119594073,0.00916787987878255,-3.456817893392807
AUDUSD,CADCHF,0.03821310108244562,-3.4388686634413714,0.9932410366445391,119.2194287822063,0.0790721544306961,0.009707716350640836,-3.4387173307973695
AUDUSD,EURCHF,0.04244546056892311,-3.3991455617211255,1.2414381299235986,143.83810132487707,0.09316944449101852,0.01098055438404614,-3.3993645135189965
EURNZD,GBPCHF,0.0452851265874033,-3.37430925056871,-0.19125595967020273,145.48791943823477,0.06307008285502007,0.011871900841292169,-3.3741609600684126
CADCHF,EURCAD,0.0452964990042284,-3.3742124185409836,-1.7897079452103763,171.93849397992994,0.09474833175690305,0.011498402237958488,-3.38450982559811
EURCHF,EURCAD,0.04553442262908421,-3.3721911929147534,-0.7907062414965225,170.33367896954053,0.09487345754137581,0.011578768202464278,-3.3822580756756273
NZDUSD,EURAUD,0.0481304394408438,-3.350687078978864,-0.9992474949886444,133.91241940296294,0.06817991817741245,0.012761643466290542,-3.3506272046139856
USDCAD,EURAUD,0.04815007865575067,-3.350528089883677,1.0984583247895994,137.63695726653498,0.07113856199583211,0.012729697063164696,-3.351446619761176
AUDJPY,CADJPY,0.04887273693081346,-3.3447146841394946,0.7479893881917399,113.0242232733741,0.043751947880886634,0.013019090624101125,-3.344089311881149
USDCHF,GBPNZD,0.049084421930942215,-3.3430252146642987,-0.23099597900323077,125.97884145851256,0.06131204595790494,0.013079718469707648,-3.342566335782656
NZDUSD,NZDCHF,0.049373505453613555,-3.340727694036615,0.743589166009046,126.44935691563144,0.05296377746226819,0.013173374605521185,-3.3402259285431817
EURNZD,CHFJPY,0.050323208048649495,-3.3332569786924684,0.1050070623855786,145.9869118609749,0.06297280057931584,0.013463734775186831,-3.3330624670635483
USDCHF,NZDCHF,0.05063132058905727,-3.330858165745688,0.25739792500358377,127.16424495743465,0.05293331434049153,0.013573885155408437,-3.3303806736167356
USDCHF,CHFJPY,0.051079964106293604,-3.327386608809645,-0.15636965843262698,124.96405522336013,0.053135807069431294,0.01371910380858146,-3.3268743426113456
USDJPY,CHFJPY,0.05270083436235914,-3.315049414755981,0.8437666462887402,125.61799057247279,0.053148987418878205,0.014238686290668948,-3.314591829697428
EURCHF,GBPJPY,0.05341555978844735,-3.3097078780931244,-0.45831390327101934,149.0107961899633,0.08237979122043995,0.011093828417348057,-3.396062700194253
EURUSD,AUDNZD,0.054644710437622604,-3.300656924591833,0.8575742603851955,141.46800541549277,0.0674145856712316,0.014861350628477397,-3.3003832783808855
EURNZD,AUDCHF,0.05775930618922478,-3.278444206921157,-0.15629486940714044,156.8442825417225,0.061109251005542875,0.015878204818236295,-3.2782697243101873
GBPNZD,CHFJPY,0.05920782472722456,-3.2684439707475295,0.10066820790242657,143.02551366806395,0.06353179753951778,0.016361873400825278,-3.268185546924443
GBPNZD,NZDCHF,0.059271967627874275,-3.26800574897664,-0.23424894165806945,152.99629955859555,0.059426310318468366,0.01638292445613511,-3.2677526202192078
GBPNZD,CADJPY,0.059888617501339,-3.263812297291634,0.22975047957989167,125.76327819438383,0.06206830193254132,0.016589168972632434,-3.2635367185624458
EURUSD,GBPAUD,0.061240990716398505,-3.25473655650466,-0.5893607031787479,166.55837532600927,0.07552104608001142,0.017035404266078358,-3.254570234091086
GBPCHF,NZDCHF,0.06241175140104602,-3.2470094046520104,0.766963242506628,154.05931030454582,0.05951000523559925,0.017446005910704568,-3.246499821354217
EURAUD,EURCAD,0.06405586608426811,-3.2363528898712395,1.3040132275885947,111.47420051823386,0.04910309712120692,0.017966672255901303,-3.236501900101217
EURUSD,CADCHF,0.06511643545794733,-3.2295948267854335,0.4696334928288886,130.84388446078611,0.06455187421435979,0.018356443803999527,-3.229181987528934
GBPAUD,NZDJPY,0.06592788249138826,-3.224483595467189,0.42071522807609457,128.8106032879767,0.0743496239087999,0.01861786116151804,-3.2243482940398303
EURUSD,NZDUSD,0.06649542878170109,-3.2209385571101126,0.6580283392675279,163.9607148629726,0.0547405050134873,0.018825310247734914,-3.2205544892803486
EURNZD,CADCHF,0.0677416013786722,-3.2132388060486816,-0.1499500875113362,158.35705097613143,0.0636442710015456,0.019241201313772133,-3.2130573386113084
GBPAUD,CHFJPY,0.07021847563283873,-3.1982647298043623,0.2977919438325644,134.62589926370939,0.06245058884805641,0.020102600663470464,-3.1979680067888068
USDJPY,EURAUD,0.07026199509930779,-3.198005418874123,1.605648970538446,157.33114701835265,0.1266085288138691,0.020090167498260397,-3.198181762064841
EURUSD,GBPUSD,0.07212974789928514,-3.1869948764047122,0.7561750949267966,155.45369677233845,0.047710278636108897,0.0207736072390469,-3.1865989517129445
USDCHF,NZDJPY,0.07359133960060844,-3.178535418791036,-0.1924214672794788,129.8795314017599,0.05871951474281774,0.021292792845021023,-3.1780192072676194
EURUSD,AUDCHF,0.07360208122636674,-3.1784737425863376,0.3966439742453509,137.838578370331,0.060264260903975506,0.021294726554699397,-3.177987593037699
GBPCHF,AUDCHF,0.07468129746228491,-3.1723130873659424,0.5967268020040337,157.69707866490614,0.05544923736447462,0.021674714050396667,-3.1718229834368223
EURNZD,CADJPY,0.07565303882501181,-3.1668258480354994,0.16365190652332118,148.15596421657713,0.06446384088579965,0.022002843638964847,-3.1665746298227297
GBPAUD,AUDCHF,0.0758450226534965,-3.165748339667677,-0.4041193847328675,158.71797322197625,0.05544795279595262,0.022070804573371544,-3.165496098885445
CADJPY,CHFJPY,0.08008820023867724,-3.142464205455572,0.42622163464719715,143.00453435372486,0.06312941839938029,0.023561501894223458,-3.1425333863224085
CADCHF,CHFJPY,0.08028723260250814,-3.141396035147116,-0.5738191295158621,142.86819026832129,0.06312304092194129,0.023650744373528685,-3.141198938406452
NZDUSD,CHFJPY,0.08068257249633004,-3.139280452894715,-0.37721430690573055,139.48363342340429,0.07718757835422681,0.023795451694645392,-3.1390443337800753
NZDJPY,CADCHF,0.08275780281295148,-3.1283063529648802,-0.5494479158464414,138.6593175747581,0.09456890836710936,0.02454036304701334,-3.1281287475941197
GBPUSD,EURAUD,0.08598100306622514,-3.1116795448669308,-0.7373617927364781,171.55505154414342,0.08072215684104289,0.025707816302964606,-3.1115825701563695
GBPCHF,EURCAD,0.08870193155460715,-3.098016264449384,-1.0795034265960262,184.68562575988153,0.1011548878637042,0.02628821381684712,-3.103595953578708
AUDJPY,CHFJPY,0.08973127794705316,-3.092931813630708,0.2697266403105526,149.619214089164,0.07437137312777939,0.027108149557752384,-3.0925673556806355
EURUSD,EURCAD,0.09018200929698356,-3.090719588656981,-0.4411049043228094,184.17202126863748,0.08876913085133877,0.027258119289207152,-3.0905812041620155
EURJPY,NZDCHF,0.09049989226629834,-3.08916451412503,-0.7350690024848323,142.90526707232732,0.09059268562016973,0.02735528129252278,-3.0892994152112636
AUDNZD,EURCAD,0.09145517169235884,-3.0845164932659963,-0.7987361854364996,156.3536693905537,0.057200572127568836,0.027724234011238493,-3.0844673421950533
EURAUD,NZDCHF,0.0916422845396685,-3.083610454595767,-0.5293218800658638,157.1647300936781,0.055738351205724075,0.03217343974868968,-3.0301460882568083
EURNZD,EURCHF,0.09207601059375697,-3.081515721742221,-0.11349381140188769,161.62583240317844,0.06597874213379044,0.027968853654773997,-3.0812938952819313
GBPNZD,AUDJPY,0.09218190890593031,-3.0810054252643586,0.16706966937985276,137.1262145145319,0.06536134101098132,0.028015056616029724,-3.080697174044159
USDCAD,EURCAD,0.09637264495587661,-3.0611629219105465,1.441182852525726,185.89799308464748,0.08876777634802296,0.02955077636526658,-3.0613262891786843
USDCHF,EURAUD,0.10032991982114137,-3.043021662617972,-0.1737494785187265,145.84523512014576,0.061268038867142806,0.03111281173267022,-3.0424853856144125
EURUSD,GBPCHF,0.10035059278718655,-3.042928331617288,0.5340911675542614,149.6937773525609,0.0670511724753624,0.0311034294818516,-3.0425961237304757
NZDCHF,CHFJPY,0.10110043841035499,-3.0395528591178933,-0.5330058165405772,137.96009062308687,0.06650426145358182,0.03137951648840591,-3.039349302131966
NZDJPY,CHFJPY,0.10255906422154965,-3.033040706327954,0.46718291704563253,140.2792060559562,0.06649682639063198,0.03197741614483648,-3.0324003198542426
EURCHF,GBPCHF,0.10331779630752153,-3.0296809327702974,0.7890200423543443,166.59261907455942,0.047908298408124265,0.032196331630251616,-3.029883597141703
EURGBP,GBPCHF,0.10353878952954321,-3.028705847577078,-0.21202604372262698,128.24923553339542,0.04791820755682735,0.03227241575163469,-3.029012310738192
EURJPY,EURCHF,0.10354507464551832,-3.0286781388292945,-0.8568084068940787,147.08420816843486,0.0991046802750847,0.03224874935719961,-3.029283142308374
GBPNZD,AUDCHF,0.10780457516549996,-3.0101839863409126,-0.10701044297046254,164.83661617968556,0.06455157378038806,0.033980128581343805,-3.009900247873348
EURNZD,GBPJPY,0.10872591497818734,-3.0062560667791827,0.11360588010170067,163.57896792807162,0.06503903999167915,0.03433929979389909,-3.0059843967398834
GBPNZD,CADCHF,0.11276199320987723,-2.9893365517078276,-0.09696697228363643,164.41229333595766,0.06586131950420157,0.03592965582103224,-2.9890507066114487
USDCHF,GBPAUD,0.11304003984365618,-2.9881876733719395,-0.13405836967259824,146.90450521887598,0.062078301305672455,0.036065910312428694,-2.98762950112075
GBPAUD,EURCAD,0.11470998509780855,-2.981331314182016,1.0152739479260424,140.90490688736253,0.06837291764000956,0.03667728808510798,-2.9813076600401835
AUDUSD,GBPCHF,0.1162850598163151,-2.9749319268039542,1.0587558738447438,167.62891184867922,0.09959999468108131,0.03729833769088649,-2.9749759825035644
USDCHF,AUDCHF,0.11861154979727828,-2.9655957560963406,0.15087536548453664,150.18906906724436,0.05736166254926704,0.038289481214480996,-2.9650523683237346
EURJPY,AUDCHF,0.11964256995510997,-2.9615013998190354,-0.5794183012078902,153.60460758694998,0.08665237797269816,0.038630638664839734,-2.9616864758138397
GBPAUD,GBPCAD,0.11968126632886533,-2.961348236032474,1.1247637384442501,145.6311094141693,0.05154166310296855,0.03866200211782044,-2.9613782940661566
AUDUSD,AUDCHF,0.1197069217082507,-2.961246709760333,0.8496681267565485,150.5149230474858,0.05735914341946773,0.03871945862915999,-2.960814261700348
USDJPY,NZDCHF,0.12028138910509134,-2.9589775403442973,-1.1608124256127743,155.0747195419073,0.1127845679457803,0.038905925660049065,-2.958988595964917
AUDJPY,NZDCHF,0.12575786396350924,-2.93773396937014,-0.20636666479296362,157.0864917466356,0.09090021853693714,0.04117122772776641,-2.9373750379236134
EURUSD,EURJPY,0.1258215730405009,-2.937490847691264,-0.29411113841684317,189.36805599074154,0.083575358817779,0.048827288835286024,-2.8709873562863932
USDCHF,NZDUSD,0.12618874532401325,-2.9360914157636664,0.05145862036648562,149.80287637743527,0.06298060353575083,0.04137086530077082,-2.9355183154099027
USDJPY,EURJPY,0.12647484551376853,-2.9350030313561057,1.2943193415718188,189.18042057951024,0.08358816098183454,0.04862181837080034,-2.8726524695120506
GBPCHF,CHFJPY,0.13053705452058934,-2.9197388404247575,-0.4330553606068374,187.7714197579368,0.07179731641971444,0.04315176784803595,-2.919277546892816
NZDUSD,EURJPY,0.1318422863512222,-2.9149072694313145,-0.5048812922606509,164.76174822893242,0.0906979670871144,0.049445424753751084,-2.866012604349813
USDCHF,EURCAD,0.13301564824881412,-2.9105931663376983,-0.3494555790364169,153.63755548773926,0.059887406941209795,0.04427096729697737,-2.909354438284164
GBPJPY,CHFJPY,0.13414152263046825,-2.9064793070622694,0.5671333861492235,189.1399492937428,0.071827906103279,0.044611183257007005,-2.90637931410943
EURAUD,NZDJPY,0.13463409761247674,-2.9046872672685518,0.3328058596947922,171.60111846642621,0.08076221512854057,0.044818557584373656,-2.904575089863369
EURJPY,CADCHF,0.13604440326869038,-2.899582275609243,-0.6979503826622752,159.77946134630747,0.09123534207968205,0.04535964042621026,-2.899899887552665
USDCHF,GBPCAD,0.1381204172434628,-2.89213597226069,-0.19731156135552158,155.27226525543182,0.061893588574463816,0.04633807805031234,-2.8915618269689882
EURJPY,CADJPY,0.1391594853662237,-2.8884389566252797,1.0735996276993718,164.2315982006799,0.057579402009791746,0.046650295544687886,-2.8889318412884584
AUDUSD,EURCAD,0.1396005575564494,-2.8868755560020416,-1.744507865490515,165.67511068757597,0.12447701089852771,0.04685977453089275,-2.887175428988998
USDCHF,EURCHF,0.14305497069566503,-2.8747508808505238,0.2958902228567833,154.4529984871407,0.05502116866988617,0.048427158139496544,-2.8742353360627213
EURUSD,EURCHF,0.14439930296867454,-2.870088394579225,0.7042456513071836,154.92837207241723,0.055017461274333906,0.048993551537814116,-2.869644199664025
EURGBP,EURNZD,0.14637478803845283,-2.863292109577218,0.32262151450991916,134.10944453682308,0.04965525425896952,0.049835466625625525,-2.8628998325360904
USDCHF,NZDCAD,0.14806714717958513,-2.8575209521416935,0.040716824312892405,156.66530506771178,0.06319045678624396,0.05059260387211214,-2.8569141702957004
NZDJPY,NZDCHF,0.14903488958951105,-2.854241583246891,-0.41807382998306497,164.99506292948053,0.10847366096979229,0.05095643504442481,-2.8540639926123843
USDCAD,CADCHF,0.15043966756072158,-2.849507634787539,-0.7755422474298852,161.71817750631297,0.05473606505491179,0.051573432331440766,-2.849268521926711
GBPNZD,NZDJPY,0.1508103002862019,-2.848263791931519,0.04091509525366303,169.62595628760096,0.06707565379202438,0.05174773581492784,-2.847922315728881
USDCHF,AUDUSD,0.15163937115002868,-2.8454891267202567,0.027468321792560015,156.80094922372098,0.0630950811729384,0.05214252122746377,-2.844886940607252
EURGBP,NZDCHF,0.15173410125833175,-2.845172765174617,-0.0843569306675193,134.6825683846447,0.05295935057328907,0.05212302271522945,-2.8450364153742638
USDCAD,EURCHF,0.15279704781107867,-2.8416323256357456,-0.9452674480193688,163.42507026357325,0.07063068975678667,0.05239150274540336,-2.8429822729315553
USDCHF,CADCHF,0.1560013278708609,-2.8310619566204056,0.2254873358552165,164.23535653711582,0.05470328089022628,0.05404721221180159,-2.8305014135267297
EURCHF,GBPNZD,0.1568075144593391,-2.82842617773546,-0.26345164070215377,306.56457061822164,0.10395403733586839,0.04987895061336343,-2.8625540468080346
GBPJPY,NZDJPY,0.1579214812455922,-2.824799468782433,1.0400710893773795,171.34085922502723,0.06709192685072023,0.054749520169401746,-2.8253015681170104
EURCHF,GBPCAD,0.15851338618510546,-2.8228795864777823,-0.5991377467143447,251.04567180144693,0.09775567345144735,0.05377287301175124,-2.8325475964983267
USDCHF,USDCAD,0.15878191805944525,-2.8220102120328674,-0.031711688911116497,158.8191174489275,0.06313047717679612,0.055280984365002846,-2.82140268996426
EURGBP,AUDCHF,0.15892220836871157,-2.8215564228471357,-0.049611009347701664,136.63545406202158,0.05344758204091017,0.05527847985200859,-2.8214209915373476
EURGBP,CADCHF,0.16046423178826053,-2.816586563289075,-0.05336928584064696,137.60467186859083,0.05363724354246293,0.05596088556574259,-2.8164591533034793
EURUSD,NZDJPY,0.16328494689030826,-2.807579549085508,-0.36266497172734374,185.32492497149727,0.08109863397205193,0.05719563291505777,-2.8076049979103828
EURNZD,GBPNZD,0.16428228903017306,-2.8044203003302224,0.6734300636687687,183.5439729633365,0.04945326044414439,0.057684629282632495,-2.804141400387226
USDJPY,GBPAUD,0.1654143458582631,-2.8008501004075694,1.6215349838042785,171.56526528882628,0.1250090688188854,0.0581257558824857,-2.8010372576659686
GBPCHF,CADJPY,0.16650829440015158,-2.7974158201519734,-0.47250604629156523,215.30730295247696,0.1064971974037569,0.058669519063502124,-2.7972370631363432
EURAUD,GBPJPY,0.16660710545719942,-2.7971063728972836,0.34401378650760434,186.96189440970025,0.07571957931837618,0.05871310688265225,-2.796933679056997
GBPUSD,GBPCHF,0.16727493002753668,-2.795018196034634,0.7455562630151227,164.3628173659571,0.05549064678939255,0.05903852950958636,-2.7946743905873452
GBPNZD,EURCAD,0.16752105028773867,-2.79425004260884,0.21573474661916248,177.4256190135617,0.06607842649188742,0.059149244887632325,-2.7939080346265968
NZDJPY,GBPCAD,0.16830033032309377,-2.7918228957762756,0.9034073742726083,171.27758634597697,0.10664046834768638,0.05947150192648542,-2.791684009043883
USDCHF,GBPCHF,0.16879340412692068,-2.790291088576799,0.25487948675750877,164.75875923794266,0.055493723593423736,0.05975509012951389,-2.789734907071793
USDCHF,EURGBP,0.16892612144980262,-2.7898792987015866,-0.11091552873713315,163.78148079623028,0.06296335318308584,0.05982460521277873,-2.7892582722768
NZDJPY,EURCAD,0.1709841565293581,-2.7835214447769507,0.7745771714767511,197.26056230114506,0.11355455516176653,0.06068988222254104,-2.7833626063857633
GBPUSD,EURCAD,0.17146407159501537,-2.7820462655400515,-0.7303246264354254,209.75999167395491,0.0956598499818924,0.06089779044165301,-2.781956128365108
GBPUSD,AUDUSD,0.17176284375442574,-2.7811292902257456,0.554422561311153,189.85575146046912,0.05503508193972627,0.061078757255040216,-2.7807350590670135
USDCHF,AUDNZD,0.17265916646974583,-2.778384752804632,0.009008619084656107,162.82745532267532,0.06324565890082257,0.06152197522713775,-2.777756743758623
GBPAUD,CADJPY,0.1737554970387361,-2.775040745155954,0.3924073263801772,175.4761753744616,0.07880120120455297,0.06195603748372923,-2.7748566813845588
EURUSD,GBPCAD,0.17375995251197413,-2.7750271840102854,-0.40161335381934277,230.404143310081,0.08852518889582892,0.061957216447299894,-2.7748488268169034
EURAUD,GBPAUD,0.1737639186887417,-2.77501511233438,0.8213669355624698,187.2789992798654,0.05164039896979275,0.06194575127755081,-2.774925215927107
EURUSD,USDJPY,0.17659368968327266,-2.766448743229861,-0.37284082529496937,177.51091540633354,0.058182864714924766,0.06332292256943496,-2.7658299203344057
EURGBP,NZDCAD,0.17855662632336172,-2.7605600309820235,-0.10477499552353943,136.59799149362973,0.053705554025782656,0.06417261057352165,-2.7602973928830203
GBPUSD,NZDUSD,0.17857488725732323,-2.760505451309991,0.7514616274275139,193.45103676523837,0.06107347569809051,0.06418049611117203,-2.7602463246012503
USDCAD,AUDNZD,0.1797028638396157,-2.7571412121342505,-1.3558138582655532,167.01260867449912,0.07025091690143614,0.06467322373778212,-2.7570652716482766
AUDCHF,EURCAD,0.17997529575833243,-2.756330768812695,-2.0933435405358765,169.5317669142733,0.12788835892822636,0.06437608783211166,-2.758981244097047
EURGBP,EURCHF,0.1800528491191432,-2.7561002077670973,-0.006948700063457497,139.42148303248453,0.05415611754776332,0.06485687060014178,-2.7558846217841975
EURGBP,CHFJPY,0.18127921310818262,-2.752462997242987,0.004594687330137891,139.8480225011898,0.05415168974534431,0.0654255416271303,-2.752245613516841
AUDJPY,AUDCHF,0.18357208459499125,-2.7457059554351395,-0.12669140691256284,175.82190469011215,0.09237180321217514,0.06652820212899645,-2.7452611516168304
EURGBP,AUDNZD,0.1838907701524074,-2.7447711964114383,-0.0036600636300309192,140.00131944385723,0.054160400488342315,0.06664222778639754,-2.7445441908043042
EURNZD,GBPAUD,0.18423006334682163,-2.743777159330233,0.26497852295819785,193.5156570341271,0.06263441028889562,0.06681446870726214,-2.7434630475165567
GBPCHF,GBPAUD,0.1846765914945313,-2.742470780805219,-0.5446422877835313,221.76895421987624,0.10844557306343007,0.06700623668134592,-2.742261953567376
AUDJPY,CADCHF,0.18752116199630042,-2.734196736759943,-0.174713672971275,177.75773138635913,0.09180458777593833,0.06837343476443136,-2.733777504997986
EURUSD,GBPJPY,0.18754564377619776,-2.7341258830715707,-0.26865001822241186,222.70517208213965,0.0839667515991812,0.06833437042403341,-2.734018039393374
EURGBP,AUDJPY,0.18787090664554956,-2.7331850982171284,-0.14687322817139192,131.31678288809223,0.05233213704264384,0.0685243333471537,-2.732849391875234
NZDCHF,CADJPY,0.1883647818262007,-2.7317586474616924,-0.7015075570277369,175.46820706399512,0.10879714306245565,0.06872565086227927,-2.7316137078865315
EURGBP,EURAUD,0.18959059220418362,-2.7282286391017467,0.17998643502164555,140.99137701100733,0.051659581729096016,0.06931947817086569,-2.7279855355616744
USDJPY,GBPCHF,0.1905014784897281,-2.7256151120738457,-1.2154395679625185,196.3833140483009,0.12710055610688348,0.06966996377346578,-2.7258557393471365
GBPUSD,EURCHF,0.19561606493888267,-2.7110881948021235,0.7105635811296318,201.05916764893746,0.07312224814354083,0.07217399669108458,-2.7108823933162234
GBPJPY,GBPAUD,0.19674884571460366,-2.7079038944828286,1.2110624926168516,176.75400561477778,0.09309623822353082,0.07269516045850519,-2.707817977993631
EURGBP,NZDJPY,0.19822648578199925,-2.703767755280692,-0.08751289644057615,136.55466047903022,0.053095645840149204,0.07344395345064055,-2.703445436019908
EURGBP,CADJPY,0.19851574924429205,-2.702960368718497,-0.06573218481979196,139.44970647232165,0.05365113460895412,0.07357570676020485,-2.7026797228994455
EURUSD,NZDCHF,0.19919184110866878,-2.7010761941730324,0.4257334921369519,194.48788394789023,0.07253101414444896,0.07392542760439541,-2.700652491222042
USDCAD,GBPCHF,0.203520510015767,-2.6891079868240335,-0.7921152312095544,198.44113815325775,0.0776258728193133,0.07594005276118476,-2.689119594564486
EURNZD,AUDJPY,0.2038960032779546,-2.688077418164085,0.019959954641159863,189.52363791494753,0.06702810785414504,0.0761848011177821,-2.687735010585139
GBPCHF,CADCHF,0.2041052001259816,-2.6875037812063174,0.7480257491668149,176.3436237350116,0.05558243206733339,0.07627706069575085,-2.687213991555919
GBPUSD,CADCHF,0.20452854808309484,-2.6863440547975337,0.5226768525286419,185.37854459564952,0.07444950244093261,0.07648879604782849,-2.686020129109028
NZDUSD,EURCAD,0.2074255526975317,-2.6784481582437074,-0.9450438715677764,186.86080059238424,0.09889426411910995,0.07785680646093567,-2.67836870731309
EURGBP,EURCAD,0.2081156819709048,-2.6765773948907237,0.28907761993760817,145.97129707008094,0.0514796555872061,0.0782244797675733,-2.6763303064423427
EURUSD,CHFJPY,0.20939641602485765,-2.673115897415551,-0.2724429466527096,186.19676595902047,0.07047323097451993,0.07889749252381806,-2.6726184923940415
GBPAUD,NZDCHF,0.20946116748305288,-2.672941241944982,-0.4454561660749192,206.94542534042435,0.06767090338686035,0.07889144064996295,-2.672651758918346
EURCHF,NZDJPY,0.21021514449125694,-2.670909995221804,-0.555098814516608,141.76425608655424,0.08076233792637443,0.02688104217098174,-3.0955931034401147
GBPJPY,CADJPY,0.21028645943985924,-2.670718104597672,1.1399989177834207,174.64477857710204,0.06407830475482544,0.07921537951264235,-2.6708739071481093
AUDCHF,NZDJPY,0.21052927187366172,-2.6700650606943075,-0.8869906753156883,187.28737606980673,0.13953597219711247,0.07937756190979506,-2.669985952982472
EURCAD,GBPCAD,0.21194756022384525,-2.666259893400647,0.5533740751548112,167.1510128979648,0.04535490446051901,0.08012925692078049,-2.6658888639966425
EURJPY,GBPJPY,0.21443132582827623,-2.6596339465706946,0.8648167837932315,186.52303106749457,0.05050075493009994,0.08122765754398154,-2.659955829118609
GBPUSD,AUDCHF,0.21645688397504698,-2.654265325964349,0.4459806764406264,199.2879070590754,0.06895103432214639,0.08237676088010532,-2.653815651168787
EURGBP,GBPNZD,0.21648597203373826,-2.654188455261262,-0.3270479760543353,138.53708305181473,0.04949497529448172,0.082359849510175,-2.653905530109844
EURGBP,GBPCAD,0.21974052311974834,-2.6456273220697613,-0.44712497857725814,126.39191850229659,0.0454126239858478,0.084025563400418,-2.6451209953987362
EURUSD,CADJPY,0.22038966530835075,-2.6439290272645355,-0.2987672065002286,244.28843369266266,0.08604493895343408,0.0842660196083938,-2.643864118536723
EURNZD,GBPCAD,0.22169947698835868,-2.6405115227167206,0.060077418987569776,196.47712101886157,0.0669375646158415,0.0849769383670621,-2.6401643480106434
NZDJPY,CADJPY,0.2240991449766822,-2.6342820399646723,0.9109586521589574,203.73674855724124,0.06610066131605433,0.08616976456418257,-2.634010279522198
EURAUD,CADJPY,0.22459765552599503,-2.632992984006882,0.32627898921874304,206.47333513360977,0.08258702329432731,0.08639776106136898,-2.632841524856399
NZDCAD,GBPCAD,0.22474211891003826,-2.63261975104833,0.4946366991349781,184.65179382331874,0.05841183196443786,0.10198093925116053,-2.5580506492837305
NZDCAD,CADJPY,0.22701506788376513,-2.626766312172498,-0.0888501885640216,201.52655821698056,0.06616324326202161,0.087630455618122,-2.626563546291218
CADJPY,CADCHF,0.228546568691609,-2.622842104626498,-0.3927597211471389,179.95807067142658,0.09834646517088007,0.08839357419472443,-2.6227112335575353
USDJPY,NZDUSD,0.22890704461857408,-2.6198569087771495,-1.3669205309044614,192.40930722119623,0.11479215133560597,0.08891967101139198,-2.620070373582278
AUDNZD,GBPCAD,0.23404789605911552,-2.606927355630949,-0.6173185097553315,217.6276765126158,0.061432901359986976,0.09159667900263907,-2.606816131517476
USDCAD,GBPAUD,0.23493024166848764,-2.604725149265522,1.010822035760354,206.71106170908283,0.08110209074093824,0.09194259081636669,-2.6051253071804386
GBPJPY,CADCHF,0.23568412984943737,-2.6028474024097874,-0.6451289278974673,213.07065375098475,0.11131582432732821,0.0924017776122889,-2.602888324955192
GBPJPY,NZDCHF,0.235700150556496,-2.6028075371153547,-0.6512997285039486,211.10819543931174,0.11388044020048076,0.0924218901714412,-2.602790539566925
NZDUSD,USDCAD,0.23606429300248127,-2.6019018475033975,-0.7796620482474079,180.14862387479366,0.06117378235628588,0.0926498193611004,-2.601683508875835
GBPNZD,AUDNZD,0.23734436429677663,-2.5987245472952716,0.16553172999007207,194.84316567787363,0.06614593348178863,0.09334576919736065,-2.598316224514436
GBPAUD,AUDNZD,0.24012202417328382,-2.5918642265635747,-0.8355919564236731,194.8141868654208,0.06615380101032388,0.09473872091645624,-2.591633932210415
AUDCHF,CADJPY,0.24455512025915133,-2.5810096669407554,-0.8644188172367698,228.6191585440981,0.14731544696777518,0.09699647317713622,-2.580960809185239
USDCAD,AUDCHF,0.24635317319854744,-2.5766392427482674,-0.6240548531241434,156.11868604992208,0.05264680621283513,0.09805180013487941,-2.5760368085238454
GBPUSD,USDCAD,0.25006742022125095,-2.5676682029503555,-0.7213606757959342,181.99089842075944,0.05655639229052787,0.09996800948445134,-2.56719813723424
NZDCAD,EURCAD,0.25059543152173025,-2.566399011034903,0.49763896850583084,199.08965823275412,0.06032058058648715,0.1002076143327586,-2.566102009987154
EURNZD,EURCAD,0.2516741893321386,-2.563810633576692,0.5046236852505664,199.3448553935466,0.06027589139563284,0.1007728465451877,-2.5635240749234045
GBPNZD,GBPCAD,0.2534676112923048,-2.559521177679848,0.5071003308834413,182.12251639048858,0.05834070880230579,0.10173100462367435,-2.5591789712202266
AUDJPY,GBPCAD,0.2567412786477528,-2.551734575932006,0.2847361892613243,194.42618521114295,0.09316640037233544,0.10350673705923119,-2.5512074185608893
EURAUD,AUDNZD,0.25759781620367245,-2.5497063134535622,-0.8385756284748754,203.7072194101077,0.06599588807362224,0.10388425872827373,-2.549525985253783
EURCHF,AUDJPY,0.2589283896036433,-2.5465628735558536,-0.3940851841578034,226.5617012177443,0.0985803164628078,0.09051104341197636,-2.612154828283246
EURNZD,NZDCAD,0.25905199141180313,-2.5462713174714726,-0.6219696170981693,194.44702613507295,0.052582228019226705,0.10471022911574296,-2.545863212571371
GBPJPY,AUDCHF,0.26244140664676696,-2.538305592973745,-0.5302699369760044,217.1627193244933,0.10895330141971653,0.10643119771626319,-2.5383008384675154
AUDUSD,NZDJPY,0.2672133088588844,-2.5271843716675977,-0.6949962547534086,224.6655512861012,0.1363939884934902,0.10901040488642466,-2.5271371031175485
GBPUSD,AUDNZD,0.26752819457340193,-2.5264542619871966,0.8608929016321212,226.0084780059792,0.08326489912767013,0.10921785970036552,-2.5262477871380526
NZDUSD,GBPJPY,0.2679236664436917,-2.525537948352357,-0.38198635658644525,221.24898656734914,0.09897947731318861,0.10942621292150584,-2.525355889365825
EURGBP,GBPAUD,0.2700018275887974,-2.52073456346448,-0.17854533810827503,145.9021779254725,0.051702359061098435,0.09421239619373944,-2.594149929056451
EURGBP,GBPJPY,0.2762724917308522,-2.506357277273092,-0.13501522674707622,143.0859101601676,0.05056986999653432,0.11405813733761527,-2.505847096179779
NZDUSD,CADJPY,0.2768845264267259,-2.504963137695352,-0.4621981201870903,213.19586554231435,0.10044529741547471,0.11431115797401925,-2.504798504881332
EURNZD,AUDNZD,0.2769881002429953,-2.5047273665184435,0.1624642279316297,209.2158444983679,0.06597720773964044,0.11442442956081927,-2.50432963172255
AUDUSD,EURJPY,0.28320697438755515,-2.4906526693314923,-0.7702183613333464,230.8571442204117,0.12307897842629811,0.11778037336553515,-2.4905913215698074
EURUSD,GBPNZD,0.2856709056070329,-2.4851195460452744,-0.03247197164963444,308.91650585406796,0.09238368235481303,0.13075914763528818,-2.4400160134075524
EURUSD,NZDCAD,0.28657533917634115,-2.4830944979805394,-0.36151067676838883,246.82292265507579,0.08918834796287861,0.11962233332196864,-2.4831731897769074
AUDUSD,GBPAUD,0.29121909502316895,-2.472746500445009,-1.4102013590753295,263.6283229637441,0.0978420171349097,0.12222259791565093,-2.4728426117031113
NZDCAD,CHFJPY,0.2922244814866179,-2.470516826473679,0.04133105694854071,208.1751326593469,0.06630076948922636,0.12289393819594047,-2.4702016227512877
NZDUSD,GBPAUD,0.2929751569291689,-2.468854468215422,-0.8537864798331068,230.57564895293567,0.08279846227563403,0.12327096614659522,-2.4687230510216676
AUDCHF,CHFJPY,0.29378366159992203,-2.4670663597940394,-0.7303850511547091,149.60049216555933,0.07436311775678858,0.027208190741370507,-3.091241399622216
AUDUSD,CHFJPY,0.295085557081203,-2.464192052108027,-0.5742650070262809,222.08877418074945,0.0996777582900333,0.14039554598419834,-2.4047667508074033
GBPUSD,GBPAUD,0.2976195635342897,-2.458614937950039,-0.4107387807997312,265.79852947763345,0.09788420968173686,0.1259108971943229,-2.458461496744755
EURUSD,AUDJPY,0.2999102310721863,-2.4535928524509116,-0.08193399545723515,294.95737064415084,0.09208094370954034,0.12707556295541522,-2.453984104956063
AUDUSD,NZDUSD,0.3010921194525113,-2.451008766292601,1.2954705663152348,243.02564418380447,0.06577850145315375,0.1278180919147,-2.451145083659703
EURJPY,GBPCHF,0.3016939690486779,-2.4496947141652794,-0.6813606000436392,236.21165312099964,0.10677252445971652,0.12815955059267486,-2.4498435457825187
USDJPY,EURCAD,0.3057514050726846,-2.4408676358063053,1.7179662540039702,257.008296407134,0.16459537125779644,0.1305053667902888,-2.4409691582649145
EURJPY,NZDJPY,0.30617608222283366,-2.439946886172573,0.9519725204110828,218.6792077764444,0.0667763878281151,0.1900389245799799,-2.245815841476133
EURNZD,NZDJPY,0.30846977511901874,-2.434983999708568,-0.04695516410606608,218.24458485581712,0.0668091780668325,0.13221515774390868,-2.434573174560078
NZDUSD,EURNZD,0.3086887530662008,-2.4345110790580775,-0.9760907650640673,319.61042767936686,0.09233426097700043,0.14429033236591227,-2.391008358433503
USDJPY,AUDUSD,0.31561212429575336,-2.4196361184095085,-1.0439660620853735,215.53519458141093,0.09476100804336132,0.13628211567149734,-2.4195948230279196
EURUSD,USDCHF,0.3167587661111011,-2.417186643917863,-0.17775591305847116,349.76647662973767,0.0917233372602688,0.1366935149865104,-2.4180975738334123
GBPUSD,EURGBP,0.3216010366309966,-2.4068850146028287,-0.9145165460275554,291.49029667164297,0.09223149039591613,0.139758343237329,-2.407043322654504
NZDUSD,NZDJPY,0.3217683897391892,-2.406530187430747,-0.3153910227728588,218.48367434905887,0.1064107475515373,0.13996207040042657,-2.406314654683748
GBPNZD,NZDCAD,0.32203664539174326,-2.4059615890419,-0.5170362472203323,205.40922514724136,0.05768538197130789,0.14033067765999285,-2.404998173981252
USDJPY,NZDJPY,0.32282943544827536,-2.4042823667817106,1.3146170082385338,218.79861203386963,0.10634406575727626,0.14043746117618444,-2.4046172551987506
EURJPY,EURAUD,0.3232864421133793,-2.403315175027641,1.0480618399250947,217.4893105436396,0.09489915585489357,0.14083572189629456,-2.403198386628706
USDCAD,NZDJPY,0.32336328571446527,-2.4031526034793727,0.5384903332883678,246.93221558630566,0.10292478980164652,0.14086091641040188,-2.403108722814034
EURUSD,EURNZD,0.3288426606064152,-2.3916021527224616,0.024056171372811554,316.4984048231024,0.092395411384891,0.1439986586441212,-2.3920295476983857
EURJPY,GBPAUD,0.33460619064705965,-2.379538658382059,1.0320862772577744,182.64484812126713,0.09635384808105006,0.14760763014324968,-2.379494968003949
GBPJPY,AUDJPY,0.3347297000087706,-2.3792810752887625,1.1913072461597387,245.06660282444705,0.08847808381230586,0.14755983665654893,-2.3796595491012593
USDCAD,EURJPY,0.33711435508747123,-2.3743152584657135,0.5348425262847821,273.6240347789081,0.09888883891591893,0.14913339305186651,-2.374260363196053
GBPAUD,AUDJPY,0.33958807685468045,-2.369178737044544,0.19127036859501464,247.18593683044037,0.08853599508851709,0.15068508819271648,-2.368975036700324
GBPUSD,EURJPY,0.3424218066007527,-2.363312723249657,-0.30182223852571977,285.3937776095466,0.09654814897741501,0.15241803323979308,-2.3631169880200082
EURUSD,EURGBP,0.3427124355219664,-2.362712171665899,0.08443600792404334,326.6509777961846,0.09229631216485407,0.15241033533705045,-2.3631429073203303
AUDJPY,NZDCAD,0.345651372039388,-2.356650166341616,-0.05886834166164484,223.79707641400992,0.09496175102322231,0.15453711802350106,-2.3560161810423828
AUDNZD,NZDCAD,0.35304356248976626,-2.341487992154684,-0.8046060941600294,207.6351218855252,0.050367186641644836,0.15895699011751208,-2.341419534042178
AUDJPY,NZDJPY,0.361694147012664,-2.3238905579068083,0.6199704288746349,255.0322979145796,0.057428928443096425,0.17553868892119978,-2.289004735351391
AUDJPY,AUDNZD,0.3622954298535297,-2.3226729301288365,-0.03945401269663312,228.52882986343107,0.09499889388215832,0.16496548514544646,-2.3220165286918966
AUDJPY,EURCAD,0.3819960549496035,-2.283138421254599,-0.026015013244211026,234.08247044663082,0.09503131637767653,0.17768647373250596,-2.282462764881584
NZDCHF,CADCHF,0.3908937043317904,-2.265489348713398,0.8437310248100518,222.79425303507836,0.06312926407753738,0.18327339478060012,-2.2656871757909873
GBPUSD,EURNZD,0.39612490636666065,-2.2551655377753987,-0.29863795367480384,359.1691024663739,0.10275209969186455,0.1868763532262092,-2.2550463402800265
NZDCAD,CADCHF,0.39702772838468064,-2.253387521496,-0.15731210448557026,221.88084263279876,0.06314591476726249,0.1876090430557817,-2.2528988741098126
GBPUSD,NZDJPY,0.39756219374194873,-2.252335446557261,-0.2748184045032825,302.5679586379595,0.09915584495612219,0.1878647628764878,-2.2521506618031357
GBPUSD,USDJPY,0.40284029352795875,-2.2419651250006636,-0.36969485480104647,280.9582885128216,0.07675386284088942,0.1915065296336616,-2.241566218132714
GBPUSD,NZDCHF,0.4037982226936897,-2.2400866736923573,0.5097215081982328,257.2195117892617,0.0791124429231989,0.19216058151308663,-2.2396791137862344
AUDUSD,GBPJPY,0.4080467157688344,-2.2317685664040705,-0.6123136396646482,308.7445911485195,0.13444292066464777,0.19494276453965292,-2.2316977273142227
GBPUSD,CHFJPY,0.41817408289035923,-2.212019789755952,-0.2767958809203481,280.86315860804285,0.08526830200429604,0.20204235452146785,-2.2116556613385696
USDJPY,GBPJPY,0.43808343580525533,-2.1734704230272506,1.1334702123001348,344.663064365494,0.10290092283157834,0.215980400472933,-2.1735621253039175
GBPUSD,GBPJPY,0.44338518054341225,-2.163254717415621,-0.1334564271388317,346.7778453584583,0.10291419873695623,0.2199216951446682,-2.163067619148958
NZDUSD,AUDNZD,0.445919530816304,-2.158377459508725,0.6944371647381694,247.71234870049597,0.10093560357339793,0.22183803526602286,-2.1580063827923097
AUDUSD,AUDNZD,0.4485125741614851,-2.1533909888938703,1.6954013425675156,245.74552851970822,0.10098138875608204,0.2236619041107335,-2.153213932479568
USDCAD,CHFJPY,0.45056210466829427,-2.1494522204049513,0.4179899343159478,277.06203933743126,0.08068342811999045,0.22524749709738612,-2.1490667230520955
USDCAD,GBPJPY,0.45187124070461726,-2.1469374371836123,0.4309191998551193,348.39617189436876,0.10530425457548445,0.22610639946872702,-2.1468275496020164
GBPUSD,CADJPY,0.45851535928761616,-2.134186448270355,-0.2326281301887666,356.41295688289864,0.10134214072069718,0.23106480349213165,-2.133999386994431
AUDUSD,CADJPY,0.4629899161169624,-2.1256090478044842,-0.6246444726160496,342.07767444757627,0.144380876890893,0.23435554937936426,-2.1255758359835712
GBPAUD,NZDCAD,0.47680851152320874,-2.099155733707154,0.28799012174715843,292.0441733952057,0.08830468740694622,0.24496285658419475,-2.0988858156798416
CHFJPY,EURCAD,0.4923188386513971,-2.0694938958830824,2.067786524740798,317.9778959611013,0.1834865141930074,0.28821331226151226,-1.996264662911277
GBPJPY,GBPNZD,0.4941181674175843,-2.066052754881557,1.1353136377897035,300.64099309861626,0.12171196046926826,0.2583573974648336,-2.06611243574374
GBPUSD,NZDCAD,0.5146749367403088,-2.026698141623882,-0.256769541636317,375.32590710374853,0.10326524555382117,0.27508909856268143,-2.02646945119657
AUDNZD,CADJPY,0.5198323746790985,-2.0168046328937006,-0.16208609126815143,376.1015543550173,0.07141571376460137,0.26964398550291835,-2.039223668625072
USDCAD,CADJPY,0.5279748444279683,-2.00116037155587,0.37269403550024194,381.47190419681414,0.11468585593406433,0.2858986655554646,-2.00153909982864
USDJPY,CADJPY,0.5284965154165268,-2.0001569082187878,1.3723274514784576,384.0556910364317,0.11459919223550048,0.2861972842245504,-2.0008574034493716
AUDNZD,CADCHF,0.5372868229492418,-1.9832238053671536,0.37359123582491416,259.11381062023503,0.051647601506965034,0.2942998707640351,-1.982497044095864
EURAUD,GBPCAD,0.5385960614471764,-1.9806974924148897,0.6776843773025226,248.2020960129972,0.07857535104582956,0.295264549811576,-1.980328185541777
GBPCHF,NZDJPY,0.5410858603286726,-1.9758898257898885,-0.46707305712376024,222.71993053209,0.10453374493836758,0.08948984400250376,-2.617221847716616
GBPCHF,AUDNZD,0.5458455770681225,-1.9666861931938893,0.8696817304799893,321.7408905529009,0.10036976940102084,0.3015973308629979,-1.9661769458601102
AUDUSD,GBPCAD,0.5543965435115481,-1.9501048305124378,-1.0787972277274036,373.5946577698396,0.14401219368346932,0.30888347051847975,-1.9500739466317156
USDJPY,USDCAD,0.5564740275906053,-1.946066441053605,1.3173525368649808,275.86832609753804,0.10590443029970131,0.3108958634961031,-1.945658653502945
AUDCHF,NZDCHF,0.5567398329966541,-1.9455494502825696,1.2118442611085387,335.3910618019049,0.06814288840712983,0.31116169189084714,-1.945076429730467
GBPJPY,GBPCHF,0.559396398418344,-1.940378656314164,-0.47010840523175873,338.8827417256977,0.1323233154495506,0.31334004967624235,-1.940314173520779
AUDNZD,NZDCHF,0.5598375529363671,-1.9395193069632288,0.21071506388297265,337.80594838290415,0.06805356686109731,0.3138571533308694,-1.939185992443818
AUDNZD,NZDJPY,0.5628213137907496,-1.933701855996635,-0.3791889844445145,261.4298105187744,0.0573503034336431,0.17040557486713276,-2.3048591910223637
CADCHF,GBPCAD,0.5629267160646008,-1.9334961836194833,-1.1513378360390405,394.8050569704062,0.11856993067926255,0.31550966056083074,-1.935586498279328
GBPUSD,USDCHF,0.5630015955640907,-1.933350063479408,-0.09641277323445843,455.09513519785753,0.10450664927920339,0.3166424750665964,-1.9331240861807892
GBPCHF,GBPCAD,0.5630333784565058,-1.9332880404327082,-0.15213888880068738,385.5570369031772,0.11866598986571558,0.3156912281210705,-1.9351915457237465
GBPUSD,AUDJPY,0.5631621748401338,-1.933036688497764,0.06528225272714808,447.31301666262885,0.10450037632140348,0.31678756100096517,-1.932809007691094
USDCAD,GBPCAD,0.5638526453642817,-1.9316889040532748,0.9549186622491658,445.0814079879104,0.10462766573149059,0.31731061926709336,-1.9316736548945586
GBPUSD,GBPCAD,0.5657930106724081,-1.9278986060756127,0.04517966637841633,450.76356020870185,0.10464183504554858,0.3191552882423112,-1.9276765103556437
GBPJPY,EURCAD,0.5706615995698834,-1.9183698808720229,0.9880694308342138,347.4483544298401,0.1316547160371142,0.3235034378819573,-1.918296450671355
AUDUSD,NZDCHF,0.571440502580644,-1.91684289020823,0.9547600900726135,325.01386375669887,0.09654253990911368,0.32435851818962896,-1.9164585977924757
NZDUSD,GBPCAD,0.5803583487318474,-1.899306924539403,-0.46105076555808233,337.38523065825154,0.10900118899119411,0.3325254831579585,-1.899013182463272
EURJPY,AUDJPY,0.58383753688284,-1.8924375033523066,1.0438862290015731,356.368697066946,0.0902367469288296,0.3354358883293389,-1.892842059336009
EURAUD,NZDCAD,0.5849117868522652,-1.8903131199020369,0.18303179178862025,348.8482436124728,0.08958381247480406,0.33676299092329365,-1.8900358318376638
EURAUD,AUDJPY,0.5870014179082165,-1.8861761222116515,0.044158156747559726,358.86758942645713,0.09031942281848981,0.3387195917360788,-1.885907162004329
AUDUSD,EURNZD,0.5930123577134128,-1.8742403613234815,-0.7799086001046018,611.0185333894469,0.15191090962575826,0.34414385384014284,-1.8745139999979357
GBPJPY,GBPCAD,0.6007347160317958,-1.8588243373694182,1.4089881595829525,289.71804501716144,0.1095079008414791,0.3791454112842161,-1.8026528774739015
USDCAD,NZDCHF,0.6011684065154138,-1.857955691118027,-0.6679969185405643,348.00888163529027,0.08275383082438031,0.35226016700925766,-1.8576049876250202
CADJPY,GBPCAD,0.6015346167347201,-1.85722195676219,0.4093237848747418,290.06896692533525,0.10954553539726106,0.3799124615946693,-1.801106548402224
GBPCHF,AUDJPY,0.6019246135227865,-1.856440315721441,-0.24681756660678325,325.34587348130475,0.1167580466095813,0.2763790006035337,-2.023467836090553
EURJPY,EURCAD,0.6089192996354321,-1.8423767325745994,1.276859473018586,329.130054892233,0.11160159524679665,0.4251106335882244,-1.7116687542879674
CADJPY,EURCAD,0.6118558857249087,-1.8364462790097924,0.2777825569782634,329.8024009479447,0.11166337656525001,0.42556381727998865,-1.7107862558935747
GBPAUD,GBPNZD,0.6285186707876185,-1.8024759665836598,0.8013052925304879,496.3449193435867,0.07256336012202694,0.37926295445214914,-1.802415846061775
USDCAD,EURNZD,0.6342352406142888,-1.790685790375854,0.3566660722695322,655.7685429263234,0.1197853516831093,0.38481239463438066,-1.791254018154257
NZDUSD,AUDJPY,0.6353382115244621,-1.78840237342705,-0.10177742254895539,372.76773434159816,0.1127561724858566,0.38641206084281526,-1.7880468094416686
NZDUSD,GBPNZD,0.646513377843538,-1.7651015632162128,-0.7057228823013244,491.9803559923927,0.10273923042331186,0.3979886661514804,-1.7649656982960935
NZDUSD,EURGBP,0.6483949590048965,-1.7611474444519952,-0.4102366942701116,371.3348773230347,0.11096864987567885,0.4001033408236029,-1.7607728356623873
GBPUSD,GBPNZD,0.6530733082589979,-1.7512752432557865,0.2942992090357114,496.49043939802095,0.10279665749231984,0.4050534479225633,-1.7509844879804963
EURAUD,EURNZD,0.6536537115016291,-1.7500463479918986,0.8039520050062445,505.92322663373966,0.07259770189588725,0.4055502962171325,-1.750004014609289
AUDNZD,CHFJPY,0.6558029297122187,-1.7454876591241826,-0.1967515243568331,367.84593184409647,0.05975802290078339,0.4082368671856602,-1.7447085023155082
AUDNZD,AUDCHF,0.6634371706602998,-1.7291881490270793,0.2966649026275904,323.23991004037674,0.05185610075802944,0.4165208656555187,-1.7284424097183433
EURAUD,GBPNZD,0.6663256850716635,-1.7229760168912414,0.47447890065576936,389.3401134272237,0.08460010057486021,0.4196030711406016,-1.722413228562724
USDJPY,GBPCAD,0.6977896912861131,-1.653499577468637,1.3636159720740304,436.20582591835665,0.1702761558489608,0.45524173623085445,-1.6534500727499701
EURJPY,EURNZD,0.7178023710007015,-1.6072918269472765,0.8440253891749552,434.70829766286414,0.12157251529728928,0.4799710255328401,-1.6072094540634707
EURJPY,GBPNZD,0.7193099084817177,-1.6037373415738738,0.8083363333786113,376.4418892224317,0.12258375394533286,0.4817961112289585,-1.6035775607245268
USDJPY,EURNZD,0.7232252121668483,-1.5944539357710357,0.8199169609561514,690.8199045033122,0.18459377178869268,0.48636599210851195,-1.5944795986302474
EURCHF,AUDNZD,0.7350879124240532,-1.5658456719802163,0.8667683346695026,265.90043209183733,0.08390109391869872,0.32458947221966483,-1.9159625766278348
EURCHF,NZDCAD,0.7393875354757198,-1.5552871031156632,-0.3210192385575792,414.5346177215232,0.10324263707631669,0.3889609185841082,-1.782945753055642
AUDCHF,GBPCAD,0.7466411108393306,-1.5372294709284857,-1.2758336257310179,415.3063133628729,0.15529640719092222,0.5149785102720753,-1.5373141154221546
USDJPY,USDCHF,0.747549710362414,-1.5349450145525363,-0.8819242543086946,564.0990673762769,0.18435327912029278,0.5161627663502718,-1.5349378600583303
USDJPY,AUDJPY,0.7529777113715729,-1.5211887650576588,1.1257510294761675,648.2135322713635,0.16016767364225135,0.5229166086790278,-1.5213660958824655
AUDUSD,AUDJPY,0.753191322452827,-1.5206435169737298,-0.12575448971215744,652.3491446063202,0.16021164687919903,0.5277421109858205,-1.5116469140211104
GBPCHF,GBPNZD,0.7547622869921491,-1.5166243324663575,0.06331333379487442,469.4245750331663,0.11901405701377846,0.4526983306703427,-1.658332796683991
USDCAD,GBPNZD,0.7597587403975679,-1.5037306711942149,0.19436227244420573,787.4965311085925,0.12144717732032304,0.5315823188629792,-1.5038977200952501
AUDUSD,NZDCAD,0.7649084640547936,-1.4902586933065092,-0.5440776295421041,536.2090194836106,0.1564787755810203,0.5384627174573307,-1.4899788261133728
USDCAD,AUDJPY,0.7650990630059611,-1.489756396563243,0.07206215891879791,732.6285842264426,0.12195636269924001,0.5454962317948069,-1.4756998004296802
AUDUSD,GBPNZD,0.7665878333064742,-1.4858237172223656,-0.5069241272935785,794.8487555022054,0.15699854296341836,0.5405636270284196,-1.4857192410962556
NZDCHF,EURCAD,0.7721443725860169,-1.4709977618991181,-1.2931047609685216,264.9550222980189,0.11149206646523893,0.37146398601035713,-1.8182001618379844
NZDJPY,NZDCAD,0.7768636803967698,-1.4582151993296324,0.7468000284806201,469.1377481732127,0.11149951162350716,0.554364077579101,-1.457616469802312
AUDUSD,EURGBP,0.7776736531846138,-1.4560030914838393,-0.41720598243355367,697.0141507906002,0.15906039178871093,0.5552049511512385,-1.4558967705272265
EURJPY,GBPCAD,0.7825499154186217,-1.4425686746689128,0.9618700724301341,395.7965774848485,0.11811054307797186,0.5618207291535959,-1.4423344582260849
NZDUSD,NZDCAD,0.782752674129467,-1.442005632794773,0.2608992822929858,585.6799492162381,0.11181599210071132,0.5621585456041154,-1.4416403583310518
CHFJPY,GBPCAD,0.7871909950988694,-1.429589357557129,1.561010515056781,595.1404703939678,0.19376090429989554,0.5698031292307316,-1.4258900102185408
USDCAD,NZDCAD,0.790337023969026,-1.420679464214639,0.7381479476122402,576.4088120444101,0.11172066676315774,0.5724809027594019,-1.4203525410581
USDCAD,EURGBP,0.8011638401144336,-1.3892808773573044,0.24968174556563577,739.2475578326487,0.12139792681198375,0.5300891058816258,-1.506912477296486
GBPCHF,NZDCAD,0.8022508367229921,-1.3860620643912331,-0.21607050552226129,458.9783378188513,0.11820960098395757,0.5053734103801479,-1.5565527330372224
USDJPY,GBPNZD,0.8154441550692575,-1.3459344629389338,0.8408853095149186,777.9880555015991,0.18411609238415697,0.6078924658050611,-1.345959555105828
USDJPY,AUDNZD,0.8560288269982413,-1.2071119722102772,-1.7342976464785815,568.6751652171015,0.14407708994096807,0.6705993944496371,-1.2069487968087043
GBPJPY,AUDNZD,0.8591086222587787,-1.1953720270902517,-0.8736957219372329,597.0509917301894,0.12843641590684518,0.6757164490582244,-1.1950616508895007
EURJPY,AUDNZD,0.9299106406373956,-0.8352546296665766,-0.8766615148326207,708.4476364927118,0.11750259558773365,0.808747150974306,-0.8345986875025343
GBPJPY,NZDCAD,0.9360534610144168,-0.7896259657959959,0.22819091705503614,1136.3970554612308,0.14286092163642322,0.8222792910760481,-0.7891814714437881
AUDCHF,NZDCAD,0.9667078287107543,-0.4653661038923739,-0.5027977740525048,938.2329440852776,0.17343026147845794,0.8278114888989114,-0.7698744009481162
NZDCHF,GBPCAD,0.9705203792228564,-0.40373732691973935,-0.6577389807725254,566.2156045081775,0.12733215748835836,0.8167291941036365,-0.808106651484581
EURJPY,EURGBP,0.9708787482430258,-0.3974954380503241,0.048842500311824535,1787.8366943454355,0.1340688511271439,0.9106714038082637,-0.39656089093481417
USDJPY,NZDCAD,0.9721977289248984,-0.37375739378251205,0.48491017180518264,2923.1641825117213,0.1898517939652609,0.9145379129374617,-0.3728262552314108
EURJPY,NZDCAD,0.9728482902275901,-0.361576756912671,0.12335112848173577,1866.1840750551075,0.1338407591217209,0.9164683124255145,-0.36062512092339727
USDJPY,EURGBP,0.9747963639464596,-0.323011685766338,-0.03579196747120725,4238.4038693912635,0.1925938585072678,0.9223343565239037,-0.3219714628745936
NZDCHF,NZDCAD,0.9798282313066128,-0.20467909944544077,0.3026280942231802,1044.6626223926435,0.1329985723967587,0.9143045743077458,-0.374284774338164
