Time,Symbol,Price,Quantity,Type,Status,Value,Tag
2022-01-04T00:35:06Z,AMD,151,13,Market On Open,Filled,1963,"" 
2022-01-04T00:35:06Z,QCOM,171.0014207,11,Market On Open,Filled,1881.0156277,"" 
2022-01-04T00:35:06Z,JPM,147.457038528,13,Market On Open,Filled,1916.941500864,"" 
2022-01-04T00:35:06Z,GS,363.450523024,5,Market On Open,Filled,1817.25261512,"" 
2022-01-04T00:35:06Z,PYPL,195.5479456,10,Market On Open,Filled,1955.479456,"" 
2022-01-04T07:10:43Z,AVGO,61.4447113056,32,Market On Open,Filled,1966.2307617792,"" 
2022-01-04T07:11:58Z,BLK,830.055990036,2,Market On Open,Filled,1660.111980072,"" 
2022-01-04T07:41:37Z,MS,88.5428952,22,Market On Open,Filled,1947.9436944,"" 
2022-01-04T10:13:05Z,GE,60.532314950795,34,Market On Open,Filled,2058.098708327,"" 
2022-01-04T10:29:38Z,KO,53.07078972,38,Market On Open,Filled,2016.69000936,"" 
2022-01-05T15:30:00Z,AMD,144.42,-13,Market,Filled,-1877.46,"Liquidated" 
2022-01-06T09:05:46Z,LLY,250.15281363,7,Market On Open,Filled,1751.06969541,"" 
2022-01-06T15:30:00Z,PYPL,186.728334176,-10,Market,Filled,-1867.28334176,"Liquidated" 
2022-01-06T15:30:00Z,AVGO,59.56242744,-32,Market,Filled,-1905.99767808,"Liquidated" 
2022-01-06T15:42:39Z,META,321.921297544,6,Market,Filled,1931.527785264,"" 
2022-01-07T11:49:51Z,HON,183.65142269055,10,Market On Open,Filled,1836.5142269055,"" 
2022-01-07T20:50:00Z,BLK,809.949481887,-2,Market,Filled,-1619.898963774,"Liquidated" 
2022-01-07T20:50:00Z,MS,89.75818984,-22,Market,Filled,-1974.68017648,"Liquidated" 
2022-01-07T20:50:00Z,GE,61.063836085304,-34,Market,Filled,-2076.1704269003,"Liquidated" 
2022-01-07T20:50:00Z,KO,53.665395558,-38,Market,Filled,-2039.285031204,"Liquidated" 
2022-01-07T21:05:46Z,BLK,803.80808781,2,Market On Open,Filled,1607.61617562,"" 
2022-01-07T21:55:26Z,MS,90.904039072,22,Market On Open,Filled,1999.888859584,"" 
2022-01-09T11:20:37Z,HD,350.14230862,5,Market On Open,Filled,1750.7115431,"" 
2022-01-10T08:30:29Z,ISRG,321.18,6,Market On Open,Filled,1927.08,"" 
2022-01-10T15:30:00Z,QCOM,164.975220901,-11,Market,Filled,-1814.727429911,"Liquidated" 
2022-01-10T16:38:47Z,LMT,323.447510934,6,Market,Filled,1940.685065604,"" 
2022-01-10T20:50:00Z,LLY,249.57575985,-7,Market,Filled,-1747.03031895,"Liquidated" 
2022-01-10T20:50:00Z,META,329.488439128,-6,Market,Filled,-1976.930634768,"Liquidated" 
2022-01-10T20:50:00Z,HON,186.75917007428,-10,Market,Filled,-1867.5917007428,"Liquidated" 
2022-01-11T11:34:55Z,UNH,436.69076544,4,Market On Open,Filled,1746.76306176,"" 
2022-01-11T12:16:57Z,MA,355.591268213,5,Market On Open,Filled,1777.956341065,"" 
2022-01-11T13:23:42Z,AMZN,161.121121,12,Market On Open,Filled,1933.453452,"" 
2022-01-12T20:50:00Z,HD,349.482515421,-5,Market,Filled,-1747.412577105,"Liquidated" 
2022-01-12T21:17:26Z,PG,143.31444728,13,Market On Open,Filled,1863.08781464,"" 
2022-01-13T20:50:00Z,ISRG,323.16,-6,Market,Filled,-1938.96,"Liquidated" 
2022-01-13T20:50:00Z,LMT,324.435328864,-6,Market,Filled,-1946.611973184,"Liquidated" 
2022-01-13T21:07:16Z,NFLX,51.76,38,Market On Open,Filled,1966.88,"" 
2022-01-13T21:07:21Z,ISRG,310.39,6,Market On Open,Filled,1862.34,"" 
2022-01-14T20:50:00Z,UNH,436.905745911,-4,Market,Filled,-1747.622983644,"Liquidated" 
2022-01-14T20:50:00Z,MA,361.450459192,-5,Market,Filled,-1807.25229596,"Liquidated" 
2022-01-14T20:50:00Z,AMZN,160.835791956,-12,Market,Filled,-1930.029503472,"Liquidated" 
2022-01-15T12:46:13Z,QCOM,169.968096607,11,Market On Open,Filled,1869.649062677,"" 
2022-01-15T13:50:21Z,CVX,109.035762612,18,Market On Open,Filled,1962.643727016,"" 
2022-01-17T07:50:35Z,CAT,211.52902844,9,Market On Open,Filled,1903.76125596,"" 
2022-01-18T15:30:00Z,GS,344.213117472,-5,Market,Filled,-1721.06558736,"Liquidated" 
2022-01-18T15:30:00Z,BLK,767.53858818,-2,Market,Filled,-1535.07717636,"Liquidated" 
2022-01-18T15:30:00Z,MS,85.825843612,-22,Market,Filled,-1888.168559464,"Liquidated" 
2022-01-18T21:09:31Z,MS,85.079305476,24,Market On Open,Filled,2041.903331424,"" 
2022-01-19T08:02:10Z,GS,323.792010592,6,Market On Open,Filled,1942.752063552,"" 
2022-01-19T11:12:23Z,UNH,437.980648266,4,Market On Open,Filled,1751.922593064,"" 
2022-01-19T14:55:19Z,GOOGL,134.978150998,14,Market,Filled,1889.694113972,"" 
2022-01-19T15:30:00Z,JPM,136.393941803,-13,Market,Filled,-1773.121243439,"Liquidated" 
2022-01-19T15:30:00Z,ISRG,295.49,-6,Market,Filled,-1772.94,"Liquidated" 
2022-01-19T15:44:30Z,BLK,752.5242816,2,Market,Filled,1505.0485632,"" 
2022-01-19T15:45:54Z,JPM,136.393941803,14,Market,Filled,1909.515185242,"" 
2022-01-19T21:10:58Z,ABT,116.941502448,16,Market On Open,Filled,1871.064039168,"" 
2022-01-20T20:50:00Z,CAT,206.28300248,-9,Market,Filled,-1856.54702232,"Liquidated" 
2022-01-20T21:07:20Z,AAPL,160.776313942,12,Market On Open,Filled,1929.315767304,"" 
2022-01-24T15:30:00Z,NFLX,39.75,-38,Market,Filled,-1510.5,"Liquidated" 
2022-01-24T15:30:00Z,GOOGL,129.3739941015,-14,Market,Filled,-1811.235917421,"Liquidated" 
2022-01-24T15:30:00Z,BLK,724.413158196,-2,Market,Filled,-1448.826316392,"Liquidated" 
2022-01-24T15:30:00Z,JPM,130.812673212,-14,Market,Filled,-1831.377424968,"Liquidated" 
2022-01-24T18:10:17Z,JPM,130.812673212,15,Market,Filled,1962.19009818,"" 
2022-01-24T20:50:00Z,GS,310.753224208,-6,Market,Filled,-1864.519345248,"Liquidated" 
2022-01-24T21:25:19Z,GE,55.656983165295,33,Market On Open,Filled,1836.6804444547,"" 
2022-01-25T06:56:47Z,GS,305.286511968,6,Market On Open,Filled,1831.719071808,"" 
2022-01-25T07:26:47Z,BLK,700.073700963,2,Market On Open,Filled,1400.147401926,"" 
2022-01-25T11:06:59Z,COP,70.251453032,27,Market On Open,Filled,1896.789231864,"" 
2022-01-26T15:30:00Z,GE,55.663092603623,-33,Market,Filled,-1836.8820559195,"Liquidated" 
2022-01-26T15:57:58Z,AMD,111.13,17,Market,Filled,1889.21,"" 
2022-01-27T15:30:00Z,ABT,111.225967989,-16,Market,Filled,-1779.615487824,"Liquidated" 
2022-01-27T15:45:49Z,QCOM,152.7124987,12,Market,Filled,1832.5499844,"" 
2022-01-27T20:50:00Z,JPM,133.373384488,-15,Market,Filled,-2000.60076732,"Liquidated" 
2022-01-27T21:10:38Z,MA,352.138356,5,Market On Open,Filled,1760.69178,"" 
2022-01-28T15:30:00Z,AAPL,155.606374724,-12,Market,Filled,-1867.276496688,"Liquidated" 
2022-01-28T15:30:00Z,AMD,102.6,-17,Market,Filled,-1744.2,"Liquidated" 
2022-01-28T15:30:00Z,QCOM,147.40871132,-23,Market,Filled,-3390.40036036,"Liquidated" 
2022-01-28T15:31:07Z,AMD,102.6,19,Market,Filled,1949.4,"" 
2022-01-28T15:44:02Z,AAPL,155.606374724,12,Market,Filled,1867.276496688,"" 
2022-01-28T15:47:37Z,LMT,349.454062982,5,Market,Filled,1747.27031491,"" 
2022-01-28T20:50:00Z,PG,143.708791265,-13,Market,Filled,-1868.214286445,"Liquidated" 
2022-01-28T20:50:00Z,GS,308.150888464,-6,Market,Filled,-1848.905330784,"Liquidated" 
2022-01-28T20:50:00Z,BLK,712.691145348,-2,Market,Filled,-1425.382290696,"Liquidated" 
2022-01-28T20:50:00Z,COP,75.778937426,-27,Market,Filled,-2046.031310502,"Liquidated" 
2022-01-28T21:00:30Z,V,217.77406599,8,Market On Open,Filled,1742.19252792,"" 
2022-01-28T23:08:39Z,CAT,185.6137546,10,Market On Open,Filled,1856.137546,"" 
2022-01-29T00:46:23Z,MSFT,298.15730415,6,Market On Open,Filled,1788.9438249,"" 
2022-01-29T02:21:17Z,GS,311.37670048,6,Market On Open,Filled,1868.26020288,"" 
2022-02-01T15:15:00Z,AVGO,54.2712830304,91,Market,Filled,4938.6867557664,"" 
2022-02-01T15:15:00Z,NVDA,24.437799309,202,Market,Filled,4936.435460418,"" 
2022-02-01T15:15:00Z,COST,480.931444272,10,Market,Filled,4809.31444272,"" 
2022-02-01T15:15:00Z,TMO,574.86762485,8,Market,Filled,4598.9409988,"" 
2022-02-01T15:15:00Z,HD,331.686175574,14,Market,Filled,4643.606458036,"" 
2022-02-01T15:15:00Z,INTU,540.670425802,9,Market,Filled,4866.033832218,"" 
2022-02-01T15:15:00Z,QCOM,160.723046536,30,Market,Filled,4821.69139608,"" 
2022-02-03T20:50:00Z,MS,90.803263572,-24,Market,Filled,-2179.278325728,"Liquidated" 
2022-02-03T20:50:00Z,UNH,448.449262506,-4,Market,Filled,-1793.797050024,"Liquidated" 
2022-02-03T20:56:02Z,MS,90.803263572,22,Market,Filled,1997.671798584,"" 
2022-02-03T20:56:35Z,JPM,135.194735466,14,Market,Filled,1892.726296524,"" 
2022-02-14T15:30:00Z,MSFT,284.82542016,-6,Market,Filled,-1708.95252096,"Liquidated" 
2022-02-14T16:20:08Z,GOOGL,133.2755155325,14,Market,Filled,1865.857217455,"" 
2022-02-14T20:50:00Z,MA,361.694999717,-5,Market,Filled,-1808.474998585,"Liquidated" 
2022-02-14T20:50:00Z,AMD,113.18,-19,Market,Filled,-2150.42,"Liquidated" 
2022-02-14T20:50:00Z,AAPL,165.022553952,-12,Market,Filled,-1980.270647424,"Liquidated" 
2022-02-14T20:50:00Z,LMT,355.722216756,-5,Market,Filled,-1778.61108378,"Liquidated" 
2022-02-14T20:50:00Z,V,217.924696445,-8,Market,Filled,-1743.39757156,"Liquidated" 
2022-02-14T20:50:00Z,CAT,187.27957872,-10,Market,Filled,-1872.7957872,"Liquidated" 
2022-02-14T20:50:00Z,GS,328.056949728,-6,Market,Filled,-1968.341698368,"Liquidated" 
2022-02-14T22:05:21Z,MSFT,289.6137,6,Market On Open,Filled,1737.6822,"" 
2022-02-14T22:23:00Z,GS,328.987646192,6,Market On Open,Filled,1973.925877152,"" 
2022-02-14T23:48:27Z,AAPL,167.322144807,11,Market On Open,Filled,1840.543592877,"" 
2022-02-14T23:48:27Z,AXP,185.868657225,10,Market On Open,Filled,1858.68657225,"" 
2022-02-14T23:48:27Z,COST,489.488888916,4,Market On Open,Filled,1957.955555664,"" 
2022-02-14T23:48:27Z,MCD,232.530028212,8,Market On Open,Filled,1860.240225696,"" 
2022-02-14T23:48:27Z,NKE,135.311862306,14,Market On Open,Filled,1894.366072284,"" 
2022-02-18T15:30:00Z,MS,84.028857597,-22,Market,Filled,-1848.634867134,"Liquidated" 
2022-02-18T15:30:00Z,GS,315.406706528,-6,Market,Filled,-1892.440239168,"Liquidated" 
2022-02-18T15:37:08Z,MS,84.028857597,23,Market,Filled,1932.663724731,"" 
2022-02-18T15:37:08Z,BLK,689.66317875,2,Market,Filled,1379.3263575,"" 
2022-02-22T20:50:00Z,JPM,137.178385046,-14,Market,Filled,-1920.497390644,"Liquidated" 
2022-02-22T20:50:00Z,MS,83.408234598,-23,Market,Filled,-1918.389395754,"Liquidated" 
2022-02-22T20:50:00Z,BLK,683.802172326,-2,Market,Filled,-1367.604344652,"Liquidated" 
2022-02-22T21:39:20Z,AMZN,151.294727927,12,Market On Open,Filled,1815.536735124,"" 
2022-02-22T21:58:32Z,UPS,172.921213566,11,Market On Open,Filled,1902.133349226,"" 
2022-02-22T21:58:35Z,XOM,66.625493066,28,Market On Open,Filled,1865.513805848,"" 
2022-02-23T15:30:00Z,GOOGL,128.8400285635,-14,Market,Filled,-1803.760399889,"Liquidated" 
2022-02-23T15:30:25Z,MS,82.822576275,23,Market,Filled,1904.919254325,"" 
2022-02-24T15:30:00Z,MSFT,271.126219277,-6,Market,Filled,-1626.757315662,"Liquidated" 
2022-02-24T15:30:00Z,AAPL,156.636386451,-11,Market,Filled,-1723.000250961,"Liquidated" 
2022-02-24T15:30:00Z,NKE,128.378325609,-14,Market,Filled,-1797.296558526,"Liquidated" 
2022-02-24T15:30:00Z,AMZN,144.487235858,-12,Market,Filled,-1733.846830296,"Liquidated" 
2022-02-24T15:46:35Z,BLK,662.519844987,2,Market,Filled,1325.039689974,"" 
2022-02-24T15:48:14Z,JPM,134.067661841,14,Market,Filled,1876.947265774,"" 
2022-02-24T15:50:14Z,QCOM,147.792778682,12,Market,Filled,1773.513344184,"" 
2022-02-24T16:22:34Z,CRM,188.252681624,10,Market,Filled,1882.52681624,"" 
2022-02-25T15:30:00Z,MCD,223.596392798,-8,Market,Filled,-1788.771142384,"Liquidated" 
2022-02-25T15:30:00Z,MS,80.24393142,-23,Market,Filled,-1845.61042266,"Liquidated" 
2022-02-25T15:54:36Z,MS,80.24393142,23,Market,Filled,1845.61042266,"" 
2022-02-25T16:01:55Z,SQ,95.04,20,Market,Filled,1900.8,"" 
2022-03-01T15:15:00Z,TMO,537.980368,-8,Market,Filled,-4303.842944,"Liquidated" 
2022-03-01T15:15:00Z,INTU,461.930785238,-9,Market,Filled,-4157.377067142,"Liquidated" 
2022-03-01T15:15:00Z,HD,285.455460329,-14,Market,Filled,-3996.376444606,"Liquidated" 
2022-03-01T15:15:00Z,COP,80.577157464,60,Market,Filled,4834.62944784,"" 
2022-03-01T15:15:00Z,CVX,122.6215008,21,Market,Filled,2575.0515168,"" 
2022-03-01T15:15:00Z,ABBV,127.71532168,38,Market,Filled,4853.18222384,"" 
2022-03-01T15:15:00Z,NVDA,24.3369981275,-2,Market,Filled,-48.673996255,"" 
2022-03-01T15:15:00Z,AAPL,161.578060416,30,Market,Filled,4847.34181248,"" 
2022-03-01T15:15:00Z,AVGO,54.4157890752,-2,Market,Filled,-108.8315781504,"" 
2022-03-01T15:15:00Z,PG,140.764716235,34,Market,Filled,4786.00035199,"" 
2022-03-01T15:15:00Z,UNH,444.794594499,10,Market,Filled,4447.94594499,"" 
2022-03-01T15:30:00Z,JPM,127.85523202,-14,Market,Filled,-1789.97324828,"Liquidated" 
2022-03-01T15:38:11Z,JPM,127.85523202,15,Market,Filled,1917.8284803,"" 
2022-03-02T15:30:00Z,AXP,169.95069927,-10,Market,Filled,-1699.5069927,"Liquidated" 
2022-03-02T15:30:00Z,MS,76.598863947,-23,Market,Filled,-1761.773870781,"Liquidated" 
2022-03-02T15:30:00Z,JPM,123.031356905,-15,Market,Filled,-1845.470353575,"Liquidated" 
2022-03-02T15:31:22Z,MS,76.598863947,25,Market,Filled,1914.971598675,"" 
2022-03-02T16:23:32Z,CVX,127.449722394,15,Market,Filled,1911.74583591,"" 
2022-03-02T16:23:32Z,COP,82.360965504,23,Market,Filled,1894.302206592,"" 
2022-03-02T20:50:00Z,COST,498.633312582,-14,Market,Filled,-6980.866376148,"Liquidated" 
2022-03-02T22:08:16Z,ABBV,129.48722483,15,Market On Open,Filled,1942.30837245,"" 
2022-03-07T15:30:00Z,BLK,634.244707387,-2,Market,Filled,-1268.489414774,"Liquidated" 
2022-03-07T15:44:38Z,LMT,414.28589782,4,Market,Filled,1657.14359128,"" 
2022-03-07T20:50:00Z,ABBV,130.13548208,-53,Market,Filled,-6897.18055024,"Liquidated" 
2022-03-08T09:47:49Z,JPM,116.891059796,16,Market On Open,Filled,1870.256956736,"" 
2022-03-08T15:30:00Z,UPS,166.085926182,-11,Market,Filled,-1826.945188002,"Liquidated" 
2022-03-08T15:30:00Z,QCOM,137.83093107,-42,Market,Filled,-5788.89910494,"Liquidated" 
2022-03-08T15:30:00Z,MS,72.945055305,-25,Market,Filled,-1823.626382625,"Liquidated" 
2022-03-08T17:25:42Z,GOOGL,125.4307876285,15,Market,Filled,1881.4618144275,"" 
2022-03-08T18:31:12Z,CAT,183.0545276,10,Market,Filled,1830.545276,"" 
2022-03-08T19:16:45Z,MS,72.945055305,26,Market,Filled,1896.57143793,"" 
2022-03-10T20:50:00Z,XOM,72.141310109,-28,Market,Filled,-2019.956683052,"Liquidated" 
2022-03-10T20:50:00Z,LMT,405.8949311,-4,Market,Filled,-1623.5797244,"Liquidated" 
2022-03-10T21:18:23Z,MSFT,279.039347595,7,Market On Open,Filled,1953.275433165,"" 
2022-03-10T21:18:23Z,AMZN,149.205141624,13,Market On Open,Filled,1939.666841112,"" 
2022-03-11T20:50:00Z,CRM,197.74731934,-10,Market,Filled,-1977.4731934,"Liquidated" 
2022-03-11T20:50:00Z,JPM,118.892742554,-16,Market,Filled,-1902.283880864,"Liquidated" 
2022-03-11T20:50:00Z,CAT,197.09770412,-10,Market,Filled,-1970.9770412,"Liquidated" 
2022-03-11T21:32:49Z,GS,299.223972992,6,Market On Open,Filled,1795.343837952,"" 
2022-03-11T21:32:49Z,BLK,635.118786715,3,Market On Open,Filled,1905.356360145,"" 
2022-03-12T02:17:41Z,JPM,116.728761194,16,Market On Open,Filled,1867.660179104,"" 
2022-03-14T19:50:00Z,SQ,101.93,-20,Market,Filled,-2038.6,"Liquidated" 
2022-03-15T14:30:00Z,MSFT,267.421172644,-7,Market,Filled,-1871.948208508,"Liquidated" 
2022-03-15T14:30:00Z,AMZN,141.520212862,-13,Market,Filled,-1839.762767206,"Liquidated" 
2022-03-15T14:32:55Z,AAPL,147.389095566,12,Market,Filled,1768.669146792,"" 
2022-03-15T14:55:51Z,AMD,102.25,18,Market,Filled,1840.5,"" 
2022-03-15T19:50:00Z,JPM,117.368939013,-16,Market,Filled,-1877.903024208,"Liquidated" 
2022-03-17T19:50:00Z,CVX,134.321635668,-54,Market,Filled,-7253.368326072,"Liquidated" 
2022-03-17T19:50:00Z,COP,80.543180168,-83,Market,Filled,-6685.083953944,"Liquidated" 
2022-03-23T19:50:00Z,GOOGL,138.819129868,-15,Market,Filled,-2082.28694802,"Liquidated" 
2022-03-23T19:50:00Z,MS,82.359294318,-26,Market,Filled,-2141.341652268,"Liquidated" 
2022-03-26T02:35:58Z,JPM,126.232246,15,Market On Open,Filled,1893.48369,"" 
2022-03-26T08:47:08Z,MS,80.663507532,24,Market On Open,Filled,1935.924180768,"" 
2022-03-28T10:22:58Z,HD,282.7863288,7,Market On Open,Filled,1979.5043016,"" 
2022-03-28T11:13:24Z,AXP,181.380690675,10,Market On Open,Filled,1813.80690675,"" 
2022-03-28T19:50:00Z,GS,306.749790848,-6,Market,Filled,-1840.498745088,"Liquidated" 
2022-03-28T19:50:00Z,BLK,674.716401272,-3,Market,Filled,-2024.149203816,"Liquidated" 
2022-03-28T20:40:40Z,MSFT,303.726760147,6,Market On Open,Filled,1822.360560882,"" 
2022-03-28T20:53:56Z,GS,310.858087552,6,Market On Open,Filled,1865.148525312,"" 
2022-03-29T07:21:52Z,BLK,697.242153954,2,Market On Open,Filled,1394.484307908,"" 
2022-03-29T08:52:40Z,CAT,205.4826624,9,Market On Open,Filled,1849.3439616,"" 
2022-03-29T19:50:00Z,MS,79.780649463,-24,Market,Filled,-1914.735587112,"Liquidated" 
2022-03-29T21:32:16Z,GOOGL,141.39169246,14,Market On Open,Filled,1979.48369444,"" 
2022-03-30T19:50:00Z,AAPL,175.121182728,-42,Market,Filled,-7355.089674576,"Liquidated" 
2022-03-30T19:50:00Z,AMD,123.23,-18,Market,Filled,-2218.14,"Liquidated" 
2022-03-31T02:36:53Z,MS,78.504438789,25,Market On Open,Filled,1962.610969725,"" 
2022-03-31T11:12:05Z,COP,85.19708,23,Market On Open,Filled,1959.53284,"" 
2022-03-31T19:50:00Z,AXP,181.19926224,-10,Market,Filled,-1811.9926224,"Liquidated" 
2022-04-01T05:32:05Z,KO,55.659041152,35,Market On Open,Filled,1948.06644032,"" 
2022-04-01T14:15:00Z,NVDA,27.2369288576,-200,Market,Filled,-5447.38577152,"Liquidated" 
2022-04-01T14:15:00Z,PG,137.9922284,-34,Market,Filled,-4691.7357656,"Liquidated" 
2022-04-01T14:15:00Z,CVX,138.638934342,35,Market,Filled,4852.36270197,"" 
2022-04-01T14:15:00Z,XOM,71.993176002,68,Market,Filled,4895.535968136,"" 
2022-04-01T14:15:00Z,ABBV,140.11864373,35,Market,Filled,4904.15253055,"" 
2022-04-01T14:15:00Z,LMT,399.0230187,12,Market,Filled,4788.2762244,"" 
2022-04-01T14:15:00Z,RTX,90.978428029,54,Market,Filled,4912.835113566,"" 
2022-04-01T14:15:00Z,AVGO,58.7229996864,-5,Market,Filled,-293.614998432,"" 
2022-04-01T14:15:00Z,COST,549.09451179,8,Market,Filled,4392.75609432,"" 
2022-04-01T14:15:00Z,QCOM,140.328600174,35,Market,Filled,4911.50100609,"" 
2022-04-01T14:30:00Z,JPM,122.914141248,-15,Market,Filled,-1843.71211872,"Liquidated" 
2022-04-01T14:30:00Z,HD,272.175021864,-7,Market,Filled,-1905.225153048,"Liquidated" 
2022-04-01T14:30:00Z,MS,76.432781736,-25,Market,Filled,-1910.8195434,"Liquidated" 
2022-04-01T14:41:53Z,JPM,122.914141248,16,Market,Filled,1966.626259968,"" 
2022-04-01T14:41:53Z,MS,76.432781736,25,Market,Filled,1910.8195434,"" 
2022-04-01T15:13:31Z,CRM,209.771225792,9,Market,Filled,1887.941032128,"" 
2022-04-01T19:50:00Z,GS,300.03290752,-6,Market,Filled,-1800.19744512,"Liquidated" 
2022-04-01T19:50:00Z,BLK,695.776250081,-2,Market,Filled,-1391.552500162,"Liquidated" 
2022-04-01T19:50:00Z,CAT,207.36253096,-9,Market,Filled,-1866.26277864,"Liquidated" 
2022-04-01T20:17:50Z,AMZN,163.683096472,12,Market On Open,Filled,1964.197157664,"" 
2022-04-02T02:29:42Z,GS,299.942016,6,Market On Open,Filled,1799.652096,"" 
2022-04-02T02:29:42Z,BLK,702.45020995,2,Market On Open,Filled,1404.9004199,"" 
2022-04-04T19:50:00Z,COP,85.691223064,-23,Market,Filled,-1970.898130472,"Liquidated" 
2022-04-04T19:50:00Z,KO,56.222427976,-35,Market,Filled,-1967.78497916,"Liquidated" 
2022-04-04T22:26:49Z,XOM,72.751274079,27,Market On Open,Filled,1964.284400133,"" 
2022-04-05T10:07:26Z,NVDA,27.2019918016,72,Market On Open,Filled,1958.5434097152,"" 
2022-04-06T14:30:00Z,NVDA,25.8843656896,-72,Market,Filled,-1863.6743296512,"Liquidated" 
2022-04-06T14:36:44Z,LLY,282.517019883,6,Market,Filled,1695.102119298,"" 
2022-04-07T14:30:00Z,MSFT,289.72884245,-6,Market,Filled,-1738.3730547,"Liquidated" 
2022-04-07T14:30:00Z,GOOGL,135.524026548,-14,Market,Filled,-1897.336371672,"Liquidated" 
2022-04-07T14:30:00Z,MS,72.665337897,-25,Market,Filled,-1816.633447425,"Liquidated" 
2022-04-07T14:30:00Z,CRM,198.409276392,-9,Market,Filled,-1785.683487528,"Liquidated" 
2022-04-07T14:30:00Z,GS,287.453521152,-6,Market,Filled,-1724.721126912,"Liquidated" 
2022-04-07T14:30:00Z,BLK,678.531393339,-2,Market,Filled,-1357.062786678,"Liquidated" 
2022-04-07T15:04:29Z,BLK,678.531393339,2,Market,Filled,1357.062786678,"" 
2022-04-07T15:49:08Z,COST,557.619136146,3,Market,Filled,1672.857408438,"" 
2022-04-07T16:03:14Z,MS,72.665337897,27,Market,Filled,1961.964123219,"" 
2022-04-07T16:05:13Z,GS,287.453521152,6,Market,Filled,1724.721126912,"" 
2022-04-07T18:25:49Z,AXP,175.422198915,11,Market,Filled,1929.644188065,"" 
2022-04-08T14:30:00Z,JPM,119.074592107,-16,Market,Filled,-1905.193473712,"Liquidated" 
2022-04-08T14:30:00Z,AMZN,157.414337563,-12,Market,Filled,-1888.972050756,"Liquidated" 
2022-04-08T18:49:50Z,JPM,119.074592107,16,Market,Filled,1905.193473712,"" 
2022-04-11T19:50:00Z,LLY,301.021194159,-6,Market,Filled,-1806.127164954,"Liquidated" 
2022-04-11T19:50:00Z,GS,292.116256128,-6,Market,Filled,-1752.697536768,"Liquidated" 
2022-04-11T19:50:00Z,AXP,175.9105689,-11,Market,Filled,-1935.0162579,"Liquidated" 
2022-04-11T19:50:00Z,JPM,121.254613627,-16,Market,Filled,-1940.073818032,"Liquidated" 
2022-04-11T22:02:14Z,META,218.513626528,9,Market On Open,Filled,1966.622638752,"" 
2022-04-12T06:05:07Z,JPM,120.019268099,16,Market On Open,Filled,1920.308289584,"" 
2022-04-12T08:47:18Z,AAPL,164.376711414,12,Market On Open,Filled,1972.520536968,"" 
2022-04-12T09:08:24Z,GS,292.379841536,6,Market On Open,Filled,1754.279049216,"" 
2022-04-12T10:56:51Z,PEP,154.307238502,12,Market On Open,Filled,1851.686862024,"" 
2022-04-12T11:15:06Z,MRK,76.7177792,25,Market On Open,Filled,1917.94448,"" 
2022-04-13T14:30:00Z,BLK,652.673213219,-2,Market,Filled,-1305.346426438,"Liquidated" 
2022-04-13T14:46:30Z,ABBV,144.68237477,13,Market,Filled,1880.87087201,"" 
2022-04-14T14:30:00Z,JPM,115.63197479,-16,Market,Filled,-1850.11159664,"Liquidated" 
2022-04-14T14:30:00Z,ABBV,138.485263204,-48,Market,Filled,-6647.292633792,"Liquidated" 
2022-04-14T14:33:14Z,BLK,651.680768982,3,Market,Filled,1955.042306946,"" 
2022-04-14T15:00:14Z,GOOGL,128.919924894,15,Market,Filled,1933.79887341,"" 
2022-04-18T14:30:00Z,BLK,626.578303281,-3,Market,Filled,-1879.734909843,"Liquidated" 
2022-04-18T15:05:28Z,JPM,114.560130876,17,Market,Filled,1947.522224892,"" 
2022-04-18T19:50:00Z,GS,292.343484928,-6,Market,Filled,-1754.060909568,"Liquidated" 
2022-04-18T19:50:00Z,PEP,152.63790021,-12,Market,Filled,-1831.65480252,"Liquidated" 
2022-04-18T19:50:00Z,MRK,77.52063968,-25,Market,Filled,-1938.015992,"Liquidated" 
2022-04-19T13:20:25Z,LMT,418.644137,4,Market On Open,Filled,1674.576548,"" 
2022-04-19T13:29:53Z,UNH,502.377422193,3,Market On Open,Filled,1507.132266579,"" 
2022-04-19T14:34:23Z,LLY,288.591720102,6,Market,Filled,1731.550320612,"" 
2022-04-20T19:50:00Z,XOM,76.50690938,-95,Market,Filled,-7268.1563911,"Liquidated" 
2022-04-20T20:32:52Z,QCOM,130.705228038,15,Market On Open,Filled,1960.57842057,"" 
2022-04-21T14:30:00Z,META,199.029726544,-9,Market,Filled,-1791.267538896,"Liquidated" 
2022-04-21T14:30:51Z,GS,309.994618112,6,Market,Filled,1859.967708672,"" 
2022-04-22T14:30:00Z,GOOGL,123.8785160645,-15,Market,Filled,-1858.1777409675,"Liquidated" 
2022-04-22T14:30:00Z,LMT,397.42258647,-16,Market,Filled,-6358.76138352,"Liquidated" 
2022-04-22T14:30:00Z,LLY,279.696968271,-6,Market,Filled,-1678.181809626,"Liquidated" 
2022-04-22T14:30:00Z,QCOM,124.984463877,-50,Market,Filled,-6249.22319385,"Liquidated" 
2022-04-22T14:51:44Z,BLK,620.468852978,3,Market,Filled,1861.406558934,"" 
2022-04-22T15:38:06Z,ISRG,294.57,6,Market,Filled,1767.42,"" 
2022-04-22T16:26:46Z,ABT,114.738405613,17,Market,Filled,1950.552895421,"" 
2022-04-22T19:50:00Z,COST,564.246221076,-11,Market,Filled,-6206.708431836,"Liquidated" 
2022-04-22T19:50:00Z,MS,77.717733579,-27,Market,Filled,-2098.378806633,"Liquidated" 
2022-04-22T19:50:00Z,UNH,503.830490928,-13,Market,Filled,-6549.796382064,"Liquidated" 
2022-04-22T20:35:44Z,XOM,71.4529222,26,Market On Open,Filled,1857.7759772,"" 
2022-04-22T20:35:46Z,HON,165.55661072026,11,Market On Open,Filled,1821.1227179229,"" 
2022-04-22T20:35:56Z,CVX,132.337551662,14,Market On Open,Filled,1852.725723268,"" 
2022-04-22T20:35:59Z,ABBV,134.972355728,14,Market On Open,Filled,1889.612980192,"" 
2022-04-25T14:30:00Z,GS,290.643813504,-6,Market,Filled,-1743.862881024,"Liquidated" 
2022-04-25T14:30:00Z,ISRG,252.34,-6,Market,Filled,-1514.04,"Liquidated" 
2022-04-25T15:49:19Z,V,201.902105385,9,Market,Filled,1817.118948465,"" 
2022-04-25T16:42:17Z,KO,58.3507782,33,Market,Filled,1925.5756806,"" 
2022-04-26T14:30:00Z,XOM,71.679480246,-26,Market,Filled,-1863.666486396,"Liquidated" 
2022-04-27T14:30:00Z,AAPL,153.43653024,-12,Market,Filled,-1841.23836288,"Liquidated" 
2022-04-27T14:30:00Z,BLK,589.138572065,-3,Market,Filled,-1767.415716195,"Liquidated" 
2022-04-27T14:30:00Z,ABT,108.786182253,-17,Market,Filled,-1849.365098301,"Liquidated" 
2022-04-27T14:30:00Z,V,195.04497955,-9,Market,Filled,-1755.40481595,"Liquidated" 
2022-04-28T14:30:00Z,JPM,110.290922066,-17,Market,Filled,-1874.945675122,"Liquidated" 
2022-05-02T14:15:00Z,RTX,87.158197277,-54,Market,Filled,-4706.542652958,"Liquidated" 
2022-05-02T14:30:00Z,ABBV,127.981408344,-14,Market,Filled,-1791.739716816,"Liquidated" 
2022-05-04T14:30:00Z,KO,56.410223584,-33,Market,Filled,-1861.537378272,"Liquidated" 
2022-05-09T19:50:00Z,HON,170.08286926782,-11,Market,Filled,-1870.911561946,"Liquidated" 
2022-05-09T19:50:00Z,CVX,145.425693796,-49,Market,Filled,-7125.858996004,"Liquidated" 
2022-07-01T14:15:00Z,AVGO,45.6815061703,-84,Market,Filled,-3837.2465183052,"Liquidated" 
2022-07-27T20:19:05Z,MSFT,261.65416977,7,Market On Open,Filled,1831.57918839,"" 
2022-07-27T20:24:09Z,KO,56.673673628,33,Market On Open,Filled,1870.231229724,"" 
2022-07-27T20:34:03Z,UNH,505.674246932,3,Market On Open,Filled,1517.022740796,"" 
2022-07-27T20:40:02Z,GS,297.48079942,6,Market On Open,Filled,1784.88479652,"" 
2022-07-27T20:40:02Z,MS,72.765018256,26,Market On Open,Filled,1891.890474656,"" 
2022-07-27T20:40:02Z,GE,45.69018470855,43,Market On Open,Filled,1964.6779424677,"" 
2022-07-27T21:02:17Z,COST,497.771282444,3,Market On Open,Filled,1493.313847332,"" 
2022-07-27T21:24:40Z,UPS,152.540975778,12,Market On Open,Filled,1830.491709336,"" 
2022-07-27T21:32:30Z,PYPL,85.3028028,22,Market On Open,Filled,1876.6616616,"" 
2022-07-27T23:46:47Z,BLK,593.888432103,3,Market On Open,Filled,1781.665296309,"" 
2022-08-01T14:15:00Z,XOM,85.362972213,56,Market,Filled,4780.326443928,"" 
2022-08-01T14:15:00Z,COP,84.027227167,57,Market,Filled,4789.551948519,"" 
2022-08-01T14:15:00Z,CVX,140.586498125,34,Market,Filled,4779.94093625,"" 
2022-08-01T14:15:00Z,LMT,376.688364733,12,Market,Filled,4520.260376796,"" 
2022-08-01T14:15:00Z,MRK,80.385502902,59,Market,Filled,4742.744671218,"" 
2022-08-01T14:15:00Z,LLY,319.361766992,15,Market,Filled,4790.42650488,"" 
2022-08-01T14:15:00Z,ABBV,126.310232368,38,Market,Filled,4799.788829984,"" 
2022-08-01T14:15:00Z,RTX,86.108432631,55,Market,Filled,4735.963794705,"" 
2022-08-01T19:50:00Z,GS,304.878953946,-6,Market,Filled,-1829.273723676,"Liquidated" 
2022-08-01T19:50:00Z,MS,75.034475161,-26,Market,Filled,-1950.896354186,"Liquidated" 
2022-08-01T19:50:00Z,GE,45.249384320098,-43,Market,Filled,-1945.7235257642,"Liquidated" 
2022-08-01T19:50:00Z,BLK,613.650172158,-3,Market,Filled,-1840.950516474,"Liquidated" 
2022-08-01T20:18:38Z,XOM,83.479124007,23,Market On Open,Filled,1920.019852161,"" 
2022-08-01T20:22:51Z,MS,74.162291723,25,Market On Open,Filled,1854.057293075,"" 
2022-08-01T20:42:11Z,GS,301.3216213,6,Market On Open,Filled,1807.9297278,"" 
2022-08-01T20:42:11Z,BLK,608.698274418,3,Market On Open,Filled,1826.094823254,"" 
2022-08-04T14:30:00Z,XOM,80.142776016,-79,Market,Filled,-6331.279305264,"Liquidated" 
2022-08-04T14:33:57Z,MRK,78.802615398,24,Market,Filled,1891.262769552,"" 
2022-08-05T19:50:00Z,MS,75.960057585,-25,Market,Filled,-1899.001439625,"Liquidated" 
2022-08-05T19:50:09Z,MS,75.960057585,25,Market,Filled,1899.001439625,"" 
2022-08-09T19:50:00Z,MS,76.565246093,-25,Market,Filled,-1914.131152325,"Liquidated" 
2022-08-09T20:15:19Z,GOOGL,117.79001868,16,Market On Open,Filled,1884.64029888,"" 
2022-08-12T19:50:00Z,MSFT,278.302685964,-7,Market,Filled,-1948.118801748,"Liquidated" 
2022-08-12T19:50:00Z,KO,56.943891398,-33,Market,Filled,-1879.148416134,"Liquidated" 
2022-08-12T19:50:00Z,UNH,501.318311448,-3,Market,Filled,-1503.954934344,"Liquidated" 
2022-08-12T19:50:00Z,COST,509.17559106,-3,Market,Filled,-1527.52677318,"Liquidated" 
2022-08-12T19:50:00Z,UPS,170.22543801,-12,Market,Filled,-2042.70525612,"Liquidated" 
2022-08-12T19:50:00Z,PYPL,98.881412696,-22,Market,Filled,-2175.391079312,"Liquidated" 
2022-08-12T20:09:55Z,MS,80.676968015,23,Market On Open,Filled,1855.570264345,"" 
2022-08-12T20:10:26Z,JPM,110.936623832,17,Market On Open,Filled,1885.922605144,"" 
2022-08-13T14:29:23Z,AMZN,142.28541348,13,Market On Open,Filled,1849.71037524,"" 
2022-08-13T15:19:14Z,DIS,118.352859336,16,Market On Open,Filled,1893.645749376,"" 
2022-08-13T15:44:39Z,AAPL,168.30123345,11,Market On Open,Filled,1851.31356795,"" 
2022-08-13T15:44:39Z,MSFT,282.1618062,6,Market On Open,Filled,1692.9708372,"" 
2022-08-16T19:50:00Z,MS,81.905144693,-23,Market,Filled,-1883.818327939,"Liquidated" 
2022-08-16T19:50:00Z,AMZN,142.84409972,-13,Market,Filled,-1856.97329636,"Liquidated" 
2022-08-16T19:58:26Z,HD,287.875480413,6,Market,Filled,1727.252882478,"" 
2022-08-16T20:20:14Z,LLY,301.38831189,6,Market On Open,Filled,1808.32987134,"" 
2022-08-17T19:50:00Z,GS,324.613462558,-6,Market,Filled,-1947.680775348,"Liquidated" 
2022-08-17T19:50:00Z,BLK,694.246892967,-3,Market,Filled,-2082.740678901,"Liquidated" 
2022-08-17T20:26:42Z,MS,81.139759227,23,Market On Open,Filled,1866.214462221,"" 
2022-08-17T20:33:27Z,INTU,466.19489955,4,Market On Open,Filled,1864.7795982,"" 
2022-08-19T19:50:00Z,MRK,82.211219739,-83,Market,Filled,-6823.531238337,"Liquidated" 
2022-08-19T22:41:27Z,GS,313.155010616,6,Market On Open,Filled,1878.930063696,"" 
2022-08-22T14:30:00Z,INTU,453.155507325,-4,Market,Filled,-1812.6220293,"Liquidated" 
2022-08-22T17:24:57Z,BLK,654.613370685,2,Market,Filled,1309.22674137,"" 
2022-08-22T19:50:00Z,MS,80.107378831,-23,Market,Filled,-1842.469713113,"Liquidated" 
2022-08-22T20:32:35Z,MS,78.727905026,24,Market On Open,Filled,1889.469720624,"" 
2022-08-23T14:30:00Z,JPM,106.913727924,-17,Market,Filled,-1817.533374708,"Liquidated" 
2022-08-23T14:30:00Z,DIS,113.301808628,-16,Market,Filled,-1812.828938048,"Liquidated" 
2022-08-23T14:30:00Z,MSFT,269.885869825,-6,Market,Filled,-1619.31521895,"Liquidated" 
2022-08-23T15:29:12Z,JPM,106.913727924,18,Market,Filled,1924.447102632,"" 
2022-08-23T15:39:33Z,AMZN,132.90746588,14,Market,Filled,1860.70452232,"" 
2022-08-23T16:08:49Z,MSFT,269.885869825,7,Market,Filled,1889.201088775,"" 
2022-08-23T19:50:00Z,GS,313.136720988,-6,Market,Filled,-1878.820325928,"Liquidated" 
2022-08-23T20:20:56Z,MRK,81.12298458,23,Market On Open,Filled,1865.82864534,"" 
2022-08-25T19:50:00Z,GOOGL,112.83743869,-16,Market,Filled,-1805.39901904,"Liquidated" 
2022-08-25T19:50:00Z,BLK,642.297817602,-2,Market,Filled,-1284.595635204,"Liquidated" 
2022-08-25T19:55:33Z,CMCSA,29.264475762163,66,Market,Filled,1931.4554003027,"" 
2022-08-25T20:19:10Z,NVDA,17.8226633226,109,Market On Open,Filled,1942.6703021634,"" 
2022-08-26T19:50:00Z,MS,80.071779507,-24,Market,Filled,-1921.722708168,"Liquidated" 
2022-08-26T19:50:00Z,JPM,108.63651706,-18,Market,Filled,-1955.45730708,"Liquidated" 
2022-08-26T22:03:25Z,COST,504.229259219,3,Market On Open,Filled,1512.687777657,"" 
2022-08-27T08:21:33Z,GS,305.363629088,6,Market On Open,Filled,1832.181774528,"" 
2022-08-29T14:30:00Z,AAPL,160.568208846,-11,Market,Filled,-1766.250297306,"Liquidated" 
2022-08-29T14:30:00Z,HD,272.76844573,-6,Market,Filled,-1636.61067438,"Liquidated" 
2022-08-29T14:30:00Z,MSFT,260.499380167,-7,Market,Filled,-1823.495661169,"Liquidated" 
2022-08-29T14:30:00Z,NVDA,16.234188876,-109,Market,Filled,-1769.526587484,"Liquidated" 
2022-08-30T05:34:27Z,MS,76.5385466,25,Market On Open,Filled,1913.463665,"" 
2022-08-30T07:47:37Z,JPM,105.383378,18,Market On Open,Filled,1896.900804,"" 
2022-08-30T07:47:37Z,BLK,624.535177005,3,Market On Open,Filled,1873.605531015,"" 
2022-08-30T11:28:15Z,MCD,236.208256,8,Market On Open,Filled,1889.666048,"" 
2022-08-30T19:50:00Z,GS,305.363629088,-6,Market,Filled,-1832.181774528,"Liquidated" 
2022-08-31T00:31:33Z,NVDA,15.3575826132,124,Market On Open,Filled,1904.3402440368,"" 
2022-08-31T14:30:00Z,AMZN,128.42799942,-14,Market,Filled,-1797.99199188,"Liquidated" 
2022-08-31T14:30:00Z,MRK,78.146076831,-23,Market,Filled,-1797.359767113,"Liquidated" 
2022-08-31T14:30:00Z,CMCSA,28.168339375491,-66,Market,Filled,-1859.1103987824,"Liquidated" 
2022-08-31T14:36:33Z,AMZN,128.42799942,14,Market,Filled,1797.99199188,"" 
2022-09-01T07:29:37Z,GS,303.937500859,6,Market On Open,Filled,1823.625005154,"" 
2022-09-01T10:36:24Z,COP,93.371463034,20,Market On Open,Filled,1867.42926068,"" 
2022-09-01T14:15:00Z,UNH,488.589195444,9,Market,Filled,4397.302758996,"" 
2022-09-01T14:15:00Z,XOM,84.965754599,56,Market,Filled,4758.082257544,"" 
2022-09-01T14:15:00Z,MRK,76.80601866,62,Market,Filled,4761.97315692,"" 
2022-09-01T14:15:00Z,KO,55.583795289,85,Market,Filled,4724.622599565,"" 
2022-09-01T14:15:00Z,RTX,83.3949102,2,Market,Filled,166.7898204,"" 
2022-09-01T14:15:00Z,ABBV,118.303662888,2,Market,Filled,236.607325776,"" 
2022-09-01T19:50:00Z,LLY,292.94971137,-21,Market,Filled,-6151.94393877,"Liquidated" 
2022-09-02T14:30:00Z,NVDA,13.9148764062,-124,Market,Filled,-1725.4446743688,"Liquidated" 
2022-09-02T15:10:42Z,AVGO,46.2645022763,41,Market,Filled,1896.8445933283,"" 
2022-09-02T16:27:54Z,NVDA,13.9148764062,137,Market,Filled,1906.3380676494,"" 
2022-09-02T19:50:00Z,MS,76.680943896,-25,Market,Filled,-1917.0235974,"Liquidated" 
2022-09-02T19:50:00Z,JPM,104.934353172,-18,Market,Filled,-1888.818357096,"Liquidated" 
2022-09-02T19:50:00Z,BLK,609.679483785,-3,Market,Filled,-1829.038451355,"Liquidated" 
2022-09-02T19:50:00Z,MCD,237.937246977,-8,Market,Filled,-1903.497975816,"Liquidated" 
2022-09-03T00:50:45Z,MS,77.223833587,24,Market On Open,Filled,1853.372006088,"" 
2022-09-03T07:06:22Z,JPM,104.888534312,18,Market On Open,Filled,1887.993617616,"" 
2022-09-03T07:06:58Z,BLK,608.820564108,3,Market On Open,Filled,1826.461692324,"" 
2022-09-05T18:00:25Z,GOOGL,106.55490736,17,Market On Open,Filled,1811.43342512,"" 
2022-09-06T19:50:00Z,GS,305.420931836,-6,Market,Filled,-1832.525591016,"Liquidated" 
2022-09-06T20:24:01Z,GS,298.759313225,6,Market On Open,Filled,1792.55587935,"" 
2022-09-07T01:59:18Z,JPM,103.669752636,18,Market On Open,Filled,1866.055547448,"" 
2022-09-07T05:34:02Z,BLK,613.467626184,3,Market On Open,Filled,1840.402878552,"" 
2022-09-07T14:30:00Z,NVDA,13.443625659,-137,Market,Filled,-1841.776715283,"Liquidated" 
2022-09-12T19:50:00Z,COST,513.366100434,-3,Market,Filled,-1540.098301302,"Liquidated" 
2022-09-12T19:50:00Z,GS,313.36327657,-6,Market,Filled,-1880.17965942,"Liquidated" 
2022-09-12T19:50:00Z,BLK,642.514073832,-6,Market,Filled,-3855.084442992,"Liquidated" 
2022-09-14T14:30:00Z,GOOGL,103.53770432,-17,Market,Filled,-1760.14097344,"Liquidated" 
2022-09-15T19:50:00Z,AMZN,128.2484217,-14,Market,Filled,-1795.4779038,"Liquidated" 
2022-09-16T19:50:00Z,COP,100.111396068,-77,Market,Filled,-7708.577497236,"Liquidated" 
2022-09-19T19:50:00Z,AVGO,47.250894075,-41,Market,Filled,-1937.286657075,"Liquidated" 
2022-09-19T19:50:00Z,MS,77.820122264,-24,Market,Filled,-1867.682934336,"Liquidated" 
2022-09-22T19:50:00Z,JPM,103.083271228,-36,Market,Filled,-3710.997764208,"Liquidated" 
2022-10-03T14:15:00Z,RTX,76.063591632,-57,Market,Filled,-4335.624723024,"Liquidated" 
2022-10-03T14:15:00Z,ABBV,118.198081752,-40,Market,Filled,-4727.92327008,"Liquidated" 
2022-10-03T14:15:00Z,KO,50.826548258,-85,Market,Filled,-4320.25660193,"Liquidated" 
2022-10-03T14:15:00Z,LMT,354.21883315,-12,Market,Filled,-4250.6259978,"Liquidated" 
2022-11-03T20:18:29Z,UNH,516.28325154,3,Market On Open,Filled,1548.84975462,"" 
2022-11-03T20:18:33Z,AMZN,91.285341,21,Market On Open,Filled,1916.992161,"" 
2022-11-03T20:22:29Z,JPM,119.788053604,16,Market On Open,Filled,1916.608857664,"" 
2022-11-03T20:22:29Z,MS,76.5169821,25,Market On Open,Filled,1912.9245525,"" 
2022-11-03T20:22:48Z,GOOGL,84.83898548,23,Market On Open,Filled,1951.29666604,"" 
2022-11-03T20:22:48Z,META,89.683537592,22,Market On Open,Filled,1973.037827024,"" 
2022-11-03T20:23:00Z,PYPL,74.807066128,25,Market On Open,Filled,1870.1766532,"" 
2022-11-03T20:29:08Z,SQ,60.3,36,Market On Open,Filled,2170.8,"" 
2022-11-03T20:32:25Z,UBER,29.44,67,Market On Open,Filled,1972.48,"" 
2022-11-03T20:48:25Z,XOM,100.52962491,19,Market On Open,Filled,1910.06287329,"" 
2022-11-07T20:50:00Z,JPM,120.823578612,-16,Market,Filled,-1933.177257792,"Liquidated" 
2022-11-07T20:50:00Z,MS,76.2473979,-25,Market,Filled,-1906.1849475,"Liquidated" 
2022-11-07T21:41:48Z,AAPL,137.891915364,14,Market On Open,Filled,1930.486815096,"" 
2022-11-07T21:41:48Z,MSFT,222.22465681,8,Market On Open,Filled,1777.79725448,"" 
2022-11-08T15:30:00Z,UBER,27.69,-67,Market,Filled,-1855.23,"Liquidated" 
2022-11-08T16:08:09Z,BLK,624.81273996,3,Market,Filled,1874.43821988,"" 
2022-11-10T15:30:00Z,AMZN,85.93791556,-21,Market,Filled,-1804.69622676,"Liquidated" 
2022-11-10T16:02:51Z,COP,111.591829216,17,Market,Filled,1897.061096672,"" 
2022-11-11T20:50:00Z,BLK,701.965056852,-3,Market,Filled,-2105.895170556,"Liquidated" 
2022-11-11T21:09:51Z,BLK,702.140592,2,Market On Open,Filled,1404.281184,"" 
2022-11-14T15:30:00Z,UNH,492.717594304,-12,Market,Filled,-5912.611131648,"Liquidated" 
2022-11-14T16:38:24.155168Z,LLY,342.56051604,5,Market,Filled,1712.8025802,"" 
2022-11-15T15:30:00Z,BLK,684.72565758,-2,Market,Filled,-1369.45131516,"Liquidated" 
2022-11-15T15:35:03.898831Z,HD,282.67132502,7,Market,Filled,1978.69927514,"" 
2022-11-21T20:50:00Z,GOOGL,96.69937243,-23,Market,Filled,-2224.08556589,"Liquidated" 
2022-11-21T20:50:00Z,META,111.27273156,-22,Market,Filled,-2448.00009432,"Liquidated" 
2022-11-21T20:50:00Z,PYPL,84.724140512,-25,Market,Filled,-2118.1035128,"Liquidated" 
2022-11-21T20:50:00Z,SQ,65.81,-36,Market,Filled,-2369.16,"Liquidated" 
2022-11-21T20:50:00Z,XOM,100.48770094,-75,Market,Filled,-7536.5775705,"Liquidated" 
2022-11-21T20:57:33.610846Z,GS,349.38945744,5,Market,Filled,1746.9472872,"" 
2022-11-22T00:16:44.257929Z,GOOGL,95.09152081,20,Market On Open,Filled,1901.8304162,"" 
2022-11-22T09:31:38.657588Z,JPM,123.976382431,16,Market On Open,Filled,1983.622118896,"" 
2022-11-22T11:36:03.82029Z,CVX,160.44839388,12,Market On Open,Filled,1925.38072656,"" 
2022-11-22T11:36:04.47687Z,XOM,100.541461636,19,Market On Open,Filled,1910.287771084,"" 
2022-11-23T20:50:00Z,AAPL,147.623380734,-14,Market,Filled,-2066.727330276,"Liquidated" 
2022-11-23T20:50:00Z,MSFT,238.763284241,-8,Market,Filled,-1910.106273928,"Liquidated" 
2022-11-24T11:00:10.587033Z,MS,80.61466194,24,Market On Open,Filled,1934.75188656,"" 
2022-11-24T12:52:23.792517Z,AMZN,93.52008596,21,Market On Open,Filled,1963.92180516,"" 
2022-11-25T17:50:00Z,COP,113.341845662,-17,Market,Filled,-1926.811376254,"Liquidated" 
2022-11-25T17:50:00Z,GS,355.885226625,-5,Market,Filled,-1779.426133125,"Liquidated" 
2022-11-25T17:50:00Z,JPM,126.186118832,-16,Market,Filled,-2018.977901312,"Liquidated" 
2022-11-25T17:50:00Z,CVX,160.84126458,-46,Market,Filled,-7398.69817068,"Liquidated" 
2022-11-25T17:50:00Z,XOM,101.751077296,-19,Market,Filled,-1933.270468624,"Liquidated" 
2022-11-25T20:01:13.218237Z,NKE,99.504476175,19,Market On Open,Filled,1890.585047325,"" 
2022-11-26T06:50:25.48646Z,JPM,125.807042713,15,Market On Open,Filled,1887.105640695,"" 
2022-11-26T07:53:29.795639Z,BLK,672.5767776,2,Market On Open,Filled,1345.1535552,"" 
2022-11-26T09:32:24.597115Z,GS,355.129690351,5,Market On Open,Filled,1775.648451755,"" 
2022-11-28T20:50:00Z,MS,81.69299874,-24,Market,Filled,-1960.63196976,"Liquidated" 
2022-11-28T22:31:52.434072Z,MS,80.49784212,24,Market On Open,Filled,1931.94821088,"" 
2022-11-29T19:36:32.239311Z,MCD,253.161445608,7,Market,Filled,1772.130119256,"" 
2022-11-29T20:50:00Z,LLY,356.550506157,-5,Market,Filled,-1782.752530785,"Liquidated" 
2022-11-29T20:50:00Z,JPM,124.216772165,-15,Market,Filled,-1863.251582475,"Liquidated" 
2022-11-29T20:50:00Z,BLK,666.266750964,-2,Market,Filled,-1332.533501928,"Liquidated" 
2022-11-29T21:05:23.806351Z,MSFT,234.212720892,8,Market On Open,Filled,1873.701767136,"" 
2022-11-29T21:05:23.806351Z,NVDA,15.6807504656,127,Market On Open,Filled,1991.4553091312,"" 
2022-11-29T21:20:44.125689Z,INTU,367.446666259,5,Market On Open,Filled,1837.233331295,"" 
2022-11-30T20:50:00Z,HD,290.99710626,-7,Market,Filled,-2036.97974382,"Liquidated" 
2022-11-30T21:37:31.052877Z,CRM,145.472472144,12,Market On Open,Filled,1745.669665728,"" 
2022-12-01T15:15:00Z,NFLX,30.553,164,Market,Filled,5010.692,"" 
2022-12-01T15:15:00Z,COP,110.453300913,45,Market,Filled,4970.398541085,"" 
2022-12-01T15:15:00Z,XOM,99.752971428,50,Market,Filled,4987.6485714,"" 
2022-12-01T15:15:00Z,LLY,361.814971017,13,Market,Filled,4703.594623221,"" 
2022-12-01T15:15:00Z,MRK,99.81867483,-12,Market,Filled,-1197.82409796,"" 
2022-12-01T15:15:00Z,CVX,159.93329674,31,Market,Filled,4957.93219894,"" 
2022-12-01T15:15:00Z,LMT,447.14043246,11,Market,Filled,4918.54475706,"" 
2022-12-01T15:15:00Z,UNH,516.953320288,9,Market,Filled,4652.579882592,"" 
2022-12-02T15:30:00Z,CRM,145.2353532,-12,Market,Filled,-1742.8242384,"Liquidated" 
2022-12-02T15:34:04.146697Z,JPM,125.964220616,15,Market,Filled,1889.46330924,"" 
2022-12-02T20:50:00Z,MS,83.56211586,-24,Market,Filled,-2005.49078064,"Liquidated" 
2022-12-02T22:46:53.997275Z,BLK,655.0232628,3,Market On Open,Filled,1965.0697884,"" 
2022-12-05T20:50:00Z,JPM,124.965678644,-15,Market,Filled,-1874.48517966,"Liquidated" 
2022-12-05T21:02:56.21887Z,JPM,123.319933542,16,Market On Open,Filled,1973.118936672,"" 
2022-12-06T15:30:00Z,AMZN,90.79649054,-21,Market,Filled,-1906.72630134,"Liquidated" 
2022-12-06T15:30:00Z,GS,344.576673428,-5,Market,Filled,-1722.88336714,"Liquidated" 
2022-12-06T15:57:11.217814Z,MS,80.69104413,24,Market,Filled,1936.58505912,"" 
2022-12-06T17:41:19.11932Z,GE,51.895095780948,38,Market,Filled,1972.013639676,"" 
2022-12-06T20:50:00Z,BLK,658.497010992,-3,Market,Filled,-1975.491032976,"Liquidated" 
2022-12-07T10:32:20.454536Z,ORCL,75.72768256,25,Market On Open,Filled,1893.192064,"" 
2022-12-07T20:50:00Z,GOOGL,96.25274698,-20,Market,Filled,-1925.0549396,"Liquidated" 
2022-12-07T21:09:31.869992Z,NFLX,30.89,63,Market On Open,Filled,1946.07,"" 
2022-12-09T20:50:00Z,JPM,122.857645592,-16,Market,Filled,-1965.722329472,"Liquidated" 
2022-12-09T20:50:00Z,GE,51.26372383842,-38,Market,Filled,-1948.02150586,"Liquidated" 
2022-12-09T22:39:20.967437Z,JPM,122.367620365,16,Market On Open,Filled,1957.88192584,"" 
2022-12-10T00:38:46.285874Z,GOOGL,92.01476771,21,Market On Open,Filled,1932.31012191,"" 
2022-12-12T20:50:00Z,NKE,103.764364692,-19,Market,Filled,-1971.522929148,"Liquidated" 
2022-12-13T07:32:00.605721Z,GS,347.442426566,5,Market On Open,Filled,1737.21213283,"" 
2022-12-14T20:50:00Z,MCD,255.89336592,-7,Market,Filled,-1791.25356144,"Liquidated" 
2022-12-14T21:45:08.989668Z,BLK,650.785342338,3,Market On Open,Filled,1952.356027014,"" 
2022-12-15T20:50:00Z,MSFT,250.641521334,-8,Market,Filled,-2005.132170672,"Liquidated" 
2022-12-15T20:50:00Z,NVDA,17.6557038752,-127,Market,Filled,-2242.2743921504,"Liquidated" 
2022-12-15T20:50:00Z,INTU,409.946356572,-5,Market,Filled,-2049.73178286,"Liquidated" 
2022-12-15T21:08:44.83537Z,ADBE,345,5,Market On Open,Filled,1725,"" 
2022-12-15T23:16:42.261794Z,MRK,99.676924344,19,Market On Open,Filled,1893.861562536,"" 
2022-12-16T09:52:30.02919Z,LMT,438.33918111,4,Market On Open,Filled,1753.35672444,"" 
2022-12-16T15:30:00Z,NFLX,29.041,-227,Market,Filled,-6592.307,"Liquidated" 
2022-12-16T15:30:00Z,GS,324.442207206,-5,Market,Filled,-1622.21103603,"Liquidated" 
2022-12-16T22:29:15.146185Z,CRM,126.295477548,15,Market On Open,Filled,1894.43216322,"" 
2022-12-17T11:02:21.97299Z,GS,321.140562814,6,Market On Open,Filled,1926.843376884,"" 
2022-12-19T15:30:00Z,MS,77.94577836,-24,Market,Filled,-1870.69868064,"Liquidated" 
2022-12-19T15:52:13.814815Z,MS,77.94577836,25,Market,Filled,1948.644459,"" 
2022-12-19T20:50:00Z,BLK,651.371392404,-3,Market,Filled,-1954.114177212,"Liquidated" 
2022-12-19T20:50:00Z,MRK,99.622166832,-69,Market,Filled,-6873.929511408,"Liquidated" 
2022-12-19T20:50:00Z,LMT,443.86876311,-15,Market,Filled,-6658.03144665,"Liquidated" 
2022-12-20T07:03:25.250927Z,NKE,97.6761978,20,Market On Open,Filled,1953.523956,"" 
2022-12-20T11:36:51.515456Z,MRK,100.306635732,19,Market On Open,Filled,1905.826078908,"" 
2022-12-20T14:07:25.599764Z,COST,437.46236709,4,Market On Open,Filled,1749.84946836,"" 
2022-12-20T15:30:00Z,GOOGL,87.77678844,-21,Market,Filled,-1843.31255724,"Liquidated" 
2022-12-20T19:31:33.083754Z,GE,47.895641728445,40,Market,Filled,1915.8256691378,"" 
2022-12-20T20:50:00Z,GS,319.601032002,-6,Market,Filled,-1917.606192012,"Liquidated" 
2022-12-21T10:11:49.382951Z,MCD,249.54921072,7,Market On Open,Filled,1746.84447504,"" 
2022-12-22T20:50:00Z,ORCL,78.3224128,-25,Market,Filled,-1958.06032,"Liquidated" 
2022-12-22T20:50:00Z,MS,78.08057046,-25,Market,Filled,-1952.0142615,"Liquidated" 
2022-12-22T23:40:04.015431Z,MS,77.57734662,25,Market On Open,Filled,1939.4336655,"" 
2022-12-23T07:31:33.802648Z,GS,319.814340488,6,Market On Open,Filled,1918.886042928,"" 
2022-12-23T20:50:00Z,MRK,101.5295535,-19,Market,Filled,-1929.0615165,"Liquidated" 
2022-12-23T20:50:00Z,COST,439.657250795,-4,Market,Filled,-1758.62900318,"Liquidated" 
2022-12-23T20:50:00Z,GE,50.172003896168,-40,Market,Filled,-2006.8801558467,"Liquidated" 
2022-12-24T08:10:37.090013Z,BLK,655.417928574,3,Market On Open,Filled,1966.253785722,"" 
2022-12-27T20:50:00Z,JPM,121.378324152,-16,Market,Filled,-1942.053186432,"Liquidated" 
2022-12-27T20:50:00Z,MCD,249.63317748,-7,Market,Filled,-1747.43224236,"Liquidated" 
2022-12-27T20:50:00Z,MS,77.37965154,-25,Market,Filled,-1934.4912885,"Liquidated" 
2022-12-27T20:50:00Z,GS,320.435717382,-6,Market,Filled,-1922.614304292,"Liquidated" 
2023-01-03T15:15:00Z,UNH,501.904493258,-9,Market,Filled,-4517.140439322,"Liquidated" 
2023-01-03T15:15:00Z,COP,106.1841408,-45,Market,Filled,-4778.286336,"Liquidated" 
2023-01-03T15:15:00Z,CVX,156.70302654,-31,Market,Filled,-4857.79382274,"Liquidated" 
2023-01-03T20:50:00Z,ADBE,336.53,-5,Market,Filled,-1682.65,"Liquidated" 
2023-01-03T20:50:00Z,CRM,130.998336604,-15,Market,Filled,-1964.97504906,"Liquidated" 
2023-01-04T20:50:00Z,NKE,112.61212125,-20,Market,Filled,-2252.242425,"Liquidated" 
2023-01-18T21:45:04.198197Z,JPM,125.916696026,15,Market On Open,Filled,1888.75044039,"" 
2023-01-18T21:45:04.198197Z,MS,85.01787054,22,Market On Open,Filled,1870.39315188,"" 
2023-01-19T10:59:55.160354Z,NFLX,32.257,60,Market On Open,Filled,1935.42,"" 
2023-01-19T12:24:38.914728Z,PG,132.751478109,14,Market On Open,Filled,1858.520693526,"" 
2023-01-19T13:37:23.55822Z,GS,320.917980046,6,Market On Open,Filled,1925.507880276,"" 
2023-01-19T15:14:28.937358Z,META,132.097266864,15,Market,Filled,1981.45900296,"" 
2023-01-19T16:20:35.093315Z,CMCSA,30.6925588418,64,Market,Filled,1964.3237658752,"" 
2023-01-19T16:46:18.289577Z,MA,362.534843316,5,Market,Filled,1812.67421658,"" 
2023-01-19T19:44:24.00006Z,MCD,248.20574256,8,Market,Filled,1985.64594048,"" 
2023-01-20T13:59:55.649604Z,BLK,683.511122214,2,Market On Open,Filled,1367.022244428,"" 
2023-01-20T15:30:00Z,NFLX,31.578,-60,Market,Filled,-1894.68,"Liquidated" 
2023-01-20T15:49:29.292167Z,NFLX,31.578,62,Market,Filled,1957.836,"" 
2023-01-23T20:50:00Z,JPM,125.814241432,-15,Market,Filled,-1887.21362148,"Liquidated" 
2023-01-23T20:50:00Z,MS,86.46463908,-22,Market,Filled,-1902.22205976,"Liquidated" 
2023-01-23T20:50:00Z,GS,317.032055888,-6,Market,Filled,-1902.192335328,"Liquidated" 
2023-01-23T20:50:00Z,META,138.403218184,-15,Market,Filled,-2076.04827276,"Liquidated" 
2023-01-23T20:50:00Z,BLK,689.966975322,-5,Market,Filled,-3449.83487661,"Liquidated" 
2023-01-23T23:40:42.6867Z,MS,76.31928702,22,Market On Open,Filled,1679.02431444,"" 
2023-01-23T23:40:44.524832Z,JPM,127.220663586,15,Market On Open,Filled,1908.30995379,"" 
2023-01-23T23:40:44.524832Z,GS,323.6724418,6,Market On Open,Filled,1942.0346508,"" 
2023-01-24T07:39:45.459476Z,COP,108.8837376,18,Market On Open,Filled,1959.9072768,"" 
2023-01-24T07:39:54.11244Z,BLK,694.441421064,2,Market On Open,Filled,1388.882842128,"" 
2023-01-24T15:30:00Z,PG,130.639459617,-14,Market,Filled,-1828.952434638,"Liquidated" 
2023-01-24T15:31:30.542534Z,LMT,406.86664356,4,Market,Filled,1627.46657424,"" 
2023-01-27T20:50:00Z,MS,86.716251,-22,Market,Filled,-1907.757522,"Liquidated" 
2023-01-27T20:50:00Z,JPM,130.378127892,-15,Market,Filled,-1955.67191838,"Liquidated" 
2023-01-27T20:50:00Z,GS,329.209188154,-6,Market,Filled,-1975.255128924,"Liquidated" 
2023-01-27T20:50:00Z,COP,112.16824704,-18,Market,Filled,-2019.02844672,"Liquidated" 
2023-01-27T20:50:00Z,BLK,705.95776998,-2,Market,Filled,-1411.91553996,"Liquidated" 
2023-01-27T21:31:33.644336Z,AAPL,142.6130433,13,Market On Open,Filled,1853.9695629,"" 
2023-01-27T22:03:55.73683Z,GS,327.3821546,6,Market On Open,Filled,1964.2929276,"" 
2023-01-27T22:04:30.229268Z,MS,86.08406586,23,Market On Open,Filled,1979.93351478,"" 
2023-01-28T11:44:34.740053Z,JPM,129.55849114,15,Market On Open,Filled,1943.3773671,"" 
2023-01-28T16:27:30.486774Z,CVX,155.4458403,12,Market On Open,Filled,1865.3500836,"" 
2023-01-31T20:50:00Z,JPM,129.586433302,-15,Market,Filled,-1943.79649953,"Liquidated" 
2023-01-31T21:39:50.462535Z,JPM,128.729540334,15,Market On Open,Filled,1930.94310501,"" 
2023-02-01T15:15:00Z,LLY,335.638881852,-13,Market,Filled,-4363.305464076,"Liquidated" 
2023-02-01T15:15:00Z,CAT,240.287278021,20,Market,Filled,4805.74556042,"" 
2023-02-01T15:15:00Z,COP,109.666620672,45,Market,Filled,4934.99793024,"" 
2023-02-01T15:15:00Z,GE,63.256413137421,79,Market,Filled,4997.2566378563,"" 
2023-02-01T15:15:00Z,ISRG,245.69,20,Market,Filled,4913.8,"" 
2023-02-01T15:15:00Z,XOM,103.991106296,-2,Market,Filled,-207.982212592,"" 
2023-02-01T15:15:00Z,HON,184.23407704348,27,Market,Filled,4974.320080174,"" 
2023-02-01T15:15:00Z,MRK,98.025072732,51,Market,Filled,4999.278709332,"" 
2023-02-02T15:30:00Z,CVX,149.66627578,-12,Market,Filled,-1795.99530936,"Liquidated" 
2023-02-02T16:20:11.803238Z,UBER,31.49,63,Market,Filled,1983.87,"" 
2023-02-03T20:50:00Z,CMCSA,32.961627324618,-64,Market,Filled,-2109.5441487756,"Liquidated" 
2023-02-03T20:50:00Z,MA,368.450650962,-5,Market,Filled,-1842.25325481,"Liquidated" 
2023-02-03T20:50:00Z,MCD,245.56545444,-8,Market,Filled,-1964.52363552,"Liquidated" 
2023-02-04T09:56:38.914827Z,DIS,107.635252708,18,Market On Open,Filled,1937.434548744,"" 
2023-02-04T11:01:30.510204Z,MCD,247.23546,8,Market On Open,Filled,1977.88368,"" 
2023-02-04T12:38:15.484496Z,AMZN,102.9,19,Market On Open,Filled,1955.1,"" 
2023-02-06T20:50:00Z,NFLX,36.59,-62,Market,Filled,-2268.58,"Liquidated" 
2023-02-06T20:50:00Z,JPM,131.411987886,-15,Market,Filled,-1971.17981829,"Liquidated" 
2023-02-07T06:36:28.688489Z,JPM,131.626211128,15,Market On Open,Filled,1974.39316692,"" 
2023-02-07T07:07:07.687478Z,BLK,684.00414846,2,Market On Open,Filled,1368.00829692,"" 
2023-02-07T20:50:00Z,DIS,107.32261514,-18,Market,Filled,-1931.80707252,"Liquidated" 
2023-02-07T20:50:00Z,MCD,249.95971488,-8,Market,Filled,-1999.67771904,"Liquidated" 
2023-02-07T20:50:00Z,AMZN,102.18,-19,Market,Filled,-1941.42,"Liquidated" 
2023-02-08T10:01:43.049915Z,AXP,173.133253956,11,Market On Open,Filled,1904.465793516,"" 
2023-02-08T10:23:21.553313Z,MSFT,266.11538557,7,Market On Open,Filled,1862.80769899,"" 
2023-02-08T12:24:14.923262Z,COST,490.90640157,4,Market On Open,Filled,1963.62560628,"" 
2023-02-08T20:50:00Z,LMT,431.53779525,-4,Market,Filled,-1726.151181,"Liquidated" 
2023-02-08T21:16:24.659966Z,DIS,115.128784416,18,Market On Open,Filled,2072.318119488,"" 
2023-02-10T15:30:00Z,BLK,666.022644054,-2,Market,Filled,-1332.045288108,"Liquidated" 
2023-02-10T15:30:00Z,COST,480.67138379,-4,Market,Filled,-1922.68553516,"Liquidated" 
2023-02-10T15:33:01.164003Z,PYPL,78.239132112,25,Market,Filled,1955.9783028,"" 
2023-02-10T16:05:20.79834Z,BLK,666.022644054,2,Market,Filled,1332.045288108,"" 
2023-02-10T20:50:00Z,JPM,130.787946268,-15,Market,Filled,-1961.81919402,"Liquidated" 
2023-02-10T21:15:22.285859Z,GOOGL,93.87074458,21,Market On Open,Filled,1971.28563618,"" 
2023-02-13T15:30:00Z,DIS,105.56402882,-18,Market,Filled,-1900.15251876,"Liquidated" 
2023-02-13T15:58:09.751096Z,JPM,131.365417616,15,Market,Filled,1970.48126424,"" 
2023-02-13T20:50:00Z,AAPL,148.853546998,-13,Market,Filled,-1935.096110974,"Liquidated" 
2023-02-13T20:50:00Z,GS,344.335542096,-6,Market,Filled,-2066.013252576,"Liquidated" 
2023-02-13T20:50:00Z,MS,89.17305528,-23,Market,Filled,-2050.98027144,"Liquidated" 
2023-02-13T20:50:00Z,AXP,172.9017537,-11,Market,Filled,-1901.9192907,"Liquidated" 
2023-02-13T20:50:00Z,MSFT,256.37113857,-7,Market,Filled,-1794.59796999,"Liquidated" 
2023-02-13T21:40:17.875265Z,MS,89.83433454,22,Market On Open,Filled,1976.35535988,"" 
2023-02-13T23:49:24.415987Z,GS,346.802501108,5,Market On Open,Filled,1734.01250554,"" 
2023-02-14T01:20:07.073342Z,TMO,570.776039211,3,Market On Open,Filled,1712.328117633,"" 
2023-02-14T09:50:54.096895Z,HON,179.44510434397,11,Market On Open,Filled,1973.8961477837,"" 
2023-02-14T13:03:01.337981Z,ABNB,116.29,17,Market On Open,Filled,1976.93,"" 
2023-02-16T20:50:00Z,JPM,133.93609652,-15,Market,Filled,-2009.0414478,"Liquidated" 
2023-02-17T10:04:04.194017Z,JPM,131.309533292,15,Market On Open,Filled,1969.64299938,"" 
2023-02-17T15:30:00Z,TMO,552.628633842,-3,Market,Filled,-1657.885901526,"Liquidated" 
2023-02-17T20:50:00Z,UBER,36.22,-63,Market,Filled,-2281.86,"Liquidated" 
2023-02-17T20:50:00Z,HON,176.12286498047,-38,Market,Filled,-6692.6688692578,"Liquidated" 
2023-02-18T12:44:43.766394Z,NVDA,20.9782608,93,Market On Open,Filled,1950.9782544,"" 
2023-02-19T09:26:28.807624Z,KO,54.896754208,36,Market On Open,Filled,1976.283151488,"" 
2023-02-19T10:30:50.967335Z,CRM,162.0312784,12,Market On Open,Filled,1944.3753408,"" 
2023-02-21T15:30:00Z,PYPL,74.487804176,-25,Market,Filled,-1862.1951044,"Liquidated" 
2023-02-21T16:27:12.309261Z,HD,294.60146893,6,Market,Filled,1767.60881358,"" 
2023-02-21T20:50:00Z,JPM,132.483104096,-15,Market,Filled,-1987.24656144,"Liquidated" 
2023-02-21T22:01:19.140007Z,JPM,129.539863032,15,Market On Open,Filled,1943.09794548,"" 
2023-02-21T23:20:33.006509Z,AAPL,146.62582025,13,Market On Open,Filled,1906.13566325,"" 
2023-02-22T15:30:00Z,GS,334.912871584,-5,Market,Filled,-1674.56435792,"Liquidated" 
2023-02-22T15:30:00Z,HD,273.8000757,-6,Market,Filled,-1642.8004542,"Liquidated" 
2023-02-22T16:04:45.380768Z,GS,334.912871584,5,Market,Filled,1674.56435792,"" 
2023-02-22T17:16:34.432009Z,NVDA,20.633617944,95,Market,Filled,1960.19370468,"" 
2023-02-22T20:50:00Z,KO,54.64091048,-36,Market,Filled,-1967.07277728,"Liquidated" 
2023-02-22T20:50:00Z,CRM,159.679848872,-12,Market,Filled,-1916.158186464,"Liquidated" 
2023-02-22T23:12:08.583402Z,MSFT,249.403505274,8,Market On Open,Filled,1995.228042192,"" 
2023-02-23T01:29:32.12088Z,QCOM,118.1754145,17,Market On Open,Filled,2008.9820465,"" 
2023-02-23T15:30:00Z,BLK,639.455041062,-2,Market,Filled,-1278.910082124,"Liquidated" 
2023-02-23T15:30:00Z,GOOGL,90.96271665,-21,Market,Filled,-1910.21704965,"Liquidated" 
2023-02-23T16:21:04.651067Z,AVGO,55.0883339125,35,Market,Filled,1928.0916869375,"" 
2023-02-23T16:21:12.314695Z,COST,477.56055287,4,Market,Filled,1910.24221148,"" 
2023-02-27T20:50:00Z,JPM,131.262963022,-15,Market,Filled,-1968.94444533,"Liquidated" 
2023-02-28T08:55:48.005376Z,JPM,133.1909722,15,Market On Open,Filled,1997.864583,"" 
2023-03-01T15:15:00Z,ISRG,229.39,-20,Market,Filled,-4587.8,"Liquidated" 
2023-03-01T15:15:00Z,NFLX,32.213,153,Market,Filled,4928.589,"" 
2023-03-01T15:15:00Z,GE,66.581147575435,-5,Market,Filled,-332.90573787717,"" 
2023-03-01T15:15:00Z,CAT,228.153384795,1,Market,Filled,228.153384795,"" 
2023-03-01T15:15:00Z,COP,93.4151712,7,Market,Filled,653.9061984,"" 
2023-03-01T15:15:00Z,UBER,33.26,148,Market,Filled,4922.48,"" 
2023-03-01T15:15:00Z,XOM,99.039803016,1,Market,Filled,99.039803016,"" 
2023-03-01T15:15:00Z,BLK,641.334122226,7,Market,Filled,4489.338855582,"" 
2023-03-01T20:50:00Z,MS,87.415683,-22,Market,Filled,-1923.145026,"Liquidated" 
2023-03-01T20:50:00Z,ABNB,123.28,-17,Market,Filled,-2095.76,"Liquidated" 
2023-03-01T23:44:54.192895Z,MS,86.4645279,22,Market On Open,Filled,1902.2196138,"" 
2023-03-02T08:14:43.419629Z,BLK,626.0503086,3,Market On Open,Filled,1878.1509258,"" 
2023-03-02T15:30:00Z,GS,323.402640624,-5,Market,Filled,-1617.01320312,"Liquidated" 
2023-03-02T15:30:00Z,COST,459.58686311,-4,Market,Filled,-1838.34745244,"Liquidated" 
2023-03-02T15:42:58.198851Z,GS,323.402640624,6,Market,Filled,1940.415843744,"" 
2023-03-02T16:19:08.54319Z,ORCL,83.304125492,23,Market,Filled,1915.994886316,"" 
2023-03-03T20:50:00Z,JPM,131.393359778,-15,Market,Filled,-1970.90039667,"Liquidated" 
2023-03-04T07:23:48.383912Z,JPM,133.600790576,15,Market On Open,Filled,2004.01185864,"" 
2023-03-06T20:50:00Z,MS,89.07341046,-22,Market,Filled,-1959.61503012,"Liquidated" 
2023-03-06T20:50:00Z,BLK,646.738806168,-10,Market,Filled,-6467.38806168,"Liquidated" 
2023-03-07T08:22:05.93296Z,MS,88.774476,22,Market On Open,Filled,1953.038472,"" 
2023-03-07T09:22:27.589397Z,BLK,645.005390513,3,Market On Open,Filled,1935.016171539,"" 
2023-03-07T20:50:00Z,JPM,133.023319228,-15,Market,Filled,-1995.34978842,"Liquidated" 
2023-03-08T06:27:25.034499Z,JPM,128.5339452,15,Market On Open,Filled,1928.009178,"" 
2023-03-08T15:30:00Z,QCOM,112.026621405,-17,Market,Filled,-1904.452563885,"Liquidated" 
2023-03-08T17:38:29.703486Z,MRK,101.566058508,19,Market,Filled,1929.755111652,"" 
2023-03-09T20:50:00Z,AAPL,150.686985826,-13,Market,Filled,-1958.930815738,"Liquidated" 
2023-03-09T20:50:00Z,NVDA,24.1600713445,-188,Market,Filled,-4542.093412766,"Liquidated" 
2023-03-10T15:30:00Z,MS,83.51141778,-22,Market,Filled,-1837.25119116,"Liquidated" 
2023-03-10T15:30:00Z,BLK,610.234185176,-3,Market,Filled,-1830.702555528,"Liquidated" 
2023-03-10T15:30:00Z,JPM,121.399379836,-15,Market,Filled,-1820.99069754,"Liquidated" 
2023-03-10T15:30:00Z,MRK,98.225850276,-70,Market,Filled,-6875.80951932,"Liquidated" 
2023-03-10T20:50:00Z,MSFT,246.482677728,-8,Market,Filled,-1971.861421824,"Liquidated" 
2023-03-10T20:50:00Z,AVGO,59.51991535,-35,Market,Filled,-2083.19703725,"Liquidated" 
2023-03-13T14:30:00Z,GS,306.066323696,-6,Market,Filled,-1836.397942176,"Liquidated" 
2023-03-16T14:30:00Z,ORCL,80.0630201,-23,Market,Filled,-1841.4494623,"Liquidated" 
2023-04-03T14:15:00Z,COP,90.228508779,-52,Market,Filled,-4691.882456508,"Liquidated" 
2023-04-05T12:00:36.585017Z,MS,75.90217698,25,Market On Open,Filled,1897.5544245,"" 
2023-04-05T12:00:36.585017Z,UNH,473.1198204,4,Market On Open,Filled,1892.4792816,"" 
2023-04-05T12:00:36.585017Z,COP,97.231427009,20,Market On Open,Filled,1944.62854018,"" 
2023-04-05T12:40:50.060398Z,GS,298.547069856,6,Market On Open,Filled,1791.282419136,"" 
2023-04-05T21:36:23.319621Z,AAPL,160.071038322,12,Market On Open,Filled,1920.852459864,"" 
2023-04-05T21:36:23.319621Z,NVDA,26.5639889515,73,Market On Open,Filled,1939.1711934595,"" 
2023-04-05T21:36:23.319621Z,META,207.917642184,9,Market On Open,Filled,1871.258779656,"" 
2023-04-06T09:32:03.779603Z,JPM,119.085397586,16,Market On Open,Filled,1905.366361376,"" 
2023-04-06T10:06:07.460381Z,MSFT,276.609206664,7,Market On Open,Filled,1936.264446648,"" 
2023-04-06T14:53:59.979009Z,GE,74.148152676017,26,Market,Filled,1927.8519695764,"" 
2023-04-10T19:50:00Z,MS,76.26452178,-25,Market,Filled,-1906.6130445,"Liquidated" 
2023-04-10T19:50:00Z,UNH,487.189909838,-4,Market,Filled,-1948.759639352,"Liquidated" 
2023-04-10T19:50:00Z,COP,96.640271574,-20,Market,Filled,-1932.80543148,"Liquidated" 
2023-04-10T19:50:00Z,GS,301.14378112,-6,Market,Filled,-1806.86268672,"Liquidated" 
2023-04-10T19:50:00Z,JPM,119.658013797,-16,Market,Filled,-1914.528220752,"Liquidated" 
2023-04-10T19:50:00Z,MSFT,284.85395064,-7,Market,Filled,-1993.97765448,"Liquidated" 
2023-04-10T19:50:00Z,GE,73.636786105837,-100,Market,Filled,-7363.6786105837,"Liquidated" 
2023-04-10T23:46:42.004081Z,GS,304.721264624,6,Market On Open,Filled,1828.327587744,"" 
2023-04-11T08:41:28.199968Z,MS,76.32793212,26,Market On Open,Filled,1984.52623512,"" 
2023-04-11T08:55:40.908741Z,JPM,120.1555328,16,Market On Open,Filled,1922.4885248,"" 
2023-04-11T11:24:56.864962Z,COP,96.49475639,20,Market On Open,Filled,1929.8951278,"" 
2023-04-11T11:25:17.066319Z,XOM,103.798119744,19,Market On Open,Filled,1972.164275136,"" 
2023-04-11T11:25:27.140324Z,CVX,148.90636566,13,Market On Open,Filled,1935.78275358,"" 
2023-04-11T11:56:17.882673Z,MRK,103.586309672,19,Market On Open,Filled,1968.139883768,"" 
2023-04-14T19:50:00Z,GS,310.232270544,-6,Market,Filled,-1861.393623264,"Liquidated" 
2023-04-14T19:50:00Z,MS,77.62331478,-26,Market,Filled,-2018.20618428,"Liquidated" 
2023-04-14T19:50:00Z,JPM,121.084860749,-16,Market,Filled,-1937.357771984,"Liquidated" 
2023-04-14T19:50:00Z,COP,99.168597896,-20,Market,Filled,-1983.37195792,"Liquidated" 
2023-04-14T19:50:00Z,XOM,104.529473928,-68,Market,Filled,-7108.004227104,"Liquidated" 
2023-04-14T19:50:00Z,CVX,151.56186912,-13,Market,Filled,-1970.30429856,"Liquidated" 
2023-04-14T19:50:00Z,MRK,106.269702364,-19,Market,Filled,-2019.124344916,"Liquidated" 
2023-04-14T20:21:16.166184Z,JPM,131.420114,15,Market On Open,Filled,1971.30171,"" 
2023-04-14T20:50:18.892559Z,BLK,647.760102011,3,Market On Open,Filled,1943.280306033,"" 
2023-04-14T21:08:52.024684Z,GS,313.8471168,6,Market On Open,Filled,1883.0827008,"" 
2023-04-15T08:28:22.58779Z,MS,78.5382354,25,Market On Open,Filled,1963.455885,"" 
2023-04-17T08:51:16.135888Z,NFLX,33.8,58,Market On Open,Filled,1960.4,"" 
2023-04-17T09:54:33.43091Z,MSFT,283.173742152,7,Market On Open,Filled,1982.216195064,"" 
2023-04-17T10:15:10.603081Z,INTU,436.053947166,4,Market On Open,Filled,1744.215788664,"" 
2023-04-18T19:50:00Z,GS,317.284489984,-6,Market,Filled,-1903.706939904,"Liquidated" 
2023-04-18T19:50:00Z,MS,80.90253522,-25,Market,Filled,-2022.5633805,"Liquidated" 
2023-04-18T20:21:19.189327Z,LMT,465.5544988,4,Market On Open,Filled,1862.2179952,"" 
2023-04-18T20:37:39.547532Z,GS,310.643260816,6,Market On Open,Filled,1863.859564896,"" 
2023-04-20T14:30:00Z,NFLX,32.312,-211,Market,Filled,-6817.832,"Liquidated" 
2023-04-20T14:59:27.598509Z,MS,81.92615928,24,Market,Filled,1966.22782272,"" 
2023-04-20T19:50:00Z,MSFT,281.77682463,-7,Market,Filled,-1972.43777241,"Liquidated" 
2023-04-20T19:50:00Z,INTU,437.605985274,-4,Market,Filled,-1750.423941096,"Liquidated" 
2023-04-20T20:08:56.855863Z,ABT,105.347263722,18,Market On Open,Filled,1896.250746996,"" 
2023-04-20T21:41:47.649771Z,ISRG,297.87,6,Market On Open,Filled,1787.22,"" 
2023-04-21T19:50:00Z,AAPL,164.27020467,-12,Market,Filled,-1971.24245604,"Liquidated" 
2023-04-21T19:50:00Z,NVDA,27.080541488,-73,Market,Filled,-1976.879528624,"Liquidated" 
2023-04-21T19:50:00Z,META,211.591976024,-9,Market,Filled,-1904.327784216,"Liquidated" 
2023-04-21T20:07:29.703056Z,PG,144.730520832,13,Market On Open,Filled,1881.496770816,"" 
2023-04-22T07:38:32.162886Z,XOM,104.664909888,18,Market On Open,Filled,1883.968377984,"" 
2023-04-22T12:25:56.649334Z,MSFT,275.4760428,7,Market On Open,Filled,1928.3322996,"" 
2023-04-24T14:30:00Z,LMT,447.535128458,-4,Market,Filled,-1790.140513832,"Liquidated" 
2023-04-24T14:34:24.018919Z,KO,58.973160015,33,Market,Filled,1946.114280495,"" 
2023-04-24T19:50:00Z,MS,82.5240282,-24,Market,Filled,-1980.5766768,"Liquidated" 
2023-04-24T19:50:00Z,ABT,105.811557293,-18,Market,Filled,-1904.608031274,"Liquidated" 
2023-04-24T20:05:45.454868Z,AAPL,162.870482554,12,Market On Open,Filled,1954.445790648,"" 
2023-04-24T20:05:45.454868Z,MA,367.611399,5,Market On Open,Filled,1838.056995,"" 
2023-04-25T19:50:00Z,XOM,106.750623672,-18,Market,Filled,-1921.511226096,"Liquidated" 
2023-04-25T19:50:00Z,MSFT,275.251363758,-7,Market,Filled,-1926.759546306,"Liquidated" 
2023-04-25T20:02:59.318186Z,PEP,171.868541376,11,Market On Open,Filled,1890.553955136,"" 
2023-04-25T20:14:29.664486Z,MSFT,289.650359754,7,Market On Open,Filled,2027.552518278,"" 
2023-04-26T14:30:00Z,BLK,618.132898757,-3,Market,Filled,-1854.398696271,"Liquidated" 
2023-04-26T14:43:09.274882Z,MS,79.77020772,24,Market,Filled,1914.48498528,"" 
2023-05-01T14:15:00Z,UBER,31.05,-148,Market,Filled,-4595.4,"Liquidated" 
2023-05-01T14:15:00Z,NVDA,27.7249832405,179,Market,Filled,4962.7720000495,"" 
2023-05-01T14:15:00Z,GE,77.86146069332,63,Market,Filled,4905.2720236791,"" 
2023-05-01T14:15:00Z,META,238.652948224,20,Market,Filled,4773.05896448,"" 
2023-05-01T14:15:00Z,ORCL,91.760602893,54,Market,Filled,4955.072556222,"" 
2023-05-01T14:15:00Z,AMD,89.37,55,Market,Filled,4915.35,"" 
2023-05-01T14:15:00Z,AVGO,60.33158663,82,Market,Filled,4947.19010366,"" 
2023-05-01T14:15:00Z,NFLX,32.993,150,Market,Filled,4948.95,"" 
2023-05-01T14:15:00Z,ADBE,377.56,13,Market,Filled,4908.28,"" 
2023-05-01T14:15:00Z,CAT,209.52174224,2,Market,Filled,419.04348448,"" 
2023-05-01T14:15:00Z,CRM,195.988687172,25,Market,Filled,4899.7171793,"" 
2023-05-01T19:50:00Z,JPM,129.767975424,-15,Market,Filled,-1946.51963136,"Liquidated" 
2023-05-01T21:15:29.720447Z,CMCSA,33.554382595125,59,Market On Open,Filled,1979.7085731124,"" 
2023-05-04T19:50:00Z,GS,306.98171112,-6,Market,Filled,-1841.89026672,"Liquidated" 
2023-05-04T19:51:22.249915Z,GS,306.98171112,6,Market,Filled,1841.89026672,"" 
2023-05-05T14:30:00Z,MS,75.499642462,-24,Market,Filled,-1811.991419088,"Liquidated" 
2023-05-05T14:30:00Z,CMCSA,32.495961184106,-59,Market,Filled,-1917.2617098623,"Liquidated" 
2023-05-05T14:41:54.406902Z,AXP,144.071562218,13,Market,Filled,1872.930308834,"" 
2023-05-05T14:42:06.00762Z,ABBV,133.42521871,14,Market,Filled,1867.95306194,"" 
2023-05-08T19:50:00Z,ISRG,304.88,-6,Market,Filled,-1829.28,"Liquidated" 
2023-05-08T19:50:00Z,PG,145.438933248,-13,Market,Filled,-1890.706132224,"Liquidated" 
2023-05-08T20:35:34.07908Z,PYPL,69.459428432,26,Market On Open,Filled,1805.945139232,"" 
2023-05-08T21:53:06.093625Z,AMD,95,20,Market On Open,Filled,1900,"" 
2023-05-09T19:50:00Z,KO,58.853464296,-33,Market,Filled,-1942.164321768,"Liquidated" 
2023-05-09T20:17:13.08947Z,ABNB,110,15,Market On Open,Filled,1650,"" 
2023-05-10T14:30:00Z,PYPL,65.752996708,-26,Market,Filled,-1709.577914408,"Liquidated" 
2023-05-10T14:41:23.3294Z,META,231.751158984,8,Market,Filled,1854.009271872,"" 
2023-05-10T19:50:00Z,AAPL,169.317090046,-12,Market,Filled,-2031.805080552,"Liquidated" 
2023-05-10T19:50:00Z,MA,376.90256796,-5,Market,Filled,-1884.5128398,"Liquidated" 
2023-05-10T20:27:19.569619Z,JPM,126.7265385,15,Market On Open,Filled,1900.8980775,"" 
2023-05-10T20:29:20.920187Z,DIS,92.61887952,20,Market On Open,Filled,1852.3775904,"" 
2023-05-11T14:30:00Z,ABNB,113.19,-15,Market,Filled,-1697.85,"Liquidated" 
2023-05-11T15:27:18.61491Z,MS,76.47730938,26,Market,Filled,1988.41004388,"" 
2023-05-11T19:50:00Z,PEP,177.148246674,-11,Market,Filled,-1948.630713414,"Liquidated" 
2023-05-11T19:50:00Z,MSFT,305.084833074,-7,Market,Filled,-2135.593831518,"Liquidated" 
2023-05-11T19:56:04.003107Z,CMCSA,32.205097284895,61,Market,Filled,1964.5109343786,"" 
2023-05-11T20:37:46.213017Z,AMZN,112.14,17,Market On Open,Filled,1906.38,"" 
2023-05-12T14:30:00Z,DIS,90.181283482,-20,Market,Filled,-1803.62566964,"Liquidated" 
2023-05-12T15:25:51.739426Z,ISRG,303.47,6,Market,Filled,1820.82,"" 
2023-05-22T19:50:00Z,GS,304.64653912,-6,Market,Filled,-1827.87923472,"Liquidated" 
2023-05-22T19:50:00Z,AXP,148.07973551,-13,Market,Filled,-1925.03656163,"Liquidated" 
2023-05-22T19:50:00Z,ABBV,131.396901846,-14,Market,Filled,-1839.556625844,"Liquidated" 
2023-05-22T20:58:37.245651Z,GS,302.26466368,6,Market On Open,Filled,1813.58798208,"" 
2023-05-22T22:57:20.004347Z,MSFT,313.299868018,6,Market On Open,Filled,1879.799208108,"" 
2023-05-22T22:57:20.004347Z,GOOGL,123.070124,16,Market On Open,Filled,1969.121984,"" 
2023-05-24T19:50:00Z,AMD,108.12,-75,Market,Filled,-8109,"Liquidated" 
2023-05-24T20:42:41.993353Z,NVDA,38.476669595,66,Market On Open,Filled,2539.46019327,"" 
2023-05-25T14:30:00Z,GOOGL,119.9933709,-16,Market,Filled,-1919.8939344,"Liquidated" 
2023-05-25T19:50:00Z,META,247.481280072,-28,Market,Filled,-6929.475842016,"Liquidated" 
2023-05-25T21:31:30.083236Z,AAPL,171.091131056,12,Market On Open,Filled,2053.093572672,"" 
2023-05-26T08:14:24.935386Z,BLK,622.977068296,3,Market On Open,Filled,1868.931204888,"" 
2023-05-26T19:50:00Z,JPM,127.355477617,-15,Market,Filled,-1910.332164255,"Liquidated" 
2023-05-26T19:50:00Z,MS,75.828577126,-26,Market,Filled,-1971.543005276,"Liquidated" 
2023-05-26T19:50:00Z,GS,302.526202944,-6,Market,Filled,-1815.157217664,"Liquidated" 
2023-05-26T22:32:34.295161Z,GOOGL,124.58865053,17,Market On Open,Filled,2118.00705901,"" 
2023-05-26T22:32:34.295161Z,ORCL,101.7086805,21,Market On Open,Filled,2135.8822905,"" 
2023-05-26T22:55:16.574316Z,JPM,128.153385452,16,Market On Open,Filled,2050.454167232,"" 
2023-05-30T19:50:00Z,CMCSA,31.898074280172,-61,Market,Filled,-1945.7825310905,"Liquidated" 
2023-05-30T19:50:00Z,AMZN,120.11,-17,Market,Filled,-2041.87,"Liquidated" 
2023-05-30T19:50:00Z,ISRG,306.9,-6,Market,Filled,-1841.4,"Liquidated" 
2023-05-30T19:50:00Z,BLK,629.92943541,-3,Market,Filled,-1889.78830623,"Liquidated" 
2023-05-30T20:27:49.82854Z,MS,75.892536644,28,Market On Open,Filled,2124.991026032,"" 
2023-05-30T22:39:30.225348Z,HD,271.81806498,7,Market On Open,Filled,1902.72645486,"" 
2023-05-31T12:36:35.61255Z,CMCSA,31.679926355764,67,Market On Open,Filled,2122.5550658362,"" 
2023-05-31T15:01:21.035172Z,JPM,129.035777646,16,Market,Filled,2064.572442336,"" 
2023-05-31T15:30:48.514896Z,META,260.698951264,8,Market,Filled,2085.591610112,"" 
2023-06-01T14:15:00Z,ADBE,417.79,-13,Market,Filled,-5431.27,"Liquidated" 
2023-06-01T14:15:00Z,CAT,197.0251301,-23,Market,Filled,-4531.5779923,"Liquidated" 
2023-06-01T14:15:00Z,CRM,220.698457128,-25,Market,Filled,-5517.4614282,"Liquidated" 
2023-06-01T14:15:00Z,NFLX,39.523,-150,Market,Filled,-5928.45,"Liquidated" 
2023-06-01T14:15:00Z,GE,79.875458262026,3,Market,Filled,239.62637478608,"" 
2023-06-01T14:15:00Z,AMD,118.21,45,Market,Filled,5319.45,"" 
2023-06-01T14:15:00Z,NKE,100.104007316,53,Market,Filled,5305.512387748,"" 
2023-06-01T14:15:00Z,UBER,37.93,140,Market,Filled,5310.2,"" 
2023-06-01T14:15:00Z,AVGO,77.8060793832,-14,Market,Filled,-1089.2851113648,"" 
2023-06-05T19:50:00Z,JPM,131.861310097,-32,Market,Filled,-4219.561923104,"Liquidated" 
2023-06-06T06:13:27.409897Z,BLK,630.903891178,3,Market On Open,Filled,1892.711673534,"" 
2023-06-07T19:50:00Z,MSFT,326.673020312,-6,Market,Filled,-1960.038121872,"Liquidated" 
2023-06-08T01:20:41.41721Z,JPM,132.049053117,16,Market On Open,Filled,2112.784849872,"" 
2023-06-09T19:50:00Z,NVDA,38.480651529,-245,Market,Filled,-9427.759624605,"Liquidated" 
2023-06-09T19:50:00Z,BLK,642.377070918,-3,Market,Filled,-1927.131212754,"Liquidated" 
2023-06-10T07:12:31.678826Z,BLK,647.39844389,3,Market On Open,Filled,1942.19533167,"" 
2023-06-10T12:23:56.908569Z,MSFT,321.670325713,6,Market On Open,Filled,1930.021954278,"" 
2023-06-12T19:50:00Z,AAPL,178.622575872,-12,Market,Filled,-2143.470910464,"Liquidated" 
2023-06-12T19:50:00Z,GOOGL,121.31339723,-17,Market,Filled,-2062.32775291,"Liquidated" 
2023-06-12T19:50:00Z,ORCL,106.435712508,-75,Market,Filled,-7982.6784381,"Liquidated" 
2023-06-12T21:07:32.187566Z,ORCL,119.405990907,19,Market On Open,Filled,2268.713827233,"" 
2023-06-13T10:31:24.234627Z,GOOGL,124.062625,17,Market On Open,Filled,2109.064625,"" 
2023-06-13T11:35:23.993856Z,NVDA,40.1483795841,55,Market On Open,Filled,2208.1608771255,"" 
2023-06-13T19:50:00Z,BLK,644.076031698,-3,Market,Filled,-1932.228095094,"Liquidated" 
2023-06-14T15:39:20.281617Z,ADBE,478.99,4,Market,Filled,1915.96,"" 
2023-06-15T19:50:00Z,MS,80.397114126,-28,Market,Filled,-2251.119195528,"Liquidated" 
2023-06-15T19:50:00Z,HD,281.72560174,-7,Market,Filled,-1972.07921218,"Liquidated" 
2023-06-15T19:50:00Z,CMCSA,32.99689345497,-67,Market,Filled,-2210.791861483,"Liquidated" 
2023-06-15T19:50:00Z,META,271.45382572,-8,Market,Filled,-2171.63060576,"Liquidated" 
2023-06-16T07:03:32.724696Z,MS,81.886457188,27,Market On Open,Filled,2210.934344076,"" 
2023-06-16T08:06:30.666515Z,AMD,125.85,17,Market On Open,Filled,2139.45,"" 
2023-06-16T08:06:30.666515Z,BLK,675.289716695,3,Market On Open,Filled,2025.869150085,"" 
2023-06-16T08:06:32.279804Z,GS,321.300403918,6,Market On Open,Filled,1927.802423508,"" 
2023-06-20T14:30:00Z,AMD,120.08,-62,Market,Filled,-7444.96,"Liquidated" 
2023-06-20T15:21:30.085167Z,PYPL,66.276785848,33,Market,Filled,2187.133932984,"" 
2023-06-20T19:50:00Z,MS,80.525033162,-27,Market,Filled,-2174.175895374,"Liquidated" 
2023-06-20T19:50:00Z,BLK,663.330920538,-3,Market,Filled,-1989.992761614,"Liquidated" 
2023-06-20T19:50:00Z,GS,318.410977941,-6,Market,Filled,-1910.465867646,"Liquidated" 
2023-06-21T12:41:49.699086Z,MS,79.090512544,27,Market On Open,Filled,2135.443838688,"" 
2023-06-22T13:23:38.618322Z,AVGO,81.8152418214,26,Market On Open,Filled,2127.1962873564,"" 
2023-06-22T15:08:51.965009Z,NKE,104.937098058,20,Market,Filled,2098.74196116,"" 
2023-06-23T19:50:00Z,JPM,131.025853658,-16,Market,Filled,-2096.413658528,"Liquidated" 
2023-06-24T06:05:32.061752Z,JPM,130.453237447,16,Market On Open,Filled,2087.251799152,"" 
2023-06-26T14:30:00Z,MS,76.367664492,-27,Market,Filled,-2061.926941284,"Liquidated" 
2023-06-26T14:30:00Z,AVGO,79.594363989,-94,Market,Filled,-7481.870214966,"Liquidated" 
2023-06-26T19:50:00Z,MSFT,327.984881518,-6,Market,Filled,-1967.909289108,"Liquidated" 
2023-06-27T05:34:42.860697Z,MS,76.669187934,28,Market On Open,Filled,2146.737262152,"" 
2023-06-27T12:37:31.397551Z,AAPL,183.459283552,11,Market On Open,Filled,2018.052119072,"" 
2023-06-27T14:23:51.738181Z,META,276.538309304,7,Market,Filled,1935.768165128,"" 
2023-06-27T14:30:00Z,GOOGL,117.45256834,-17,Market,Filled,-1996.69366178,"Liquidated" 
2023-06-27T19:50:00Z,JPM,130.659754769,-16,Market,Filled,-2090.556076304,"Liquidated" 
2023-06-27T19:52:14.791106Z,GOOGL,117.45256834,18,Market,Filled,2114.14623012,"" 
2023-06-28T02:39:44.270896Z,BLK,646.209171344,3,Market On Open,Filled,1938.627514032,"" 
2023-06-28T19:50:00Z,ORCL,114.126826062,-19,Market,Filled,-2168.409695178,"Liquidated" 
2023-06-28T19:50:00Z,NVDA,41.8440863004,-55,Market,Filled,-2301.424746522,"Liquidated" 
2023-06-28T21:32:34.795599Z,JPM,131.485824057,16,Market On Open,Filled,2103.773184912,"" 
2023-06-29T12:46:48.031587Z,GS,298.599115786,7,Market On Open,Filled,2090.193810502,"" 
2023-06-29T19:50:00Z,ADBE,482.43,-4,Market,Filled,-1929.72,"Liquidated" 
2023-06-30T03:30:39.782717Z,DIS,87.24542132,25,Market On Open,Filled,2181.135533,"" 
2023-06-30T19:50:00Z,MS,77.884418776,-28,Market,Filled,-2180.763725728,"Liquidated" 
2023-06-30T19:50:00Z,META,279.577082696,-7,Market,Filled,-1957.039578872,"Liquidated" 
2023-07-01T07:59:40.871416Z,MS,78.889496916,27,Market On Open,Filled,2130.016416732,"" 
2023-07-02T08:34:27.402644Z,NFLX,43.976,49,Market On Open,Filled,2154.824,"" 
2023-07-03T14:15:00Z,NVDA,42.2697616458,129,Market,Filled,5452.7992523082,"" 
2023-07-03T14:15:00Z,META,284.989277136,19,Market,Filled,5414.796265584,"" 
2023-07-03T14:15:00Z,AMD,113.91,47,Market,Filled,5353.77,"" 
2023-07-03T14:15:00Z,GE,86.420950360323,-3,Market,Filled,-259.26285108097,"" 
2023-07-03T14:15:00Z,AVGO,83.9780321778,64,Market,Filled,5374.5940593792,"" 
2023-07-03T14:15:00Z,CRM,208.723950456,26,Market,Filled,5426.822711856,"" 
2023-07-03T14:15:00Z,MSFT,333.388966486,16,Market,Filled,5334.223463776,"" 
2023-07-03T14:15:00Z,UBER,43.17,-14,Market,Filled,-604.38,"" 
2023-07-03T14:15:00Z,AMZN,130.36,41,Market,Filled,5344.76,"" 
2023-07-03T16:50:00Z,AAPL,191.464528304,-11,Market,Filled,-2106.109811344,"Liquidated" 
2023-07-04T21:06:36.606864Z,AMD,116.1,18,Market On Open,Filled,2089.8,"" 
2023-07-05T19:50:00Z,PYPL,67.937945692,-33,Market,Filled,-2241.952207836,"Liquidated" 
2023-07-05T19:50:00Z,MS,78.916908138,-27,Market,Filled,-2130.756519726,"Liquidated" 
2023-07-05T19:50:00Z,NFLX,44.135,-49,Market,Filled,-2162.615,"Liquidated" 
2023-07-06T05:53:18.810873Z,MS,77.52807289,27,Market On Open,Filled,2093.25796803,"" 
2023-07-06T10:18:03.949171Z,META,293.9467072,7,Market On Open,Filled,2057.6269504,"" 
2023-07-06T12:48:57.290201Z,CMCSA,33.440361286743,64,Market On Open,Filled,2140.1831223516,"" 
2023-07-07T14:30:00Z,NKE,100.28086021,-73,Market,Filled,-7320.50279533,"Liquidated" 
2023-07-07T14:30:00Z,MS,76.139237642,-27,Market,Filled,-2055.759416334,"Liquidated" 
2023-07-07T14:44:10.993158Z,MS,76.139237642,28,Market,Filled,2131.898653976,"" 
2023-07-07T15:39:24.264479Z,UNH,447.741137592,4,Market,Filled,1790.964550368,"" 
2023-07-10T19:50:00Z,AMD,113.17,-65,Market,Filled,-7356.05,"Liquidated" 
2023-07-10T19:50:00Z,META,288.514651496,-26,Market,Filled,-7501.380938896,"Liquidated" 
2023-07-10T19:50:00Z,CMCSA,33.708860537951,-64,Market,Filled,-2157.3670744288,"Liquidated" 
2023-07-10T19:50:00Z,MS,76.175785938,-28,Market,Filled,-2132.922006264,"Liquidated" 
2023-07-11T07:08:39.025166Z,MS,76.678325008,28,Market On Open,Filled,2146.993100224,"" 
2023-07-11T08:05:25.304392Z,AAPL,186.687045616,11,Market On Open,Filled,2053.557501776,"" 
2023-07-11T13:53:25.700771Z,NVDA,42.147854622,51,Market,Filled,2149.540585722,"" 
2023-07-11T15:06:06.353519Z,LMT,429.834661722,5,Market,Filled,2149.17330861,"" 
2023-07-13T14:30:00Z,UNH,430.89456249,-4,Market,Filled,-1723.57824996,"Liquidated" 
2023-07-13T15:07:59.371108Z,ABT,101.282326131,21,Market,Filled,2126.928848751,"" 
2023-07-13T19:50:00Z,GOOGL,118.03814393,-18,Market,Filled,-2124.68659074,"Liquidated" 
2023-07-13T19:50:00Z,BLK,685.2475146,-3,Market,Filled,-2055.7425438,"Liquidated" 
2023-07-14T09:26:26.958029Z,MSFT,340.046172606,6,Market On Open,Filled,2040.277035636,"" 
2023-07-14T10:09:32.440906Z,UNH,438.917195367,5,Market On Open,Filled,2194.585976835,"" 
2023-07-14T19:50:00Z,JPM,140.706252053,-16,Market,Filled,-2251.300032848,"Liquidated" 
2023-07-14T19:50:00Z,GS,309.347403948,-7,Market,Filled,-2165.431827636,"Liquidated" 
2023-07-14T19:50:00Z,MS,78.770714954,-28,Market,Filled,-2205.580018712,"Liquidated" 
2023-07-14T19:50:00Z,AAPL,188.078832928,-11,Market,Filled,-2068.867162208,"Liquidated" 
2023-07-15T05:55:44.075524Z,JPM,142.171252998,15,Market On Open,Filled,2132.56879497,"" 
2023-07-15T06:59:23.78054Z,ABNB,142.29,15,Market On Open,Filled,2134.35,"" 
2023-07-15T06:59:42.025433Z,AMD,115.88,19,Market On Open,Filled,2201.72,"" 
2023-07-15T09:07:18.347191Z,MS,78.286450032,28,Market On Open,Filled,2192.020600896,"" 
2023-07-17T19:50:00Z,DIS,86.61037626,-25,Market,Filled,-2165.2594065,"Liquidated" 
2023-07-17T19:50:00Z,MSFT,337.990270716,-22,Market,Filled,-7435.785955752,"Liquidated" 
2023-07-18T06:02:33.775676Z,NFLX,45.1,49,Market On Open,Filled,2209.9,"" 
2023-07-18T07:16:33.011698Z,ORCL,115.46051473,19,Market On Open,Filled,2193.74977987,"" 
2023-07-18T19:50:00Z,JPM,144.968932222,-15,Market,Filled,-2174.53398333,"Liquidated" 
2023-07-18T19:50:00Z,ABNB,145.36,-15,Market,Filled,-2180.4,"Liquidated" 
2023-07-18T19:50:00Z,AMD,118.32,-19,Market,Filled,-2248.08,"Liquidated" 
2023-07-18T19:50:00Z,MS,78.962593508,-28,Market,Filled,-2210.952618224,"Liquidated" 
2023-07-18T20:09:06.094783Z,MSFT,353.928405368,6,Market On Open,Filled,2123.570432208,"" 
2023-07-18T20:09:06.094783Z,MS,83.540267582,26,Market On Open,Filled,2172.046957132,"" 
2023-07-18T20:42:22.217395Z,JPM,144.089931655,15,Market On Open,Filled,2161.348974825,"" 
2023-07-19T11:45:15.770616Z,GS,318.1192118,7,Market On Open,Filled,2226.8344826,"" 
2023-07-21T14:30:00Z,MSFT,339.586042183,-6,Market,Filled,-2037.516253098,"Liquidated" 
2023-07-21T15:07:19.724219Z,ISRG,347.66,6,Market,Filled,2085.96,"" 
2023-07-21T19:50:00Z,ORCL,112.64155958,-19,Market,Filled,-2140.18963202,"Liquidated" 
2023-07-21T20:34:49.514536Z,AXP,162.673940865,13,Market On Open,Filled,2114.761231245,"" 
2023-07-24T14:30:00Z,NFLX,42.75,-49,Market,Filled,-2094.75,"Liquidated" 
2023-07-24T14:30:00Z,ISRG,336.66,-6,Market,Filled,-2019.96,"Liquidated" 
2023-07-24T15:25:32.922252Z,ISRG,336.66,6,Market,Filled,2019.96,"" 
2023-07-24T15:35:23.878743Z,MCD,278.858283837,7,Market,Filled,1952.007986859,"" 
2023-07-25T14:30:00Z,ISRG,323.56,-6,Market,Filled,-1941.36,"Liquidated" 
2023-07-25T15:24:46.524266Z,MRK,100.6612191,22,Market,Filled,2214.5468202,"" 
2023-07-26T19:50:00Z,NVDA,45.6441880341,-180,Market,Filled,-8215.953846138,"Liquidated" 
2023-07-26T19:50:00Z,LMT,424.046019942,-5,Market,Filled,-2120.23009971,"Liquidated" 
2023-07-26T20:13:20.795624Z,MSFT,333.232326342,6,Market On Open,Filled,1999.393958052,"" 
2023-07-26T20:13:20.795624Z,GOOGL,130.54365653,17,Market On Open,Filled,2219.24216101,"" 
2023-07-28T14:30:00Z,AXP,158.914322166,-13,Market,Filled,-2065.886188158,"Liquidated" 
2023-07-28T14:30:00Z,MRK,97.4048319,-22,Market,Filled,-2142.9063018,"Liquidated" 
2023-07-28T15:02:15.781917Z,CVX,141.937558592,15,Market,Filled,2129.06337888,"" 
2023-07-28T15:32:36.458504Z,XOM,96.010337304,23,Market,Filled,2208.237757992,"" 
2023-07-28T19:50:00Z,ABT,107.252071095,-21,Market,Filled,-2252.293492995,"Liquidated" 
2023-07-28T20:41:24.925697Z,V,231.1517576,9,Market On Open,Filled,2080.3658184,"" 
2023-07-31T19:50:00Z,UNH,479.745814527,-5,Market,Filled,-2398.729072635,"Liquidated" 
2023-07-31T20:21:04.449547Z,AMZN,133.55,16,Market On Open,Filled,2136.8,"" 
2023-08-01T14:15:00Z,NVDA,46.6933878291,119,Market,Filled,5556.5131516629,"" 
2023-08-01T14:15:00Z,META,316.38993552,17,Market,Filled,5378.62890384,"" 
2023-08-01T14:15:00Z,AMD,114.4,48,Market,Filled,5491.2,"" 
2023-08-01T14:15:00Z,UBER,49.46,-14,Market,Filled,-692.44,"" 
2023-08-01T14:15:00Z,GE,89.941106755184,-2,Market,Filled,-179.88221351037,"" 
2023-08-01T14:15:00Z,CRM,222.308889956,-1,Market,Filled,-222.308889956,"" 
2023-08-01T14:15:00Z,NFLX,43.897,126,Market,Filled,5531.022,"" 
2023-08-01T14:15:00Z,ABNB,152.19,36,Market,Filled,5478.84,"" 
2023-08-01T19:50:00Z,V,232.846217518,-9,Market,Filled,-2095.615957662,"Liquidated" 
2023-08-01T20:13:38.57782Z,BLK,681.887347724,3,Market On Open,Filled,2045.662043172,"" 
2023-08-03T14:30:00Z,MSFT,320.62279475,-6,Market,Filled,-1923.7367685,"Liquidated" 
2023-08-03T14:30:00Z,AMZN,128.21,-57,Market,Filled,-7307.97,"Liquidated" 
2023-08-03T14:32:42.419982Z,COST,531.435543425,4,Market,Filled,2125.7421737,"" 
2023-08-03T15:02:37.038152Z,PYPL,73.03117152,29,Market,Filled,2117.90397408,"" 
2023-08-03T19:50:00Z,MS,82.36719722,-26,Market,Filled,-2141.54712772,"Liquidated" 
2023-08-03T19:50:00Z,JPM,146.87815926,-15,Market,Filled,-2203.1723889,"Liquidated" 
2023-08-03T19:50:00Z,GS,330.44868421,-7,Market,Filled,-2313.14078947,"Liquidated" 
2023-08-03T19:52:06.084278Z,ABT,103.405658603,21,Market,Filled,2171.518830663,"" 
2023-08-03T20:12:53.371983Z,JPM,147.82332116,14,Market On Open,Filled,2069.52649624,"" 
2023-08-03T20:13:09.217458Z,MS,82.394861975,26,Market On Open,Filled,2142.26641135,"" 
2023-08-04T14:30:00Z,BLK,670.306098407,-3,Market,Filled,-2010.918295221,"Liquidated" 
2023-08-04T14:30:00Z,PYPL,64.031975248,-29,Market,Filled,-1856.927282192,"Liquidated" 
2023-08-04T14:34:26.823707Z,ISRG,311.28,6,Market,Filled,1867.68,"" 
2023-08-04T14:42:26.568436Z,ABNB,140.88,15,Market,Filled,2113.2,"" 
2023-08-07T19:50:00Z,COST,531.13728142,-4,Market,Filled,-2124.54912568,"Liquidated" 
2023-08-07T19:50:00Z,MS,81.878453215,-26,Market,Filled,-2128.83978359,"Liquidated" 
2023-08-07T19:59:21.616605Z,NVDA,44.645949372,48,Market,Filled,2143.005569856,"" 
2023-08-07T19:59:21.616605Z,DIS,84.31444412,25,Market,Filled,2107.861103,"" 
2023-08-08T19:50:00Z,MCD,274.88685738,-7,Market,Filled,-1924.20800166,"Liquidated" 
2023-08-08T20:12:32.41987Z,AMZN,140,15,Market On Open,Filled,2100,"" 
2023-08-10T14:30:00Z,ABT,100.25426619,-21,Market,Filled,-2105.33958999,"Liquidated" 
2023-08-10T14:30:00Z,NVDA,42.5215695966,-167,Market,Filled,-7101.1021226322,"Liquidated" 
2023-08-10T18:44:57.984691Z,MCD,271.896495891,7,Market,Filled,1903.275471237,"" 
2023-08-11T07:31:59.326863Z,LLY,514.8145275,4,Market On Open,Filled,2059.25811,"" 
2023-08-11T14:30:00Z,ABNB,135.97,-51,Market,Filled,-6934.47,"Liquidated" 
2023-08-11T17:07:46.445909Z,META,303.619142768,7,Market,Filled,2125.333999376,"" 
2023-08-11T19:50:00Z,GOOGL,128.71745469,-17,Market,Filled,-2188.19672973,"Liquidated" 
2023-08-12T01:07:37.864933Z,NVDA,40.46913495,52,Market On Open,Filled,2104.3950174,"" 
2023-08-14T19:50:00Z,CVX,146.002065408,-15,Market,Filled,-2190.03098112,"Liquidated" 
2023-08-14T19:50:00Z,XOM,101.857295808,-23,Market,Filled,-2342.717803584,"Liquidated" 
2023-08-14T19:50:00Z,LLY,518.285848314,-4,Market,Filled,-2073.143393256,"Liquidated" 
2023-08-14T23:19:01.287943Z,MSFT,316.2172907,6,Market On Open,Filled,1897.3037442,"" 
2023-08-15T00:13:11.477127Z,CRM,207.805114548,10,Market On Open,Filled,2078.05114548,"" 
2023-08-15T15:11:05.020153Z,HD,310.1510203,6,Market,Filled,1860.9061218,"" 
2023-08-15T19:50:00Z,NVDA,43.7196558387,-52,Market,Filled,-2273.4221036124,"Liquidated" 
2023-08-16T14:30:00Z,JPM,142.558769377,-14,Market,Filled,-1995.822771278,"Liquidated" 
2023-08-16T15:41:39.982684Z,PYPL,59.332838392,36,Market,Filled,2135.982182112,"" 
2023-08-16T15:41:39.982684Z,SQ,58.36,36,Market,Filled,2100.96,"" 
2023-08-17T14:30:00Z,ISRG,299.32,-6,Market,Filled,-1795.92,"Liquidated" 
2023-08-17T14:30:00Z,AMZN,135.07,-15,Market,Filled,-2026.05,"Liquidated" 
2023-08-17T14:30:00Z,META,292.248569128,-24,Market,Filled,-7013.965659072,"Liquidated" 
2023-08-17T15:02:27.775482Z,NVDA,43.4528593194,49,Market,Filled,2129.1901066506,"" 
2023-08-17T16:32:27.667821Z,CAT,264.17112987,8,Market,Filled,2113.36903896,"" 
2023-08-18T12:09:56.648773Z,INTU,472.232639775,4,Market On Open,Filled,1888.9305591,"" 
2023-08-18T14:30:00Z,CRM,201.393023104,-35,Market,Filled,-7048.75580864,"Liquidated" 
2023-08-18T14:30:00Z,SQ,56.1,-36,Market,Filled,-2019.6,"Liquidated" 
2023-08-21T19:50:00Z,INTU,478.1858549,-4,Market,Filled,-1912.7434196,"Liquidated" 
2023-08-23T19:50:00Z,DIS,83.816177996,-25,Market,Filled,-2095.4044499,"Liquidated" 
2023-08-25T19:50:00Z,MCD,266.349705495,-7,Market,Filled,-1864.447938465,"Liquidated" 
2023-08-30T19:50:00Z,MSFT,322.194380976,-6,Market,Filled,-1933.166285856,"Liquidated" 
2023-08-30T19:50:00Z,HD,309.61522372,-6,Market,Filled,-1857.69134232,"Liquidated" 
2023-08-31T19:50:00Z,PYPL,63.273728112,-36,Market,Filled,-2277.854212032,"Liquidated" 
2023-09-01T14:15:00Z,NFLX,43.368,-126,Market,Filled,-5464.368,"Liquidated" 
2023-09-01T19:50:00Z,NVDA,49.3173865545,-49,Market,Filled,-2416.5519411705,"Liquidated" 
2023-09-01T19:50:00Z,CAT,270.54180081,-8,Market,Filled,-2164.33440648,"Liquidated" 
2023-09-09T18:15:57.562192Z,ADBE,562,3,Market On Open,Filled,1686,"" 
2023-09-11T06:57:46.850015Z,COST,532.883079054,4,Market On Open,Filled,2131.532316216,"" 
2023-09-11T08:33:59.565289Z,AAPL,177.984087127,12,Market On Open,Filled,2135.809045524,"" 
2023-09-11T08:33:59.565289Z,GOOGL,135.5756366,15,Market On Open,Filled,2033.634549,"" 
2023-09-11T08:33:59.565289Z,ORCL,123.47023557,17,Market On Open,Filled,2098.99400469,"" 
2023-09-11T08:33:59.565289Z,MS,78.7523359,27,Market On Open,Filled,2126.3130693,"" 
2023-09-12T17:43:02.711027Z,MSFT,331.544012384,6,Market,Filled,1989.264074304,"" 
2023-09-12T17:43:02.711027Z,AMZN,143.1,15,Market,Filled,2146.5,"" 
2023-09-12T19:50:00Z,ADBE,564.5,-3,Market,Filled,-1693.5,"Liquidated" 
2023-09-13T14:30:00Z,ORCL,106.55650467,-17,Market,Filled,-1811.46057939,"Liquidated" 
2023-09-14T07:53:03.239371Z,ORCL,110.32807225,19,Market On Open,Filled,2096.23337275,"" 
2023-09-14T07:53:16.434129Z,QCOM,108.437383937,20,Market On Open,Filled,2168.74767874,"" 
2023-09-14T19:50:00Z,COST,539.582555184,-4,Market,Filled,-2158.330220736,"Liquidated" 
2023-09-14T19:50:00Z,AAPL,172.191968781,-12,Market,Filled,-2066.303625372,"Liquidated" 
2023-09-14T19:50:00Z,GOOGL,135.68481171,-15,Market,Filled,-2035.27217565,"Liquidated" 
2023-09-14T19:50:00Z,MS,80.458329125,-27,Market,Filled,-2172.374886375,"Liquidated" 
2023-09-14T20:07:52.459761Z,ADBE,532.11,3,Market On Open,Filled,1596.33,"" 
2023-09-18T14:30:00Z,ADBE,528.89,-3,Market,Filled,-1586.67,"Liquidated" 
2023-09-18T19:50:00Z,ORCL,110.707173115,-19,Market,Filled,-2103.436289185,"Liquidated" 
2023-09-18T19:50:00Z,QCOM,107.836913234,-20,Market,Filled,-2156.73826468,"Liquidated" 
2023-09-20T14:30:00Z,AMZN,137.63,-15,Market,Filled,-2064.45,"Liquidated" 
2023-09-21T14:30:00Z,MSFT,314.698978672,-6,Market,Filled,-1888.193872032,"Liquidated" 
2023-10-02T14:15:00Z,GE,87.098604453082,-61,Market,Filled,-5313.014871638,"Liquidated" 
2023-10-02T14:15:00Z,AMD,102.82,-48,Market,Filled,-4935.36,"Liquidated" 
2023-11-13T21:11:16.980008Z,GOOGL,133.16385917,16,Market On Open,Filled,2130.62174672,"" 
2023-11-14T06:35:57.672898Z,AAPL,185.700844629,11,Market On Open,Filled,2042.709290919,"" 
2023-11-14T06:58:41.130271Z,GS,316.52964237,6,Market On Open,Filled,1899.17785422,"" 
2023-11-14T07:17:28.932573Z,JPM,139.659323148,15,Market On Open,Filled,2094.88984722,"" 
2023-11-14T07:18:55.050693Z,AMZN,145,15,Market On Open,Filled,2175,"" 
2023-11-14T07:46:58.532133Z,MS,71.752656482,30,Market On Open,Filled,2152.57969446,"" 
2023-11-14T08:17:45.78975Z,BLK,639.8310604,3,Market On Open,Filled,1919.4931812,"" 
2023-11-14T11:08:30.442672Z,HD,286.362630786,7,Market On Open,Filled,2004.538415502,"" 
2023-11-14T14:03:55.947386Z,MRK,95.507478672,22,Market On Open,Filled,2101.164530784,"" 
2023-11-15T04:02:44.151324Z,NVDA,49.891060985,43,Market On Open,Filled,2145.315622355,"" 
2023-11-17T20:50:00Z,AMZN,142.83,-15,Market,Filled,-2142.45,"Liquidated" 
2023-11-17T20:50:00Z,MS,74.356922276,-30,Market,Filled,-2230.70766828,"Liquidated" 
2023-11-17T20:50:00Z,BLK,679.66601052,-3,Market,Filled,-2038.99803156,"Liquidated" 
2023-11-18T00:17:44.864893Z,AMZN,145.08,14,Market On Open,Filled,2031.12,"" 
2023-11-18T06:35:22.455534Z,MS,74.636950856,28,Market On Open,Filled,2089.834623968,"" 
2023-11-18T06:35:22.455534Z,BLK,679.181145972,3,Market On Open,Filled,2037.543437916,"" 
2023-11-20T20:50:00Z,GOOGL,134.29531031,-16,Market,Filled,-2148.72496496,"Liquidated" 
2023-11-21T09:37:42.001135Z,MSFT,369.317784064,5,Market On Open,Filled,1846.58892032,"" 
2023-11-27T15:30:00Z,NVDA,47.7435218752,-43,Market,Filled,-2052.9714406336,"Liquidated" 
2023-11-27T16:51:25.530303Z,PG,142.889262318,15,Market,Filled,2143.33893477,"" 
2023-11-29T15:30:00Z,MS,71.761990768,-28,Market,Filled,-2009.335741504,"Liquidated" 
2023-11-29T15:33:54.443995Z,NVDA,47.7884912842,45,Market,Filled,2150.482107789,"" 
2023-11-29T20:50:00Z,AAPL,188.44236432,-11,Market,Filled,-2072.86600752,"Liquidated" 
2023-11-29T20:50:00Z,GS,320.43964185,-6,Market,Filled,-1922.6378511,"Liquidated" 
2023-11-29T20:50:00Z,JPM,146.190976794,-15,Market,Filled,-2192.86465191,"Liquidated" 
2023-11-29T20:50:00Z,HD,296.418574644,-7,Market,Filled,-2074.930022508,"Liquidated" 
2023-11-29T20:50:00Z,MRK,93.309335024,-22,Market,Filled,-2052.805370528,"Liquidated" 
2023-11-29T21:38:26.350593Z,INTU,569.14313863,3,Market On Open,Filled,1707.42941589,"" 
2023-11-29T22:54:32.183383Z,CRM,246.0109044,9,Market On Open,Filled,2214.0981396,"" 
2023-11-30T07:35:30.928741Z,MS,73.526170822,29,Market On Open,Filled,2132.258953838,"" 
2023-11-30T09:40:20.136131Z,GS,326.926906792,6,Market On Open,Filled,1961.561440752,"" 
2023-11-30T11:24:12.772766Z,JPM,147.495403251,14,Market On Open,Filled,2064.935645514,"" 
2023-11-30T20:50:00Z,PG,142.653284543,-15,Market,Filled,-2139.799268145,"Liquidated" 
2023-11-30T21:22:21.593168Z,GOOGL,130.9108819,16,Market On Open,Filled,2094.5741104,"" 
2023-12-01T15:15:00Z,UBER,56.38,-112,Market,Filled,-6314.56,"Liquidated" 
2023-12-01T15:15:00Z,ADBE,611.01,8,Market,Filled,4888.08,"" 
2023-12-01T15:15:00Z,AVGO,90.1103175102,-4,Market,Filled,-360.4412700408,"" 
2023-12-01T15:15:00Z,AMD,121.16,44,Market,Filled,5331.04,"" 
2023-12-01T15:15:00Z,NFLX,47.397,114,Market,Filled,5403.258,"" 
2023-12-01T15:15:00Z,META,324.88062588,16,Market,Filled,5198.09001408,"" 
2023-12-01T15:15:00Z,LLY,581.869178238,9,Market,Filled,5236.822604142,"" 
2023-12-01T15:15:00Z,COP,107.823423799,50,Market,Filled,5391.17118995,"" 
2023-12-04T20:50:00Z,AMZN,147.03,-14,Market,Filled,-2058.42,"Liquidated" 
2023-12-04T20:50:00Z,BLK,719.07313898,-3,Market,Filled,-2157.21941694,"Liquidated" 
2023-12-04T20:50:00Z,MS,75.505039454,-29,Market,Filled,-2189.646144166,"Liquidated" 
2023-12-04T20:50:00Z,GS,333.385454617,-6,Market,Filled,-2000.312727702,"Liquidated" 
2023-12-05T07:48:05.692773Z,GS,331.63447054,6,Market On Open,Filled,1989.80682324,"" 
2023-12-05T07:48:56.626121Z,MS,75.309019448,28,Market On Open,Filled,2108.652544544,"" 
2023-12-05T08:18:37.285465Z,XOM,94.763729718,22,Market On Open,Filled,2084.802053796,"" 
2023-12-05T15:30:00Z,NVDA,45.479062302,-45,Market,Filled,-2046.55780359,"Liquidated" 
2023-12-05T17:26:32.047513Z,NVDA,45.479062302,47,Market,Filled,2137.515928194,"" 
2023-12-05T17:26:32.047513Z,AMZN,144.84,14,Market,Filled,2027.76,"" 
2023-12-06T20:50:00Z,MSFT,366.211299296,-5,Market,Filled,-1831.05649648,"Liquidated" 
2023-12-07T07:48:17.578218Z,ISRG,310.97,6,Market On Open,Filled,1865.82,"" 
2023-12-07T15:30:00Z,XOM,91.854195042,-22,Market,Filled,-2020.792290924,"Liquidated" 
2023-12-07T16:19:12.374296Z,COST,586.608818175,3,Market,Filled,1759.826454525,"" 
2023-12-08T20:50:00Z,GS,329.739963178,-6,Market,Filled,-1978.439779068,"Liquidated" 
2023-12-08T20:50:00Z,MS,75.00098801,-28,Market,Filled,-2100.02766428,"Liquidated" 
2023-12-09T06:56:39.68768Z,MS,76.802505208,28,Market On Open,Filled,2150.470145824,"" 
2023-12-09T09:04:30.884842Z,BLK,713.77452762,3,Market On Open,Filled,2141.32358286,"" 
2023-12-11T20:50:00Z,ISRG,310.42,-6,Market,Filled,-1862.52,"Liquidated" 
2023-12-12T07:35:34.78872Z,ADBE,625.86,3,Market On Open,Filled,1877.58,"" 
2023-12-12T20:50:00Z,MS,77.306556652,-28,Market,Filled,-2164.583586256,"Liquidated" 
2023-12-12T20:50:00Z,BLK,720.100686949,-3,Market,Filled,-2160.302060847,"Liquidated" 
2023-12-13T07:01:44.423089Z,MS,77.885282384,28,Market On Open,Filled,2180.787906752,"" 
2023-12-13T07:32:10.613273Z,TMO,495.150427026,4,Market On Open,Filled,1980.601708104,"" 
2023-12-15T15:30:00Z,ADBE,584.64,-11,Market,Filled,-6431.04,"Liquidated" 
2023-12-15T20:50:00Z,INTU,592.59334606,-3,Market,Filled,-1777.78003818,"Liquidated" 
2023-12-15T20:50:00Z,CRM,254.122348276,-9,Market,Filled,-2287.101134484,"Liquidated" 
2023-12-15T20:50:00Z,JPM,156.140799039,-14,Market,Filled,-2185.971186546,"Liquidated" 
2023-12-16T07:00:42.726179Z,BLK,777.1318268,2,Market On Open,Filled,1554.2636536,"" 
2023-12-16T07:34:45.655998Z,JPM,158.359276152,14,Market On Open,Filled,2217.029866128,"" 
2023-12-16T09:10:28.164168Z,GS,364.797917594,6,Market On Open,Filled,2188.787505564,"" 
2023-12-16T09:42:09.20375Z,CMCSA,36.575308554519,60,Market On Open,Filled,2194.5185132711,"" 
2023-12-18T20:50:00Z,GOOGL,131.6056326,-16,Market,Filled,-2105.6901216,"Liquidated" 
2023-12-18T20:50:00Z,MS,85.483391188,-28,Market,Filled,-2393.534953264,"Liquidated" 
2023-12-18T20:50:00Z,TMO,514.803812766,-4,Market,Filled,-2059.215251064,"Liquidated" 
2023-12-19T06:55:43.710721Z,MS,84.862661169,26,Market On Open,Filled,2206.429190394,"" 
2023-12-19T11:48:30.947431Z,DIS,90.80355096,24,Market On Open,Filled,2179.28522304,"" 
2023-12-19T20:50:00Z,JPM,158.273583903,-14,Market,Filled,-2215.830174642,"Liquidated" 
2023-12-19T20:50:00Z,GS,360.14776316,-6,Market,Filled,-2160.88657896,"Liquidated" 
2023-12-19T20:50:00Z,CMCSA,36.608067451567,-60,Market,Filled,-2196.484047094,"Liquidated" 
2023-12-20T08:18:19.010093Z,JPM,159.930300717,13,Market On Open,Filled,2079.093909321,"" 
2023-12-20T08:18:19.010093Z,GS,363.726277066,6,Market On Open,Filled,2182.357662396,"" 
2023-12-20T08:18:26.445872Z,GE,98.822052976482,22,Market On Open,Filled,2174.0851654826,"" 
2023-12-20T20:50:00Z,NVDA,49.5746393924,-47,Market,Filled,-2330.0080514428,"Liquidated" 
2023-12-20T20:50:00Z,AMZN,153.79,-14,Market,Filled,-2153.06,"Liquidated" 
2023-12-21T07:42:59.968065Z,NKE,117.47775992,19,Market On Open,Filled,2232.07743848,"" 
2023-12-21T07:43:08.926637Z,UBER,61.32,36,Market On Open,Filled,2207.52,"" 
2023-12-21T18:55:23.131724Z,V,252.838760125,8,Market,Filled,2022.710081,"" 
2023-12-22T20:50:00Z,COST,642.3599781,-3,Market,Filled,-1927.0799343,"Liquidated" 
2023-12-22T20:50:00Z,MS,86.463491218,-26,Market,Filled,-2248.050771668,"Liquidated" 
2023-12-23T08:16:33.860961Z,MS,86.444822646,25,Market On Open,Filled,2161.12056615,"" 
2023-12-24T07:54:36.745132Z,COST,649.940899725,3,Market On Open,Filled,1949.822699175,"" 
2023-12-26T15:30:00Z,NKE,103.780026016,-19,Market,Filled,-1971.820494304,"Liquidated" 
2023-12-26T20:50:00Z,JPM,159.38758314,-13,Market,Filled,-2072.03858082,"Liquidated" 
2023-12-26T20:50:00Z,GS,364.214256235,-6,Market,Filled,-2185.28553741,"Liquidated" 
2023-12-26T20:50:00Z,GE,99.814764343382,-22,Market,Filled,-2195.9248155544,"Liquidated" 
2023-12-26T20:50:00Z,UBER,61.71,-36,Market,Filled,-2221.56,"Liquidated" 
2023-12-27T20:50:00Z,COST,651.49571295,-3,Market,Filled,-1954.48713885,"Liquidated" 
2023-12-28T10:45:26.288921Z,MS,87.098222666,25,Market On Open,Filled,2177.45556665,"" 
2023-12-29T08:08:44.499374Z,JPM,161.863137,13,Market On Open,Filled,2104.220781,"" 
2023-12-30T07:24:14.722236Z,GS,0,6,Market On Open,Submitted,0,"" 
2023-12-31T07:13:34.100441Z,MSFT,0,6,Market On Open,Submitted,0,"" 
2023-12-31T07:13:34.100441Z,NVDA,0,45,Market On Open,Submitted,0,"" 
