Entry Time,Symbols,Exit Time,Direction,Entry Price,Exit Price,Quantity,P&L,Fees,MAE,MFE,Drawdown,IsWin,Order Ids
2022-01-04T21:00:00Z,"AMD",2022-01-05T15:30:00Z,Buy,151,144.42,13,-85.54,2,-85.54,0,85.54,0,"	1,11" 
2022-01-04T21:00:00Z,"PYPL",2022-01-06T15:30:00Z,Buy,195.5479456,186.728334176,10,-88.2,2,-88.2,0,88.2,0,"	5,13" 
2022-01-04T21:00:00Z,"AVGO",2022-01-06T15:30:00Z,Buy,61.4447113056,59.56242744,32,-60.23,2,-60.23,22.53,82.76,0,"	6,14" 
2022-01-04T21:00:00Z,"BLK",2022-01-07T20:50:00Z,Buy,830.055990036,809.949481887,2,-40.21,2,-46.94,0,46.94,0,"	7,17" 
2022-01-04T21:00:00Z,"MS",2022-01-07T20:50:00Z,Buy,88.5428952,89.75818984,22,26.74,2,-5.73,43.16,48.89,1,"	8,18" 
2022-01-04T21:00:00Z,"GE",2022-01-07T20:50:00Z,Buy,60.532314950795,61.063836085304,34,18.07,2,0,18.07,0,1,"	9,19" 
2022-01-04T21:00:00Z,"KO",2022-01-07T20:50:00Z,Buy,53.07078972,53.665395558,38,22.6,2,0,33.39,10.79,1,"	10,20" 
2022-01-04T21:00:00Z,"QCOM",2022-01-10T15:30:00Z,Buy,171.0014207,164.975220901,11,-66.29,2,-66.29,2.31,68.6,0,"	2,25" 
2022-01-04T21:00:00Z,"GS",2022-01-18T15:30:00Z,Buy,363.450523024,344.213117472,5,-96.19,2,-96.19,23.72,119.91,0,"	4,45" 
2022-01-04T21:00:00Z,"JPM",2022-01-19T15:30:00Z,Buy,147.457038528,136.393941803,13,-143.82,2,-143.82,57.44,201.26,0,"	3,52" 
2022-01-06T15:42:39Z,"META",2022-01-10T20:50:00Z,Buy,321.921297544,329.488439128,6,45.4,2,0,49.39,3.99,1,"	15,28" 
2022-01-06T21:00:00Z,"LLY",2022-01-10T20:50:00Z,Buy,250.15281363,249.57575985,7,-4.04,2,-4.38,0,4.38,0,"	12,27" 
2022-01-07T21:00:00Z,"HON",2022-01-10T20:50:00Z,Buy,183.65142269055,186.75917007428,10,31.08,2,0,31.08,0,1,"	16,29" 
2022-01-10T16:38:47Z,"LMT",2022-01-13T20:50:00Z,Buy,323.447510934,324.435328864,6,5.93,2,0,21.39,15.46,1,"	26,36" 
2022-01-10T21:00:00Z,"HD",2022-01-12T20:50:00Z,Buy,350.14230862,349.482515421,5,-3.3,2,-3.3,0.27,3.57,0,"	23,33" 
2022-01-10T21:00:00Z,"ISRG",2022-01-13T20:50:00Z,Buy,321.18,323.16,6,11.88,2,0,41.04,29.16,1,"	24,35" 
2022-01-10T21:00:00Z,"BLK",2022-01-18T15:30:00Z,Buy,803.80808781,767.53858818,2,-72.54,2,-72.54,0,72.54,0,"	21,46" 
2022-01-10T21:00:00Z,"MS",2022-01-18T15:30:00Z,Buy,90.904039072,85.825843612,22,-111.72,2,-111.72,22.92,134.64,0,"	22,47" 
2022-01-11T21:00:00Z,"UNH",2022-01-14T20:50:00Z,Buy,436.69076544,436.905745911,4,0.86,2,0,24.38,23.52,1,"	30,39" 
2022-01-11T21:00:00Z,"MA",2022-01-14T20:50:00Z,Buy,355.591268213,361.450459192,5,29.3,2,0,29.3,0,1,"	31,40" 
2022-01-11T21:00:00Z,"AMZN",2022-01-14T20:50:00Z,Buy,161.121121,160.835791956,12,-3.42,2,-3.42,46.24,49.66,0,"	32,41" 
2022-01-13T21:00:00Z,"PG",2022-01-28T20:50:00Z,Buy,143.31444728,143.708791265,13,5.13,2,-32.46,45.98,52.83,1,"	34,81" 
2022-01-14T21:00:00Z,"ISRG",2022-01-19T15:30:00Z,Buy,310.39,295.49,6,-89.4,2,-89.4,0,89.4,0,"	38,53" 
2022-01-14T21:00:00Z,"NFLX",2022-01-24T15:30:00Z,Buy,51.76,39.75,38,-456.38,2,-456.38,30.74,487.12,0,"	37,59" 
2022-01-18T21:00:00Z,"CAT",2022-01-20T20:50:00Z,Buy,211.52902844,206.28300248,9,-47.21,2,-47.21,12.25,59.47,0,"	44,57" 
2022-01-18T21:00:00Z,"QCOM",2022-01-28T15:30:00Z,Buy,169.968096607,147.40871132,11,-248.15,2,-248.15,0,248.15,0,"	42,77" 
2022-01-18T21:00:00Z,"CVX",2022-03-17T19:50:00Z,Buy,109.035762612,134.321635668,18,455.15,2,-37.77,655.79,200.64,1,"	43,187" 
2022-01-19T14:55:19Z,"GOOGL",2022-01-24T15:30:00Z,Buy,134.978150998,129.3739941015,14,-78.46,2,-78.46,0,78.46,0,"	51,60" 
2022-01-19T15:44:30Z,"BLK",2022-01-24T15:30:00Z,Buy,752.5242816,724.413158196,2,-56.22,2,-56.22,0,56.22,0,"	54,61" 
2022-01-19T15:45:54Z,"JPM",2022-01-24T15:30:00Z,Buy,136.393941803,130.812673212,14,-78.14,2,-78.14,0,78.14,0,"	55,62" 
2022-01-19T21:00:00Z,"GS",2022-01-24T20:50:00Z,Buy,323.792010592,310.753224208,6,-78.23,2,-78.23,0,78.23,0,"	49,64" 
2022-01-19T21:00:00Z,"MS",2022-02-03T20:50:00Z,Buy,85.079305476,90.803263572,24,137.37,2,-47.29,137.79,47.29,1,"	48,96" 
2022-01-19T21:00:00Z,"UNH",2022-02-03T20:50:00Z,Buy,437.980648266,448.449262506,4,41.87,2,-43.89,41.87,43.89,1,"	50,97" 
2022-01-20T21:00:00Z,"ABT",2022-01-27T15:30:00Z,Buy,116.941502448,111.225967989,16,-91.45,2,-91.45,0,91.45,0,"	56,71" 
2022-01-21T21:00:00Z,"AAPL",2022-01-28T15:30:00Z,Buy,160.776313942,155.606374724,12,-62.04,2,-62.04,0,62.04,0,"	58,75" 
2022-01-24T18:10:17Z,"JPM",2022-01-27T20:50:00Z,Buy,130.812673212,133.373384488,15,38.41,2,-1.76,38.41,1.76,1,"	63,73" 
2022-01-25T21:00:00Z,"GE",2022-01-26T15:30:00Z,Buy,55.656983165295,55.663092603623,33,0.2,2,0,0.2,0,1,"	65,69" 
2022-01-25T21:00:00Z,"GS",2022-01-28T20:50:00Z,Buy,305.286511968,308.150888464,6,17.19,2,0,26.13,8.95,1,"	66,82" 
2022-01-25T21:00:00Z,"BLK",2022-01-28T20:50:00Z,Buy,700.073700963,712.691145348,2,25.23,2,0,44.39,19.16,1,"	67,83" 
2022-01-25T21:00:00Z,"COP",2022-01-28T20:50:00Z,Buy,70.251453032,75.778937426,27,149.24,2,0,149.24,1.14,1,"	68,84" 
2022-01-26T15:57:58Z,"AMD",2022-01-28T15:30:00Z,Buy,111.13,102.6,17,-145.01,2,-145.01,0,145.01,0,"	70,76" 
2022-01-27T15:45:49Z,"QCOM",2022-01-28T15:30:00Z,Buy,152.7124987,147.40871132,12,-63.65,1,-63.65,207.07,63.65,0,"	72,77" 
2022-01-28T15:31:07Z,"AMD",2022-02-14T20:50:00Z,Buy,102.6,113.18,19,201.02,2,0,574.75,373.73,1,"	78,103" 
2022-01-28T15:44:02Z,"AAPL",2022-02-14T20:50:00Z,Buy,155.606374724,165.022553952,12,112.99,2,0,202.71,89.71,1,"	79,104" 
2022-01-28T15:47:37Z,"LMT",2022-02-14T20:50:00Z,Buy,349.454062982,355.722216756,5,31.34,2,-17.02,31.34,48,1,"	80,105" 
2022-01-28T21:00:00Z,"MA",2022-02-14T20:50:00Z,Buy,352.138356,361.694999717,5,47.78,2,0,179.74,131.95,1,"	74,102" 
2022-01-31T21:00:00Z,"MSFT",2022-02-14T15:30:00Z,Buy,298.15730415,284.82542016,6,-79.99,2,-79.99,26.7,106.69,0,"	87,100" 
2022-01-31T21:00:00Z,"V",2022-02-14T20:50:00Z,Buy,217.77406599,217.924696445,8,1.21,2,0,81.49,80.29,1,"	85,106" 
2022-01-31T21:00:00Z,"CAT",2022-02-14T20:50:00Z,Buy,185.6137546,187.27957872,10,16.66,2,-9.68,54.91,64.59,1,"	86,107" 
2022-01-31T21:00:00Z,"GS",2022-02-14T20:50:00Z,Buy,311.37670048,328.056949728,6,100.08,2,0,162.27,62.18,1,"	88,108" 
2022-02-01T15:15:00Z,"TMO",2022-03-01T15:15:00Z,Buy,574.86762485,537.980368,8,-295.1,2,-417.09,180.62,597.71,0,"	92,140" 
2022-02-01T15:15:00Z,"INTU",2022-03-01T15:15:00Z,Buy,540.670425802,461.930785238,9,-708.66,2,-773.25,211.83,985.07,0,"	94,141" 
2022-02-01T15:15:00Z,"HD",2022-03-01T15:15:00Z,Buy,331.686175574,285.455460329,14,-647.23,2,-740.61,85.41,826.02,0,"	93,142" 
2022-02-01T15:15:00Z,"NVDA",2022-03-01T15:15:00Z,Buy,24.437799309,24.3369981275,2,-0.2,2.01,-4.19,4.43,8.62,0,"	90,146" 
2022-02-01T15:15:00Z,"AVGO",2022-03-01T15:15:00Z,Buy,54.2712830304,54.4157890752,2,0.29,2,-3.83,4.72,8.55,1,"	89,148" 
2022-02-01T15:15:00Z,"COST",2022-03-02T20:50:00Z,Buy,480.931444272,498.633312582,10,177.02,2,-86.83,233.28,320.1,1,"	91,159" 
2022-02-01T15:15:00Z,"QCOM",2022-03-08T15:30:00Z,Buy,160.723046536,137.83093107,30,-686.76,2,-686.76,341.27,1028.03,0,"	95,166" 
2022-02-01T15:15:00Z,"NVDA",2022-04-01T14:15:00Z,Buy,24.437799309,27.2369288576,200,559.83,1,-629.23,833.33,1072.16,1,"	90,209" 
2022-02-01T15:15:00Z,"AVGO",2022-04-01T14:15:00Z,Buy,54.2712830304,58.7229996864,5,22.26,1,-9.58,27.76,21.37,1,"	89,216" 
2022-02-01T15:15:00Z,"AVGO",2022-07-01T14:15:00Z,Buy,54.2712830304,45.6815061703,84,-721.54,1,-721.54,466.3,1187.84,0,"	89,308" 
2022-02-03T20:56:02Z,"MS",2022-02-18T15:30:00Z,Buy,90.803263572,84.028857597,22,-149.04,2,-149.04,93.27,242.31,0,"	98,116" 
2022-02-03T20:56:35Z,"JPM",2022-02-22T20:50:00Z,Buy,135.194735466,137.178385046,14,27.77,2,-15.65,84.07,65.26,1,"	99,120" 
2022-02-14T16:20:08Z,"GOOGL",2022-02-23T15:30:00Z,Buy,133.2755155325,128.8400285635,14,-62.1,2,-62.1,48.01,110.11,0,"	101,126" 
2022-02-15T21:00:00Z,"GS",2022-02-18T15:30:00Z,Buy,328.987646192,315.406706528,6,-81.49,2,-81.49,0,81.49,0,"	110,117" 
2022-02-15T21:00:00Z,"MSFT",2022-02-24T15:30:00Z,Buy,289.6137,271.126219277,6,-110.92,2,-110.92,2.72,113.65,0,"	109,128" 
2022-02-15T21:00:00Z,"AAPL",2022-02-24T15:30:00Z,Buy,167.322144807,156.636386451,11,-117.54,2,-117.54,19.38,136.92,0,"	111,129" 
2022-02-15T21:00:00Z,"NKE",2022-02-24T15:30:00Z,Buy,135.311862306,128.378325609,14,-97.07,2,-97.07,29.82,126.89,0,"	115,130" 
2022-02-15T21:00:00Z,"MCD",2022-02-25T15:30:00Z,Buy,232.530028212,223.596392798,8,-71.47,2,-71.47,0,71.47,0,"	114,136" 
2022-02-15T21:00:00Z,"AXP",2022-03-02T15:30:00Z,Buy,185.868657225,169.95069927,10,-159.18,2,-159.18,35.71,194.89,0,"	112,153" 
2022-02-15T21:00:00Z,"COST",2022-03-02T20:50:00Z,Buy,489.488888916,498.633312582,4,36.58,1,-68.96,59.08,75.33,1,"	113,159" 
2022-02-18T15:37:08Z,"MS",2022-02-22T20:50:00Z,Buy,84.028857597,83.408234598,23,-14.27,2,-14.27,0,14.27,0,"	118,121" 
2022-02-18T15:37:08Z,"BLK",2022-02-22T20:50:00Z,Buy,689.66317875,683.802172326,2,-11.72,2,-11.72,0,11.72,0,"	119,122" 
2022-02-23T15:30:25Z,"MS",2022-02-25T15:30:00Z,Buy,82.822576275,80.24393142,23,-59.31,2,-59.31,0,59.31,0,"	127,137" 
2022-02-23T21:00:00Z,"AMZN",2022-02-24T15:30:00Z,Buy,151.294727927,144.487235858,12,-81.69,2,-81.69,0,81.69,0,"	123,131" 
2022-02-23T21:00:00Z,"UPS",2022-03-08T15:30:00Z,Buy,172.921213566,166.085926182,11,-75.19,2,-75.19,26.88,102.07,0,"	124,165" 
2022-02-23T21:00:00Z,"XOM",2022-03-10T20:50:00Z,Buy,66.625493066,72.141310109,28,154.44,2,-16.1,275.95,121.5,1,"	125,171" 
2022-02-24T15:46:35Z,"BLK",2022-03-07T15:30:00Z,Buy,662.519844987,634.244707387,2,-56.55,2,-56.55,33.25,89.8,0,"	132,161" 
2022-02-24T15:48:14Z,"JPM",2022-03-01T15:30:00Z,Buy,134.067661841,127.85523202,14,-86.97,2,-86.97,0,86.97,0,"	133,151" 
2022-02-24T15:50:14Z,"QCOM",2022-03-08T15:30:00Z,Buy,147.792778682,137.83093107,12,-119.54,1,-119.54,291.67,233.34,0,"	134,166" 
2022-02-24T16:22:34Z,"CRM",2022-03-11T20:50:00Z,Buy,188.252681624,197.74731934,10,94.95,2,0,197.5,182.29,1,"	135,175" 
2022-02-25T15:54:36Z,"MS",2022-03-02T15:30:00Z,Buy,80.24393142,76.598863947,23,-83.84,2,-83.84,55.29,139.12,0,"	138,154" 
2022-02-25T16:01:55Z,"SQ",2022-03-14T19:50:00Z,Buy,95.04,101.93,20,137.8,2,0,649.4,600,1,"	139,181" 
2022-03-01T15:15:00Z,"ABBV",2022-03-07T20:50:00Z,Buy,127.71532168,130.13548208,38,91.97,2,-2.63,91.97,19.71,1,"	145,163" 
2022-03-01T15:15:00Z,"CVX",2022-03-17T19:50:00Z,Buy,122.6215008,134.321635668,21,245.7,1,-329.36,479.78,234.08,1,"	144,187" 
2022-03-01T15:15:00Z,"COP",2022-03-17T19:50:00Z,Buy,80.577157464,80.543180168,60,-2.04,2,-2.04,326.69,328.73,0,"	143,188" 
2022-03-01T15:15:00Z,"AAPL",2022-03-30T19:50:00Z,Buy,161.578060416,175.121182728,30,406.29,2,-425.67,406.29,467.94,1,"	147,203" 
2022-03-01T15:15:00Z,"PG",2022-04-01T14:15:00Z,Buy,140.764716235,137.9922284,34,-94.26,2,-388.42,0,388.42,0,"	149,210" 
2022-03-01T15:15:00Z,"UNH",2022-04-22T19:50:00Z,Buy,444.794594499,503.830490928,10,590.36,2,-22.53,670.7,235.45,1,"	150,288" 
2022-03-01T15:38:11Z,"JPM",2022-03-02T15:30:00Z,Buy,127.85523202,123.031356905,15,-72.36,2,-72.36,0,72.36,0,"	152,155" 
2022-03-02T15:31:22Z,"MS",2022-03-08T15:30:00Z,Buy,76.598863947,72.945055305,25,-91.35,2,-91.35,17.05,108.39,0,"	156,167" 
2022-03-02T16:23:32Z,"CVX",2022-03-17T19:50:00Z,Buy,127.449722394,134.321635668,15,103.08,1,-307.68,270.28,167.2,1,"	157,187" 
2022-03-02T16:23:32Z,"COP",2022-03-17T19:50:00Z,Buy,82.360965504,80.543180168,23,-41.81,1,-41.81,84.2,126.01,0,"	158,188" 
2022-03-03T21:00:00Z,"ABBV",2022-03-07T20:50:00Z,Buy,129.48722483,130.13548208,15,9.72,1,-27.62,9.72,0,1,"	160,163" 
2022-03-07T15:44:38Z,"LMT",2022-03-10T20:50:00Z,Buy,414.28589782,405.8949311,4,-33.56,2,-33.56,27.96,61.52,0,"	162,172" 
2022-03-08T17:25:42Z,"GOOGL",2022-03-23T19:50:00Z,Buy,125.4307876285,138.819129868,15,200.83,2,-6.36,200.83,111.19,1,"	168,189" 
2022-03-08T18:31:12Z,"CAT",2022-03-11T20:50:00Z,Buy,183.0545276,197.09770412,10,140.43,2,0,140.43,2.05,1,"	169,177" 
2022-03-08T19:16:45Z,"MS",2022-03-23T19:50:00Z,Buy,72.945055305,82.359294318,26,244.77,2,-3.18,259.09,61.36,1,"	170,190" 
2022-03-08T21:00:00Z,"JPM",2022-03-11T20:50:00Z,Buy,116.891059796,118.892742554,16,32.03,2,-19.33,54.82,22.79,1,"	164,176" 
2022-03-11T21:00:00Z,"MSFT",2022-03-15T14:30:00Z,Buy,279.039347595,267.421172644,7,-81.33,2,-81.33,0,81.33,0,"	173,182" 
2022-03-11T21:00:00Z,"AMZN",2022-03-15T14:30:00Z,Buy,149.205141624,141.520212862,13,-99.9,2,-99.9,0,99.9,0,"	174,183" 
2022-03-14T20:00:00Z,"JPM",2022-03-15T19:50:00Z,Buy,116.728761194,117.368939013,16,10.24,2,0,10.24,0,1,"	180,186" 
2022-03-14T20:00:00Z,"GS",2022-03-28T19:50:00Z,Buy,299.223972992,306.749790848,6,45.15,2,-23.07,88.18,53.28,1,"	178,195" 
2022-03-14T20:00:00Z,"BLK",2022-03-28T19:50:00Z,Buy,635.118786715,674.716401272,3,118.79,2,-0.05,134.72,28.43,1,"	179,196" 
2022-03-15T14:32:55Z,"AAPL",2022-03-30T19:50:00Z,Buy,147.389095566,175.121182728,12,332.79,1,0,332.79,0,1,"	184,203" 
2022-03-15T14:55:51Z,"AMD",2022-03-30T19:50:00Z,Buy,102.25,123.23,18,377.64,2,0,377.64,66.24,1,"	185,204" 
2022-03-28T20:00:00Z,"MS",2022-03-29T19:50:00Z,Buy,80.663507532,79.780649463,24,-21.19,2,-21.19,0,21.19,0,"	192,201" 
2022-03-28T20:00:00Z,"AXP",2022-03-31T19:50:00Z,Buy,181.380690675,181.19926224,10,-1.81,2,-2.39,10.03,11.84,0,"	194,207" 
2022-03-28T20:00:00Z,"JPM",2022-04-01T14:30:00Z,Buy,126.232246,122.914141248,15,-49.77,2,-49.77,15.96,65.73,0,"	191,219" 
2022-03-28T20:00:00Z,"HD",2022-04-01T14:30:00Z,Buy,282.7863288,272.175021864,7,-74.28,2,-74.28,42.71,116.99,0,"	193,220" 
2022-03-29T20:00:00Z,"GS",2022-04-01T19:50:00Z,Buy,310.858087552,300.03290752,6,-64.95,2,-64.95,0,64.95,0,"	198,225" 
2022-03-29T20:00:00Z,"BLK",2022-04-01T19:50:00Z,Buy,697.242153954,695.776250081,2,-2.93,2,-2.93,21.09,24.02,0,"	199,226" 
2022-03-29T20:00:00Z,"CAT",2022-04-01T19:50:00Z,Buy,205.4826624,207.36253096,9,16.92,2,0,19.1,2.18,1,"	200,227" 
2022-03-29T20:00:00Z,"MSFT",2022-04-07T14:30:00Z,Buy,303.726760147,289.72884245,6,-83.99,2,-83.99,8.36,92.35,0,"	197,237" 
2022-03-30T20:00:00Z,"GOOGL",2022-04-07T14:30:00Z,Buy,141.39169246,135.524026548,14,-82.15,2,-82.15,7.11,89.25,0,"	202,238" 
2022-03-31T20:00:00Z,"MS",2022-04-01T14:30:00Z,Buy,78.504438789,76.432781736,25,-51.79,2,-51.79,0,51.79,0,"	205,221" 
2022-03-31T20:00:00Z,"COP",2022-04-04T19:50:00Z,Buy,85.19708,85.691223064,23,11.37,2,0,11.37,0,1,"	206,231" 
2022-04-01T14:15:00Z,"ABBV",2022-04-14T14:30:00Z,Buy,140.11864373,138.485263204,35,-57.17,2,-57.17,389.65,446.81,0,"	213,264" 
2022-04-01T14:15:00Z,"XOM",2022-04-20T19:50:00Z,Buy,71.993176002,76.50690938,68,306.93,2,0,351.97,179.24,1,"	212,275" 
2022-04-01T14:15:00Z,"LMT",2022-04-22T14:30:00Z,Buy,399.0230187,397.42258647,12,-19.21,2,-19.21,303.38,322.58,0,"	214,280" 
2022-04-01T14:15:00Z,"QCOM",2022-04-22T14:30:00Z,Buy,140.328600174,124.984463877,35,-537.04,2,-561.15,31.82,592.97,0,"	218,282" 
2022-04-01T14:15:00Z,"COST",2022-04-22T19:50:00Z,Buy,549.09451179,564.246221076,8,121.21,2,-5.49,245.63,203.6,1,"	217,286" 
2022-04-01T14:15:00Z,"RTX",2022-05-02T14:15:00Z,Buy,90.978428029,87.158197277,54,-206.29,2,-206.29,292.58,498.87,0,"	215,303" 
2022-04-01T14:15:00Z,"CVX",2022-05-09T19:50:00Z,Buy,138.638934342,145.425693796,35,237.54,2,-220.55,330.23,550.77,1,"	211,307" 
2022-04-01T14:41:53Z,"MS",2022-04-07T14:30:00Z,Buy,76.432781736,72.665337897,25,-94.19,2,-94.19,0,94.19,0,"	223,239" 
2022-04-01T14:41:53Z,"JPM",2022-04-08T14:30:00Z,Buy,122.914141248,119.074592107,16,-61.43,2,-61.43,0,61.43,0,"	222,248" 
2022-04-01T15:13:31Z,"CRM",2022-04-07T14:30:00Z,Buy,209.771225792,198.409276392,9,-102.26,2,-102.26,58.06,160.32,0,"	224,240" 
2022-04-01T20:00:00Z,"KO",2022-04-04T19:50:00Z,Buy,55.659041152,56.222427976,35,19.72,2,0,19.72,0,1,"	208,232" 
2022-04-04T20:00:00Z,"GS",2022-04-07T14:30:00Z,Buy,299.942016,287.453521152,6,-74.93,2,-74.93,0,74.93,0,"	229,241" 
2022-04-04T20:00:00Z,"BLK",2022-04-07T14:30:00Z,Buy,702.45020995,678.531393339,2,-47.84,2,-47.84,19.54,67.38,0,"	230,242" 
2022-04-04T20:00:00Z,"AMZN",2022-04-08T14:30:00Z,Buy,163.683096472,157.414337563,12,-75.23,2,-75.23,51.22,126.45,0,"	228,249" 
2022-04-05T20:00:00Z,"NVDA",2022-04-06T14:30:00Z,Buy,27.2019918016,25.8843656896,72,-94.87,2,-94.87,0,94.87,0,"	234,235" 
2022-04-05T20:00:00Z,"XOM",2022-04-20T19:50:00Z,Buy,72.751274079,76.50690938,27,101.4,1,-20.47,119.28,71.17,1,"	233,275" 
2022-04-06T14:36:44Z,"LLY",2022-04-11T19:50:00Z,Buy,282.517019883,301.021194159,6,111.03,2,0,111.03,0,1,"	236,251" 
2022-04-07T15:04:29Z,"BLK",2022-04-13T14:30:00Z,Buy,678.531393339,652.673213219,2,-51.72,2,-51.72,6.66,58.38,0,"	243,261" 
2022-04-07T15:49:08Z,"COST",2022-04-22T19:50:00Z,Buy,557.619136146,564.246221076,3,19.88,1,-27.63,66.54,76.35,1,"	244,286" 
2022-04-07T16:03:14Z,"MS",2022-04-22T19:50:00Z,Buy,72.665337897,77.717733579,27,136.41,2,0,176.3,39.89,1,"	245,287" 
2022-04-07T16:05:13Z,"GS",2022-04-11T19:50:00Z,Buy,287.453521152,292.116256128,6,27.98,2,-11.51,27.98,11.51,1,"	246,252" 
2022-04-07T18:25:49Z,"AXP",2022-04-11T19:50:00Z,Buy,175.422198915,175.9105689,11,5.37,2,-8.43,5.37,8.43,1,"	247,253" 
2022-04-08T18:49:50Z,"JPM",2022-04-11T19:50:00Z,Buy,119.074592107,121.254613627,16,34.88,2,0,34.88,0,1,"	250,254" 
2022-04-12T20:00:00Z,"JPM",2022-04-14T14:30:00Z,Buy,120.019268099,115.63197479,16,-70.2,2,-70.2,0,70.2,0,"	256,263" 
2022-04-12T20:00:00Z,"GS",2022-04-18T19:50:00Z,Buy,292.379841536,292.343484928,6,-0.22,2,-10.36,1.58,10.36,0,"	258,269" 
2022-04-12T20:00:00Z,"PEP",2022-04-18T19:50:00Z,Buy,154.307238502,152.63790021,12,-20.03,2,-20.03,0,20.03,0,"	259,270" 
2022-04-12T20:00:00Z,"MRK",2022-04-18T19:50:00Z,Buy,76.7177792,77.52063968,25,20.07,2,-8.25,20.07,8.25,1,"	260,271" 
2022-04-12T20:00:00Z,"META",2022-04-21T14:30:00Z,Buy,218.513626528,199.029726544,9,-175.36,2,-175.36,0,175.36,0,"	255,277" 
2022-04-12T20:00:00Z,"AAPL",2022-04-27T14:30:00Z,Buy,164.376711414,153.43653024,12,-131.28,2,-131.28,28.42,159.7,0,"	257,298" 
2022-04-13T14:46:30Z,"ABBV",2022-04-14T14:30:00Z,Buy,144.68237477,138.485263204,13,-80.56,1,-80.56,85.4,80.56,0,"	262,264" 
2022-04-14T14:33:14Z,"BLK",2022-04-18T14:30:00Z,Buy,651.680768982,626.578303281,3,-75.31,2,-75.31,0,75.31,0,"	265,267" 
2022-04-14T15:00:14Z,"GOOGL",2022-04-22T14:30:00Z,Buy,128.919924894,123.8785160645,15,-75.62,2,-75.62,1.71,77.33,0,"	266,279" 
2022-04-18T15:05:28Z,"JPM",2022-04-28T14:30:00Z,Buy,114.560130876,110.290922066,17,-72.58,2,-72.58,84.31,156.89,0,"	268,302" 
2022-04-19T14:34:23Z,"LLY",2022-04-22T14:30:00Z,Buy,288.591720102,279.696968271,6,-53.37,2,-53.37,0,53.37,0,"	274,281" 
2022-04-19T20:00:00Z,"LMT",2022-04-22T14:30:00Z,Buy,418.644137,397.42258647,4,-84.89,1,-84.89,22.64,84.89,0,"	272,280" 
2022-04-19T20:00:00Z,"UNH",2022-04-22T19:50:00Z,Buy,502.377422193,503.830490928,3,4.36,1,-179.51,28.46,24.1,1,"	273,288" 
2022-04-21T14:30:51Z,"GS",2022-04-25T14:30:00Z,Buy,309.994618112,290.643813504,6,-116.1,2,-116.1,0,116.1,0,"	278,293" 
2022-04-21T20:00:00Z,"QCOM",2022-04-22T14:30:00Z,Buy,130.705228038,124.984463877,15,-85.81,1,-96.14,157.99,85.81,0,"	276,282" 
2022-04-22T14:51:44Z,"BLK",2022-04-27T14:30:00Z,Buy,620.468852978,589.138572065,3,-93.99,2,-93.99,0,93.99,0,"	283,299" 
2022-04-22T15:38:06Z,"ISRG",2022-04-25T14:30:00Z,Buy,294.57,252.34,6,-253.38,2,-253.38,0,253.38,0,"	284,294" 
2022-04-22T16:26:46Z,"ABT",2022-04-27T14:30:00Z,Buy,114.738405613,108.786182253,17,-101.19,2,-101.19,0,101.19,0,"	285,300" 
2022-04-25T15:49:19Z,"V",2022-04-27T14:30:00Z,Buy,201.902105385,195.04497955,9,-61.71,2,-61.71,15.54,77.25,0,"	295,301" 
2022-04-25T16:42:17Z,"KO",2022-05-04T14:30:00Z,Buy,58.3507782,56.410223584,33,-64.04,2,-64.04,27.74,91.78,0,"	296,305" 
2022-04-25T20:00:00Z,"XOM",2022-04-26T14:30:00Z,Buy,71.4529222,71.679480246,26,5.89,2,0,5.89,0,1,"	289,297" 
2022-04-25T20:00:00Z,"ABBV",2022-05-02T14:30:00Z,Buy,134.972355728,127.981408344,14,-97.87,2,-97.87,33.8,131.68,0,"	292,304" 
2022-04-25T20:00:00Z,"HON",2022-05-09T19:50:00Z,Buy,165.55661072026,170.08286926782,11,49.79,2,-36.77,149.85,100.06,1,"	290,306" 
2022-04-25T20:00:00Z,"CVX",2022-05-09T19:50:00Z,Buy,132.337551662,145.425693796,14,183.23,1,0,220.31,60.44,1,"	291,307" 
2022-07-28T20:00:00Z,"GS",2022-08-01T19:50:00Z,Buy,297.48079942,304.878953946,6,44.39,2,0,44.39,0,1,"	312,327" 
2022-07-28T20:00:00Z,"MS",2022-08-01T19:50:00Z,Buy,72.765018256,75.034475161,26,59.01,2,0,59.01,0,1,"	313,328" 
2022-07-28T20:00:00Z,"GE",2022-08-01T19:50:00Z,Buy,45.69018470855,45.249384320098,43,-18.95,2,-39.23,0,39.23,0,"	314,329" 
2022-07-28T20:00:00Z,"BLK",2022-08-01T19:50:00Z,Buy,593.888432103,613.650172158,3,59.29,2,0,59.29,0,1,"	318,330" 
2022-07-28T20:00:00Z,"MSFT",2022-08-12T19:50:00Z,Buy,261.65416977,278.302685964,7,116.54,2,0,131.06,40.18,1,"	309,341" 
2022-07-28T20:00:00Z,"KO",2022-08-12T19:50:00Z,Buy,56.673673628,56.943891398,33,8.92,2,0,47.56,46.07,1,"	310,342" 
2022-07-28T20:00:00Z,"UNH",2022-08-12T19:50:00Z,Buy,505.674246932,501.318311448,3,-13.07,2,-13.07,13.69,26.76,0,"	311,343" 
2022-07-28T20:00:00Z,"COST",2022-08-12T19:50:00Z,Buy,497.771282444,509.17559106,3,34.21,2,0,76.72,42.51,1,"	315,344" 
2022-07-28T20:00:00Z,"UPS",2022-08-12T19:50:00Z,Buy,152.540975778,170.22543801,12,212.21,2,0,212.21,19.08,1,"	316,345" 
2022-07-28T20:00:00Z,"PYPL",2022-08-12T19:50:00Z,Buy,85.3028028,98.881412696,22,298.73,2,0,298.73,75.51,1,"	317,346" 
2022-08-01T14:15:00Z,"XOM",2022-08-04T14:30:00Z,Buy,85.362972213,80.142776016,56,-292.33,2,-292.33,0,292.33,0,"	319,335" 
2022-08-01T14:15:00Z,"MRK",2022-08-19T19:50:00Z,Buy,80.385502902,82.211219739,59,107.72,2,-134.78,107.72,134.78,1,"	323,361" 
2022-08-01T14:15:00Z,"LLY",2022-09-01T19:50:00Z,Buy,319.361766992,292.94971137,15,-396.18,2,-411.79,0,411.79,0,"	324,405" 
2022-08-01T14:15:00Z,"COP",2022-09-16T19:50:00Z,Buy,84.027227167,100.111396068,57,916.8,2,-371.15,1022.96,371.15,1,"	320,427" 
2022-08-01T14:15:00Z,"RTX",2022-10-03T14:15:00Z,Buy,86.108432631,76.063591632,55,-552.47,2,-596.42,176.81,773.23,0,"	326,431" 
2022-08-01T14:15:00Z,"ABBV",2022-10-03T14:15:00Z,Buy,126.310232368,118.198081752,38,-308.26,2,-308.26,33.77,342.03,0,"	325,432" 
2022-08-01T14:15:00Z,"LMT",2022-10-03T14:15:00Z,Buy,376.688364733,354.21883315,12,-269.63,2,-269.63,301.02,570.65,0,"	322,434" 
2022-08-01T14:15:00Z,"CVX",2022-11-25T17:50:00Z,Buy,140.586498125,160.84126458,34,688.66,2,-624.33,760.68,695.15,1,"	321,476" 
2022-08-02T20:00:00Z,"XOM",2022-08-04T14:30:00Z,Buy,83.479124007,80.142776016,23,-76.74,1,-76.74,43.33,76.74,0,"	331,335" 
2022-08-02T20:00:00Z,"MS",2022-08-05T19:50:00Z,Buy,74.162291723,75.960057585,25,44.94,2,0,44.94,0,1,"	332,337" 
2022-08-02T20:00:00Z,"GS",2022-08-17T19:50:00Z,Buy,301.3216213,324.613462558,6,139.75,2,-8.89,144.58,8.89,1,"	333,357" 
2022-08-02T20:00:00Z,"BLK",2022-08-17T19:50:00Z,Buy,608.698274418,694.246892967,3,256.65,2,0,256.65,0.22,1,"	334,358" 
2022-08-04T14:33:57Z,"MRK",2022-08-19T19:50:00Z,Buy,78.802615398,82.211219739,24,81.81,1,-16.84,81.81,16.84,1,"	336,361" 
2022-08-05T19:50:09Z,"MS",2022-08-09T19:50:00Z,Buy,75.960057585,76.565246093,25,15.13,2,0,16.91,1.78,1,"	338,339" 
2022-08-10T20:00:00Z,"GOOGL",2022-08-25T19:50:00Z,Buy,117.79001868,112.83743869,16,-79.24,2,-79.24,53.99,133.23,0,"	340,375" 
2022-08-15T20:00:00Z,"MS",2022-08-16T19:50:00Z,Buy,80.676968015,81.905144693,23,28.25,2,0,28.25,0,1,"	347,353" 
2022-08-15T20:00:00Z,"AMZN",2022-08-16T19:50:00Z,Buy,142.28541348,142.84409972,13,7.26,2,0,7.26,0,1,"	349,354" 
2022-08-15T20:00:00Z,"JPM",2022-08-23T14:30:00Z,Buy,110.936623832,106.913727924,17,-68.39,2,-68.39,40.04,108.43,0,"	348,367" 
2022-08-15T20:00:00Z,"DIS",2022-08-23T14:30:00Z,Buy,118.352859336,113.301808628,16,-80.82,2,-80.82,59.87,140.69,0,"	350,368" 
2022-08-15T20:00:00Z,"MSFT",2022-08-23T14:30:00Z,Buy,282.1618062,269.885869825,6,-73.66,2,-73.66,14.37,88.03,0,"	352,369" 
2022-08-15T20:00:00Z,"AAPL",2022-08-29T14:30:00Z,Buy,168.30123345,160.568208846,11,-85.06,2,-85.06,32.92,117.99,0,"	351,383" 
2022-08-16T19:58:26Z,"HD",2022-08-29T14:30:00Z,Buy,287.875480413,272.76844573,6,-90.64,2,-90.64,70.11,160.75,0,"	355,384" 
2022-08-17T20:00:00Z,"LLY",2022-09-01T19:50:00Z,Buy,301.38831189,292.94971137,6,-50.63,1,-56.87,107.84,127.51,0,"	356,405" 
2022-08-18T20:00:00Z,"INTU",2022-08-22T14:30:00Z,Buy,466.19489955,453.155507325,4,-52.16,2,-52.16,1.78,53.94,0,"	360,363" 
2022-08-18T20:00:00Z,"MS",2022-08-22T19:50:00Z,Buy,81.139759227,80.107378831,23,-23.74,2,-23.74,11.46,35.21,0,"	359,365" 
2022-08-22T17:24:57Z,"BLK",2022-08-25T19:50:00Z,Buy,654.613370685,642.297817602,2,-24.63,2,-34.48,0,34.48,0,"	364,376" 
2022-08-22T20:00:00Z,"GS",2022-08-23T19:50:00Z,Buy,313.155010616,313.136720988,6,-0.11,2,-0.11,0,0.11,0,"	362,373" 
2022-08-23T15:29:12Z,"JPM",2022-08-26T19:50:00Z,Buy,106.913727924,108.63651706,18,31.01,2,-18.97,31.01,18.97,1,"	370,380" 
2022-08-23T15:39:33Z,"AMZN",2022-08-31T14:30:00Z,Buy,132.90746588,128.42799942,14,-62.71,2,-62.71,56.71,119.42,0,"	371,393" 
2022-08-23T16:08:49Z,"MSFT",2022-08-29T14:30:00Z,Buy,269.885869825,260.499380167,7,-65.71,2,-65.71,7.48,73.19,0,"	372,385" 
2022-08-23T20:00:00Z,"MS",2022-08-26T19:50:00Z,Buy,78.727905026,80.071779507,24,32.25,2,-3.63,32.25,3.63,1,"	366,379" 
2022-08-24T20:00:00Z,"MRK",2022-08-31T14:30:00Z,Buy,81.12298458,78.146076831,23,-68.47,2,-68.47,2.69,71.16,0,"	374,394" 
2022-08-25T19:55:33Z,"CMCSA",2022-08-31T14:30:00Z,Buy,29.264475762163,28.168339375491,66,-72.35,2,-72.35,25.5,97.85,0,"	377,395" 
2022-08-26T20:00:00Z,"NVDA",2022-08-29T14:30:00Z,Buy,17.8226633226,16.234188876,109,-173.14,2,-173.14,0,173.14,0,"	378,386" 
2022-08-29T20:00:00Z,"GS",2022-08-30T19:50:00Z,Buy,305.363629088,305.363629088,6,0,2,0,0,0,0,"	382,391" 
2022-08-29T20:00:00Z,"COST",2022-09-12T19:50:00Z,Buy,504.229259219,513.366100434,3,27.41,2,-23.33,27.41,34.9,1,"	381,422" 
2022-08-30T20:00:00Z,"MS",2022-09-02T19:50:00Z,Buy,76.5385466,76.680943896,25,3.56,2,-34.93,3.56,34.93,1,"	387,409" 
2022-08-30T20:00:00Z,"JPM",2022-09-02T19:50:00Z,Buy,105.383378,104.934353172,18,-8.08,2,-20.95,0,20.95,0,"	388,410" 
2022-08-30T20:00:00Z,"BLK",2022-09-02T19:50:00Z,Buy,624.535177005,609.679483785,3,-44.57,2,-44.57,0,44.57,0,"	389,411" 
2022-08-30T20:00:00Z,"MCD",2022-09-02T19:50:00Z,Buy,236.208256,237.937246977,8,13.83,2,-18.53,13.83,18.53,1,"	390,412" 
2022-08-31T14:36:33Z,"AMZN",2022-09-15T19:50:00Z,Buy,128.42799942,128.2484217,14,-2.51,2,-36.59,107.83,134.5,0,"	396,426" 
2022-08-31T20:00:00Z,"NVDA",2022-09-02T14:30:00Z,Buy,15.3575826132,13.9148764062,124,-178.9,2,-178.9,0,178.9,0,"	392,406" 
2022-09-01T14:15:00Z,"RTX",2022-10-03T14:15:00Z,Buy,83.3949102,76.063591632,2,-14.66,1,-16.26,11.86,16.26,0,"	403,431" 
2022-09-01T14:15:00Z,"ABBV",2022-10-03T14:15:00Z,Buy,118.303662888,118.198081752,2,-0.21,1,-0.21,17.79,18,0,"	404,432" 
2022-09-01T14:15:00Z,"KO",2022-10-03T14:15:00Z,Buy,55.583795289,50.826548258,85,-404.37,2,-404.37,60.48,464.85,0,"	402,433" 
2022-09-01T14:15:00Z,"UNH",2022-11-14T15:30:00Z,Buy,488.589195444,492.717594304,9,37.16,2,-160.07,318.05,280.89,1,"	399,455" 
2022-09-01T14:15:00Z,"XOM",2022-11-21T20:50:00Z,Buy,84.965754599,100.48770094,56,869.23,2,-576.41,968.58,679.44,1,"	400,463" 
2022-09-01T14:15:00Z,"MRK",2022-12-01T15:15:00Z,Buy,76.80601866,99.81867483,12,276.15,2,-2.14,276.15,42.97,1,"	401,497" 
2022-09-01T14:15:00Z,"MRK",2022-12-19T20:50:00Z,Buy,76.80601866,99.622166832,50,1140.81,1,-8.93,1250.55,179.06,1,"	401,536" 
2022-09-01T20:00:00Z,"GS",2022-09-06T19:50:00Z,Buy,303.937500859,305.420931836,6,8.9,2,0,20.07,11.17,1,"	397,417" 
2022-09-01T20:00:00Z,"COP",2022-09-16T19:50:00Z,Buy,93.371463034,100.111396068,20,134.8,1,-317.11,172.05,60.64,1,"	398,427" 
2022-09-02T15:10:42Z,"AVGO",2022-09-19T19:50:00Z,Buy,46.2645022763,47.250894075,41,40.44,2,0,142.84,111.5,1,"	407,428" 
2022-09-02T16:27:54Z,"NVDA",2022-09-07T14:30:00Z,Buy,13.9148764062,13.443625659,137,-64.56,2,-64.56,0,64.56,0,"	408,421" 
2022-09-06T20:00:00Z,"BLK",2022-09-12T19:50:00Z,Buy,608.820564108,642.514073832,3,101.08,2,0,101.08,28.27,1,"	415,424" 
2022-09-06T20:00:00Z,"GOOGL",2022-09-14T14:30:00Z,Buy,106.55490736,103.53770432,17,-51.29,2,-51.29,59.05,110.35,0,"	416,425" 
2022-09-06T20:00:00Z,"MS",2022-09-19T19:50:00Z,Buy,77.223833587,77.820122264,24,14.31,2,-34.18,73.05,67.18,1,"	413,429" 
2022-09-06T20:00:00Z,"JPM",2022-09-22T19:50:00Z,Buy,104.888534312,103.083271228,18,-32.49,2,-32.49,100.95,133.44,0,"	414,430" 
2022-09-07T20:00:00Z,"GS",2022-09-12T19:50:00Z,Buy,298.759313225,313.36327657,6,87.62,2,0,87.62,0,1,"	418,423" 
2022-09-07T20:00:00Z,"BLK",2022-09-12T19:50:00Z,Buy,613.467626184,642.514073832,3,87.14,1,-13.94,87.14,0,1,"	420,424" 
2022-09-07T20:00:00Z,"JPM",2022-09-22T19:50:00Z,Buy,103.669752636,103.083271228,18,-10.56,1,-10.56,122.89,133.44,0,"	419,430" 
2022-11-04T20:00:00Z,"JPM",2022-11-07T20:50:00Z,Buy,119.788053604,120.823578612,16,16.57,2,0,16.57,0,1,"	437,445" 
2022-11-04T20:00:00Z,"MS",2022-11-07T20:50:00Z,Buy,76.5169821,76.2473979,25,-6.74,2,-6.74,0,6.74,0,"	438,446" 
2022-11-04T20:00:00Z,"UBER",2022-11-08T15:30:00Z,Buy,29.44,27.69,67,-117.25,2,-117.25,0,117.25,0,"	443,449" 
2022-11-04T20:00:00Z,"AMZN",2022-11-10T15:30:00Z,Buy,91.285341,85.93791556,21,-112.3,2,-112.3,0,112.3,0,"	436,451" 
2022-11-04T20:00:00Z,"UNH",2022-11-14T15:30:00Z,Buy,516.28325154,492.717594304,3,-70.7,1,-136.44,22.93,87.68,0,"	435,455" 
2022-11-04T20:00:00Z,"GOOGL",2022-11-21T20:50:00Z,Buy,84.83898548,96.69937243,23,272.79,2,0,305.2,36.07,1,"	439,459" 
2022-11-04T20:00:00Z,"META",2022-11-21T20:50:00Z,Buy,89.683537592,111.27273156,22,474.96,2,0,584.85,123,1,"	440,460" 
2022-11-04T20:00:00Z,"PYPL",2022-11-21T20:50:00Z,Buy,74.807066128,84.724140512,25,247.93,2,0,400.32,152.4,1,"	441,461" 
2022-11-04T20:00:00Z,"SQ",2022-11-21T20:50:00Z,Buy,60.3,65.81,36,198.36,2,-109.08,468.36,270,1,"	442,462" 
2022-11-04T20:00:00Z,"XOM",2022-11-21T20:50:00Z,Buy,100.52962491,100.48770094,19,-0.8,1,-491.28,32.91,86.3,0,"	444,463" 
2022-11-08T16:08:09Z,"BLK",2022-11-11T20:50:00Z,Buy,624.81273996,701.965056852,3,231.46,2,-18.51,231.46,46.31,1,"	450,453" 
2022-11-08T21:00:00Z,"AAPL",2022-11-23T20:50:00Z,Buy,137.891915364,147.623380734,14,136.24,2,-74.45,151.52,74.45,1,"	447,469" 
2022-11-08T21:00:00Z,"MSFT",2022-11-23T20:50:00Z,Buy,222.22465681,238.763284241,8,132.31,2,-32.57,143.11,43.22,1,"	448,470" 
2022-11-10T16:02:51Z,"COP",2022-11-25T17:50:00Z,Buy,111.591829216,113.341845662,17,29.75,2,0,141.49,130.74,1,"	452,473" 
2022-11-14T16:38:24.155168Z,"LLY",2022-11-29T20:50:00Z,Buy,342.56051604,356.550506157,5,69.95,2,-6.97,69.95,30.27,1,"	456,485" 
2022-11-14T21:00:00Z,"BLK",2022-11-15T15:30:00Z,Buy,702.140592,684.72565758,2,-34.83,2,-34.83,0,34.83,0,"	454,457" 
2022-11-15T15:35:03.898831Z,"HD",2022-11-30T20:50:00Z,Buy,282.67132502,290.99710626,7,58.28,2,0,125.46,67.18,1,"	458,491" 
2022-11-21T20:57:33.610846Z,"GS",2022-11-25T17:50:00Z,Buy,349.38945744,355.885226625,5,32.48,2,0,32.48,0,1,"	464,474" 
2022-11-22T21:00:00Z,"JPM",2022-11-25T17:50:00Z,Buy,123.976382431,126.186118832,16,35.36,2,0,35.36,0,1,"	466,475" 
2022-11-22T21:00:00Z,"CVX",2022-11-25T17:50:00Z,Buy,160.44839388,160.84126458,12,4.71,1,-458.69,30.13,17.81,1,"	467,476" 
2022-11-22T21:00:00Z,"XOM",2022-11-25T17:50:00Z,Buy,100.541461636,101.751077296,19,22.98,2,0,33.88,10.9,1,"	468,477" 
2022-11-22T21:00:00Z,"GOOGL",2022-12-07T20:50:00Z,Buy,95.09152081,96.25274698,20,23.22,2,-12.31,102.82,79.6,1,"	465,513" 
2022-11-25T18:00:00Z,"MS",2022-11-28T20:50:00Z,Buy,80.61466194,81.69299874,24,25.88,2,0,25.88,0,1,"	471,482" 
2022-11-25T18:00:00Z,"AMZN",2022-12-06T15:30:00Z,Buy,93.52008596,90.79649054,21,-57.2,2,-57.2,58.66,115.86,0,"	472,507" 
2022-11-28T21:00:00Z,"JPM",2022-11-29T20:50:00Z,Buy,125.807042713,124.216772165,15,-23.85,2,-23.85,0,23.85,0,"	479,486" 
2022-11-28T21:00:00Z,"BLK",2022-11-29T20:50:00Z,Buy,672.5767776,666.266750964,2,-12.62,2,-12.62,0,12.62,0,"	480,487" 
2022-11-28T21:00:00Z,"GS",2022-12-06T15:30:00Z,Buy,355.129690351,344.576673428,5,-52.77,2,-52.77,14.98,67.75,0,"	481,508" 
2022-11-28T21:00:00Z,"NKE",2022-12-12T20:50:00Z,Buy,99.504476175,103.764364692,19,80.94,2,-5.21,131.03,76.94,1,"	478,519" 
2022-11-29T19:36:32.239311Z,"MCD",2022-12-14T20:50:00Z,Buy,253.161445608,255.89336592,7,19.12,2,-9.55,34.41,19.98,1,"	484,521" 
2022-11-29T21:00:00Z,"MS",2022-12-02T20:50:00Z,Buy,80.49784212,83.56211586,24,73.54,2,0,74.62,1.08,1,"	483,503" 
2022-11-30T21:00:00Z,"MSFT",2022-12-15T20:50:00Z,Buy,234.212720892,250.641521334,8,131.43,2,0,131.43,83.96,1,"	488,523" 
2022-11-30T21:00:00Z,"NVDA",2022-12-15T20:50:00Z,Buy,15.6807504656,17.6557038752,127,250.82,2,0,301.31,145.65,1,"	489,524" 
2022-11-30T21:00:00Z,"INTU",2022-12-15T20:50:00Z,Buy,367.446666259,409.946356572,5,212.5,2,0,258.83,134.16,1,"	490,525" 
2022-12-01T15:15:00Z,"NFLX",2022-12-16T15:30:00Z,Buy,30.553,29.041,164,-247.97,2.135,-247.97,244.03,492,0,"	493,529" 
2022-12-01T15:15:00Z,"LMT",2022-12-19T20:50:00Z,Buy,447.14043246,443.86876311,11,-35.99,2,-96.81,113.84,210.66,0,"	499,537" 
2022-12-01T15:15:00Z,"UNH",2023-01-03T15:15:00Z,Buy,516.953320288,501.904493258,9,-135.44,2,-220.38,15.71,236.09,0,"	500,557" 
2022-12-01T15:15:00Z,"COP",2023-01-03T15:15:00Z,Buy,110.453300913,106.1841408,45,-192.11,2,-542.88,0,542.88,0,"	494,558" 
2022-12-01T15:15:00Z,"CVX",2023-01-03T15:15:00Z,Buy,159.93329674,156.70302654,31,-100.14,2,-412.46,0,412.46,0,"	498,559" 
2022-12-01T15:15:00Z,"LLY",2023-02-01T15:15:00Z,Buy,361.814971017,335.638881852,13,-340.29,2,-388.7,44.99,433.69,0,"	496,599" 
2022-12-01T15:15:00Z,"XOM",2023-02-01T15:15:00Z,Buy,99.752971428,103.991106296,2,8.48,2,-14.03,11.49,14.03,1,"	495,604" 
2022-12-01T15:15:00Z,"XOM",2023-04-14T19:50:00Z,Buy,99.752971428,104.529473928,48,229.27,1,-460.26,338.48,798.74,1,"	495,737" 
2022-12-01T21:00:00Z,"CRM",2022-12-02T15:30:00Z,Buy,145.472472144,145.2353532,12,-2.85,2,-2.85,0,2.85,0,"	492,501" 
2022-12-02T15:34:04.146697Z,"JPM",2022-12-05T20:50:00Z,Buy,125.964220616,124.965678644,15,-14.98,2,-14.98,0,14.98,0,"	502,505" 
2022-12-05T21:00:00Z,"BLK",2022-12-06T20:50:00Z,Buy,655.0232628,658.497010992,3,10.42,2,0,10.42,0,1,"	504,511" 
2022-12-06T15:57:11.217814Z,"MS",2022-12-19T15:30:00Z,Buy,80.69104413,77.94577836,24,-65.89,2,-65.89,62.87,128.75,0,"	509,533" 
2022-12-06T17:41:19.11932Z,"GE",2022-12-09T20:50:00Z,Buy,51.895095780948,51.26372383842,38,-23.99,2,-23.99,14.44,38.43,0,"	510,516" 
2022-12-06T21:00:00Z,"JPM",2022-12-09T20:50:00Z,Buy,123.319933542,122.857645592,16,-7.4,2,-27.81,0,27.81,0,"	506,515" 
2022-12-07T21:00:00Z,"ORCL",2022-12-22T20:50:00Z,Buy,75.72768256,78.3224128,25,64.87,2,-0.48,72.32,53.34,1,"	512,545" 
2022-12-08T21:00:00Z,"NFLX",2022-12-16T15:30:00Z,Buy,30.89,29.041,63,-116.49,1,-116.49,72.51,188.56,0,"	514,529" 
2022-12-12T21:00:00Z,"GOOGL",2022-12-20T15:30:00Z,Buy,92.01476771,87.77678844,21,-89,2,-89,60.86,149.86,0,"	518,541" 
2022-12-12T21:00:00Z,"JPM",2022-12-27T20:50:00Z,Buy,122.367620365,121.378324152,16,-15.83,2,-45.27,27.52,72.78,0,"	517,553" 
2022-12-13T21:00:00Z,"GS",2022-12-16T15:30:00Z,Buy,347.442426566,324.442207206,5,-115,2,-115,0,115,0,"	520,530" 
2022-12-15T21:00:00Z,"BLK",2022-12-19T20:50:00Z,Buy,650.785342338,651.371392404,3,1.76,2,-3.93,1.76,3.93,1,"	522,535" 
2022-12-16T21:00:00Z,"MRK",2022-12-19T20:50:00Z,Buy,99.676924344,99.622166832,19,-1.04,1,-437.94,40.66,1.04,0,"	527,536" 
2022-12-16T21:00:00Z,"LMT",2022-12-19T20:50:00Z,Buy,438.33918111,443.86876311,4,22.12,1,0,76.6,0,1,"	528,537" 
2022-12-16T21:00:00Z,"ADBE",2023-01-03T20:50:00Z,Buy,345,336.53,5,-42.35,2,-83.35,0,83.35,0,"	526,560" 
2022-12-19T15:52:13.814815Z,"MS",2022-12-22T20:50:00Z,Buy,77.94577836,78.08057046,25,3.37,2,-35.27,3.37,35.27,1,"	534,546" 
2022-12-19T21:00:00Z,"GS",2022-12-20T20:50:00Z,Buy,321.140562814,319.601032002,6,-9.24,2,-9.24,0,9.24,0,"	532,543" 
2022-12-19T21:00:00Z,"CRM",2023-01-03T20:50:00Z,Buy,126.295477548,130.998336604,15,70.54,2,0,70.54,32.46,1,"	531,561" 
2022-12-20T19:31:33.083754Z,"GE",2022-12-23T20:50:00Z,Buy,47.895641728445,50.172003896168,40,91.05,2,0,120.75,29.7,1,"	542,551" 
2022-12-20T21:00:00Z,"MRK",2022-12-23T20:50:00Z,Buy,100.306635732,101.5295535,19,23.24,2,-2.95,23.24,2.95,1,"	539,549" 
2022-12-20T21:00:00Z,"COST",2022-12-23T20:50:00Z,Buy,437.46236709,439.657250795,4,8.78,2,0,21.62,12.84,1,"	540,550" 
2022-12-20T21:00:00Z,"NKE",2023-01-04T20:50:00Z,Buy,97.6761978,112.61212125,20,298.72,2,0,298.72,48.93,1,"	538,562" 
2022-12-21T21:00:00Z,"MCD",2022-12-27T20:50:00Z,Buy,249.54921072,249.63317748,7,0.59,2,-11.17,4.44,15.61,1,"	544,554" 
2022-12-23T21:00:00Z,"MS",2022-12-27T20:50:00Z,Buy,77.57734662,77.37965154,25,-4.94,2,-4.94,0,4.94,0,"	547,555" 
2022-12-23T21:00:00Z,"GS",2022-12-27T20:50:00Z,Buy,319.814340488,320.435717382,6,3.73,2,0,3.73,0,1,"	548,556" 
2022-12-27T21:00:00Z,"BLK",2023-01-23T20:50:00Z,Buy,655.417928574,689.966975322,3,103.65,2,-11.83,147.1,76.49,1,"	552,579" 
2023-01-19T15:14:28.937358Z,"META",2023-01-23T20:50:00Z,Buy,132.097266864,138.403218184,15,94.59,2,0,94.59,0,1,"	568,578" 
2023-01-19T16:20:35.093315Z,"CMCSA",2023-02-03T20:50:00Z,Buy,30.6925588418,32.961627324618,64,145.22,2,-7.18,145.22,60.04,1,"	569,609" 
2023-01-19T16:46:18.289577Z,"MA",2023-02-03T20:50:00Z,Buy,362.534843316,368.450650962,5,29.58,2,-4.82,66.18,57.93,1,"	570,610" 
2023-01-19T19:44:24.00006Z,"MCD",2023-02-03T20:50:00Z,Buy,248.20574256,245.56545444,8,-21.12,2,-21.12,64.79,85.91,0,"	571,611" 
2023-01-19T21:00:00Z,"NFLX",2023-01-20T15:30:00Z,Buy,32.257,31.578,60,-40.74,2,-40.74,0,40.74,0,"	565,573" 
2023-01-19T21:00:00Z,"JPM",2023-01-23T20:50:00Z,Buy,125.916696026,125.814241432,15,-1.54,2,-6.15,0,6.15,0,"	563,575" 
2023-01-19T21:00:00Z,"MS",2023-01-23T20:50:00Z,Buy,85.01787054,86.46463908,22,31.83,2,-8.7,31.83,8.7,1,"	564,576" 
2023-01-19T21:00:00Z,"GS",2023-01-23T20:50:00Z,Buy,320.917980046,317.032055888,6,-23.32,2,-23.32,26.26,49.58,0,"	567,577" 
2023-01-19T21:00:00Z,"PG",2023-01-24T15:30:00Z,Buy,132.751478109,130.639459617,14,-29.57,2,-29.57,0,29.57,0,"	566,585" 
2023-01-20T15:49:29.292167Z,"NFLX",2023-02-06T20:50:00Z,Buy,31.578,36.59,62,310.74,2,0,323.52,92.07,1,"	574,615" 
2023-01-20T21:00:00Z,"BLK",2023-01-23T20:50:00Z,Buy,683.511122214,689.966975322,2,12.91,1,-64.07,41.88,0,1,"	572,579" 
2023-01-24T15:31:30.542534Z,"LMT",2023-02-08T20:50:00Z,Buy,406.86664356,431.53779525,4,98.68,2,0,101.74,22.56,1,"	586,625" 
2023-01-24T21:00:00Z,"MS",2023-01-27T20:50:00Z,Buy,76.31928702,86.716251,22,228.73,2,0,228.73,0,1,"	580,587" 
2023-01-24T21:00:00Z,"JPM",2023-01-27T20:50:00Z,Buy,127.220663586,130.378127892,15,47.36,2,0,47.36,0,1,"	581,588" 
2023-01-24T21:00:00Z,"GS",2023-01-27T20:50:00Z,Buy,323.6724418,329.209188154,6,33.22,2,-3.73,33.22,3.73,1,"	582,589" 
2023-01-24T21:00:00Z,"COP",2023-01-27T20:50:00Z,Buy,108.8837376,112.16824704,18,59.12,2,-35.47,59.12,35.47,1,"	583,590" 
2023-01-24T21:00:00Z,"BLK",2023-01-27T20:50:00Z,Buy,694.441421064,705.95776998,2,23.03,2,0,23.03,1.53,1,"	584,591" 
2023-01-30T21:00:00Z,"JPM",2023-01-31T20:50:00Z,Buy,129.55849114,129.586433302,15,0.42,2,0,0.42,0,1,"	595,597" 
2023-01-30T21:00:00Z,"CVX",2023-02-02T15:30:00Z,Buy,155.4458403,149.66627578,12,-69.35,2,-69.35,0,69.35,0,"	596,607" 
2023-01-30T21:00:00Z,"AAPL",2023-02-13T20:50:00Z,Buy,142.6130433,148.853546998,13,81.13,2,-24.31,124.75,48.36,1,"	592,635" 
2023-01-30T21:00:00Z,"GS",2023-02-13T20:50:00Z,Buy,327.3821546,344.335542096,6,101.72,2,0,122.98,39.56,1,"	593,636" 
2023-01-30T21:00:00Z,"MS",2023-02-13T20:50:00Z,Buy,86.08406586,89.17305528,23,71.05,2,0,91.67,28.13,1,"	594,637" 
2023-02-01T15:15:00Z,"HON",2023-02-17T20:50:00Z,Buy,184.23407704348,176.12286498047,27,-219,2,-222.1,0,222.1,0,"	605,649" 
2023-02-01T15:15:00Z,"ISRG",2023-03-01T15:15:00Z,Buy,245.69,229.39,20,-326,2,-326,304.2,630.2,0,"	603,672" 
2023-02-01T15:15:00Z,"GE",2023-03-01T15:15:00Z,Buy,63.256413137421,66.581147575435,5,16.62,2,0,16.86,12.38,1,"	602,674" 
2023-02-01T15:15:00Z,"MRK",2023-03-10T15:30:00Z,Buy,98.025072732,98.225850276,51,10.24,2,-208.52,180.59,208.52,1,"	606,703" 
2023-02-01T15:15:00Z,"COP",2023-04-03T14:15:00Z,Buy,109.666620672,90.228508779,45,-874.72,2,-1095.76,0,1095.76,0,"	601,708" 
2023-02-01T15:15:00Z,"GE",2023-04-10T19:50:00Z,Buy,63.256413137421,73.636786105837,74,768.15,1,0,961.43,193.28,1,"	602,725" 
2023-02-01T15:15:00Z,"CAT",2023-06-01T14:15:00Z,Buy,240.287278021,197.0251301,20,-865.24,2,-865.24,57.53,922.77,0,"	600,842" 
2023-02-01T21:00:00Z,"JPM",2023-02-06T20:50:00Z,Buy,128.729540334,131.411987886,15,40.24,2,0,40.24,9.08,1,"	598,616" 
2023-02-02T16:20:11.803238Z,"UBER",2023-02-17T20:50:00Z,Buy,31.49,36.22,63,297.99,2,0,336.42,213.57,1,"	608,648" 
2023-02-06T21:00:00Z,"DIS",2023-02-07T20:50:00Z,Buy,107.635252708,107.32261514,18,-5.63,2,-5.63,0,5.63,0,"	612,619" 
2023-02-06T21:00:00Z,"MCD",2023-02-07T20:50:00Z,Buy,247.23546,249.95971488,8,21.79,2,0,21.79,0,1,"	613,620" 
2023-02-06T21:00:00Z,"AMZN",2023-02-07T20:50:00Z,Buy,102.9,102.18,19,-13.68,2,-13.68,0,13.68,0,"	614,621" 
2023-02-07T21:00:00Z,"BLK",2023-02-10T15:30:00Z,Buy,684.00414846,666.022644054,2,-35.96,2,-35.96,10.27,46.23,0,"	618,627" 
2023-02-07T21:00:00Z,"JPM",2023-02-10T20:50:00Z,Buy,131.626211128,130.787946268,15,-12.57,2,-12.57,32.55,45.13,0,"	617,631" 
2023-02-08T21:00:00Z,"COST",2023-02-10T15:30:00Z,Buy,490.90640157,480.67138379,4,-40.94,2,-40.94,0,40.94,0,"	624,628" 
2023-02-08T21:00:00Z,"AXP",2023-02-13T20:50:00Z,Buy,173.133253956,172.9017537,11,-2.55,2,-5.31,0,5.31,0,"	622,638" 
2023-02-08T21:00:00Z,"MSFT",2023-02-13T20:50:00Z,Buy,266.11538557,256.37113857,7,-68.21,2,-68.21,0,68.21,0,"	623,639" 
2023-02-09T21:00:00Z,"DIS",2023-02-13T15:30:00Z,Buy,115.128784416,105.56402882,18,-172.17,2,-172.17,0,172.17,0,"	626,633" 
2023-02-10T15:33:01.164003Z,"PYPL",2023-02-21T15:30:00Z,Buy,78.239132112,74.487804176,25,-93.78,2,-93.78,59.36,153.15,0,"	629,653" 
2023-02-10T16:05:20.79834Z,"BLK",2023-02-23T15:30:00Z,Buy,666.022644054,639.455041062,2,-53.14,2,-53.14,38.96,92.09,0,"	630,666" 
2023-02-13T15:58:09.751096Z,"JPM",2023-02-16T20:50:00Z,Buy,131.365417616,133.93609652,15,38.56,2,0,38.56,0,1,"	634,645" 
2023-02-13T21:00:00Z,"GOOGL",2023-02-23T15:30:00Z,Buy,93.87074458,90.96271665,21,-61.07,2,-61.07,49.19,110.26,0,"	632,667" 
2023-02-14T21:00:00Z,"TMO",2023-02-17T15:30:00Z,Buy,570.776039211,552.628633842,3,-54.44,2,-54.44,0,54.44,0,"	642,647" 
2023-02-14T21:00:00Z,"HON",2023-02-17T20:50:00Z,Buy,179.44510434397,176.12286498047,11,-36.54,1,-37.81,52.68,36.54,0,"	643,649" 
2023-02-14T21:00:00Z,"GS",2023-02-22T15:30:00Z,Buy,346.802501108,334.912871584,5,-59.45,2,-59.45,1.85,61.3,0,"	641,658" 
2023-02-14T21:00:00Z,"MS",2023-03-01T20:50:00Z,Buy,89.83433454,87.415683,22,-53.21,2,-53.21,33.08,86.29,0,"	640,680" 
2023-02-14T21:00:00Z,"ABNB",2023-03-01T20:50:00Z,Buy,116.29,123.28,17,118.83,2,0,393.21,282.88,1,"	644,681" 
2023-02-17T21:00:00Z,"JPM",2023-02-21T20:50:00Z,Buy,131.309533292,132.483104096,15,17.6,2,0,17.6,0,1,"	646,655" 
2023-02-21T16:27:12.309261Z,"HD",2023-02-22T15:30:00Z,Buy,294.60146893,273.8000757,6,-124.81,2,-124.81,0,124.81,0,"	654,659" 
2023-02-21T21:00:00Z,"KO",2023-02-22T20:50:00Z,Buy,54.896754208,54.64091048,36,-9.21,2,-9.21,0,9.21,0,"	651,662" 
2023-02-21T21:00:00Z,"CRM",2023-02-22T20:50:00Z,Buy,162.0312784,159.679848872,12,-28.22,2,-28.22,0,28.22,0,"	652,663" 
2023-02-21T21:00:00Z,"NVDA",2023-03-09T20:50:00Z,Buy,20.9782608,24.1600713445,93,295.91,2,-32.05,295.91,89.74,1,"	650,699" 
2023-02-22T16:04:45.380768Z,"GS",2023-03-02T15:30:00Z,Buy,334.912871584,323.402640624,5,-57.55,2,-57.55,20.45,78,0,"	660,684" 
2023-02-22T17:16:34.432009Z,"NVDA",2023-03-09T20:50:00Z,Buy,20.633617944,24.1600713445,95,335.01,1,0,335.01,91.67,1,"	661,699" 
2023-02-22T21:00:00Z,"JPM",2023-02-27T20:50:00Z,Buy,129.539863032,131.262963022,15,25.85,2,-7.26,25.85,7.26,1,"	656,670" 
2023-02-22T21:00:00Z,"AAPL",2023-03-09T20:50:00Z,Buy,146.62582025,150.686985826,13,52.8,2,-44.08,65.1,52.41,1,"	657,698" 
2023-02-23T16:21:04.651067Z,"AVGO",2023-03-10T20:50:00Z,Buy,55.0883339125,59.51991535,35,155.11,2,0,189.91,34.8,1,"	668,705" 
2023-02-23T16:21:12.314695Z,"COST",2023-03-02T15:30:00Z,Buy,477.56055287,459.58686311,4,-71.89,2,-71.89,0,71.89,0,"	669,685" 
2023-02-23T21:00:00Z,"QCOM",2023-03-08T15:30:00Z,Buy,118.1754145,112.026621405,17,-104.53,2,-104.53,0,104.53,0,"	665,696" 
2023-02-23T21:00:00Z,"MSFT",2023-03-10T20:50:00Z,Buy,249.403505274,246.482677728,8,-23.37,2,-70.65,12.19,70.65,0,"	664,704" 
2023-02-28T21:00:00Z,"JPM",2023-03-03T20:50:00Z,Buy,133.1909722,131.393359778,15,-26.96,2,-26.96,4.89,31.85,0,"	671,688" 
2023-03-01T15:15:00Z,"BLK",2023-03-06T20:50:00Z,Buy,641.334122226,646.738806168,7,37.83,2,-106.99,37.83,106.99,1,"	679,691" 
2023-03-01T15:15:00Z,"COP",2023-04-03T14:15:00Z,Buy,93.4151712,90.228508779,7,-22.31,1,-56.69,113.76,95.98,0,"	676,708" 
2023-03-01T15:15:00Z,"XOM",2023-04-14T19:50:00Z,Buy,99.039803016,104.529473928,1,5.49,1,-8.88,7.76,12.58,1,"	678,737" 
2023-03-01T15:15:00Z,"NFLX",2023-04-20T14:30:00Z,Buy,32.213,32.312,153,15.15,2.055,-449.36,400.1,449.36,1,"	673,751" 
2023-03-01T15:15:00Z,"UBER",2023-05-01T14:15:00Z,Buy,33.26,31.05,148,-327.08,2,-543.16,193.88,737.04,0,"	677,775" 
2023-03-01T15:15:00Z,"CAT",2023-06-01T14:15:00Z,Buy,228.153384795,197.0251301,1,-31.13,1,-31.13,15.01,46.14,0,"	675,842" 
2023-03-02T15:42:58.198851Z,"GS",2023-03-13T14:30:00Z,Buy,323.402640624,306.066323696,6,-104.02,2,-104.02,60.86,164.88,0,"	686,706" 
2023-03-02T16:19:08.54319Z,"ORCL",2023-03-16T14:30:00Z,Buy,83.304125492,80.0630201,23,-74.55,2,-74.55,74.88,149.42,0,"	687,707" 
2023-03-02T21:00:00Z,"MS",2023-03-06T20:50:00Z,Buy,86.4645279,89.07341046,22,57.4,2,0,57.4,0,1,"	682,690" 
2023-03-02T21:00:00Z,"BLK",2023-03-06T20:50:00Z,Buy,626.0503086,646.738806168,3,62.07,1,0,62.07,0,1,"	683,691" 
2023-03-06T21:00:00Z,"JPM",2023-03-07T20:50:00Z,Buy,133.600790576,133.023319228,15,-8.66,2,-8.66,0,8.66,0,"	689,694" 
2023-03-07T21:00:00Z,"MS",2023-03-10T15:30:00Z,Buy,88.774476,83.51141778,22,-115.79,2,-115.79,0,115.79,0,"	692,700" 
2023-03-07T21:00:00Z,"BLK",2023-03-10T15:30:00Z,Buy,645.005390513,610.234185176,3,-104.31,2,-104.31,0,104.31,0,"	693,701" 
2023-03-08T17:38:29.703486Z,"MRK",2023-03-10T15:30:00Z,Buy,101.566058508,98.225850276,19,-63.46,1,-144.96,0,63.46,0,"	697,703" 
2023-03-08T21:00:00Z,"JPM",2023-03-10T15:30:00Z,Buy,128.5339452,121.399379836,15,-107.02,2,-107.02,0,107.02,0,"	695,702" 
2023-04-05T20:00:00Z,"MS",2023-04-10T19:50:00Z,Buy,75.90217698,76.26452178,25,9.06,2,0,9.06,0,1,"	709,719" 
2023-04-05T20:00:00Z,"UNH",2023-04-10T19:50:00Z,Buy,473.1198204,487.189909838,4,56.28,2,0,56.28,0,1,"	710,720" 
2023-04-05T20:00:00Z,"COP",2023-04-10T19:50:00Z,Buy,97.231427009,96.640271574,20,-11.82,2,-11.82,15.28,27.1,0,"	711,721" 
2023-04-05T20:00:00Z,"GS",2023-04-10T19:50:00Z,Buy,298.547069856,301.14378112,6,15.58,2,0,15.58,0,1,"	712,722" 
2023-04-06T14:53:59.979009Z,"GE",2023-04-10T19:50:00Z,Buy,74.148152676017,73.636786105837,26,-13.3,1,-283.19,54.61,13.3,0,"	718,725" 
2023-04-06T20:00:00Z,"JPM",2023-04-10T19:50:00Z,Buy,119.085397586,119.658013797,16,9.16,2,0,9.16,0,1,"	716,723" 
2023-04-06T20:00:00Z,"MSFT",2023-04-10T19:50:00Z,Buy,276.609206664,284.85395064,7,57.71,2,0,57.71,0,1,"	717,724" 
2023-04-06T20:00:00Z,"AAPL",2023-04-21T19:50:00Z,Buy,160.071038322,164.27020467,12,50.39,2,-27.09,61.98,53.94,1,"	713,757" 
2023-04-06T20:00:00Z,"NVDA",2023-04-21T19:50:00Z,Buy,26.5639889515,27.080541488,73,37.71,2,-9.04,98.03,81.4,1,"	714,758" 
2023-04-06T20:00:00Z,"META",2023-04-21T19:50:00Z,Buy,207.917642184,211.591976024,9,33.07,2,0,108.32,75.25,1,"	715,759" 
2023-04-11T20:00:00Z,"GS",2023-04-14T19:50:00Z,Buy,304.721264624,310.232270544,6,33.07,2,0,33.07,0,1,"	726,733" 
2023-04-11T20:00:00Z,"MS",2023-04-14T19:50:00Z,Buy,76.32793212,77.62331478,26,33.68,2,0,33.68,0,1,"	727,734" 
2023-04-11T20:00:00Z,"JPM",2023-04-14T19:50:00Z,Buy,120.1555328,121.084860749,16,14.87,2,0,14.87,0.3,1,"	728,735" 
2023-04-11T20:00:00Z,"COP",2023-04-14T19:50:00Z,Buy,96.49475639,99.168597896,20,53.48,2,0,53.48,0,1,"	729,736" 
2023-04-11T20:00:00Z,"XOM",2023-04-14T19:50:00Z,Buy,103.798119744,104.529473928,19,13.9,1,-259.04,57.12,2.06,1,"	730,737" 
2023-04-11T20:00:00Z,"CVX",2023-04-14T19:50:00Z,Buy,148.90636566,151.56186912,13,34.52,2,0,34.52,0,1,"	731,738" 
2023-04-11T20:00:00Z,"MRK",2023-04-14T19:50:00Z,Buy,103.586309672,106.269702364,19,50.98,2,-3.67,50.98,3.67,1,"	732,739" 
2023-04-17T20:00:00Z,"GS",2023-04-18T19:50:00Z,Buy,313.8471168,317.284489984,6,20.62,2,0,20.62,0,1,"	742,747" 
2023-04-17T20:00:00Z,"MS",2023-04-18T19:50:00Z,Buy,78.5382354,80.90253522,25,59.11,2,0,59.11,0,1,"	743,748" 
2023-04-17T20:00:00Z,"NFLX",2023-04-20T14:30:00Z,Buy,33.8,32.312,58,-86.3,1,-262.39,59.62,86.3,0,"	744,751" 
2023-04-17T20:00:00Z,"MSFT",2023-04-20T19:50:00Z,Buy,283.173742152,281.77682463,7,-9.78,2,-10.33,0,10.33,0,"	745,753" 
2023-04-17T20:00:00Z,"INTU",2023-04-20T19:50:00Z,Buy,436.053947166,437.605985274,4,6.21,2,-15.01,6.21,15.01,1,"	746,754" 
2023-04-17T20:00:00Z,"BLK",2023-04-26T14:30:00Z,Buy,647.760102011,618.132898757,3,-88.88,2,-88.88,19.76,108.64,0,"	741,773" 
2023-04-17T20:00:00Z,"JPM",2023-05-01T19:50:00Z,Buy,131.420114,129.767975424,15,-24.78,2,-67.17,19.71,86.88,0,"	740,786" 
2023-04-19T20:00:00Z,"LMT",2023-04-24T14:30:00Z,Buy,465.5544988,447.535128458,4,-72.08,2,-72.08,0,72.08,0,"	749,763" 
2023-04-19T20:00:00Z,"GS",2023-05-04T19:50:00Z,Buy,310.643260816,306.98171112,6,-21.97,2,-21.97,63.83,85.8,0,"	750,788" 
2023-04-20T14:59:27.598509Z,"MS",2023-04-24T19:50:00Z,Buy,81.92615928,82.5240282,24,14.35,2,0,14.35,0,1,"	752,765" 
2023-04-21T20:00:00Z,"ABT",2023-04-24T19:50:00Z,Buy,105.347263722,105.811557293,18,8.36,2,0,8.36,0,1,"	755,766" 
2023-04-21T20:00:00Z,"ISRG",2023-05-08T19:50:00Z,Buy,297.87,304.88,6,42.06,2,-17.46,43.14,33,1,"	756,794" 
2023-04-24T14:34:24.018919Z,"KO",2023-05-09T19:50:00Z,Buy,58.973160015,58.853464296,33,-3.95,2,-15.19,7.6,19.75,0,"	764,798" 
2023-04-24T20:00:00Z,"XOM",2023-04-25T19:50:00Z,Buy,104.664909888,106.750623672,18,37.54,2,0,37.54,0,1,"	761,769" 
2023-04-24T20:00:00Z,"MSFT",2023-04-25T19:50:00Z,Buy,275.4760428,275.251363758,7,-1.57,2,-1.57,0,1.57,0,"	762,770" 
2023-04-24T20:00:00Z,"PG",2023-05-08T19:50:00Z,Buy,144.730520832,145.438933248,13,9.21,2,-8.36,15.51,21.81,1,"	760,795" 
2023-04-25T20:00:00Z,"AAPL",2023-05-10T19:50:00Z,Buy,162.870482554,169.317090046,12,77.36,2,-17.39,98.65,46.01,1,"	767,802" 
2023-04-25T20:00:00Z,"MA",2023-05-10T19:50:00Z,Buy,367.611399,376.90256796,5,46.46,2,-33.17,59.1,33.17,1,"	768,803" 
2023-04-26T14:43:09.274882Z,"MS",2023-05-05T14:30:00Z,Buy,79.77020772,75.499642462,24,-102.49,2,-102.49,58.9,161.4,0,"	774,790" 
2023-04-26T20:00:00Z,"PEP",2023-05-11T19:50:00Z,Buy,171.868541376,177.148246674,11,58.08,2,0,58.08,9.23,1,"	771,808" 
2023-04-26T20:00:00Z,"MSFT",2023-05-11T19:50:00Z,Buy,289.650359754,305.084833074,7,108.04,2,-7.8,108.04,24.96,1,"	772,809" 
2023-05-01T14:15:00Z,"AMD",2023-05-24T19:50:00Z,Buy,89.37,108.12,55,1031.25,2,-426.25,1031.25,455.95,1,"	780,820" 
2023-05-01T14:15:00Z,"META",2023-05-25T19:50:00Z,Buy,238.652948224,247.481280072,20,176.57,2,-149.75,176.57,206.56,1,"	778,823" 
2023-05-01T14:15:00Z,"ADBE",2023-06-01T14:15:00Z,Buy,377.56,417.79,13,522.99,2,-547.43,522.99,547.43,1,"	783,841" 
2023-05-01T14:15:00Z,"CAT",2023-06-01T14:15:00Z,Buy,209.52174224,197.0251301,2,-24.99,1,-24.99,67.28,24.99,0,"	784,842" 
2023-05-01T14:15:00Z,"CRM",2023-06-01T14:15:00Z,Buy,195.988687172,220.698457128,25,617.74,2,-147.95,617.74,165,1,"	785,843" 
2023-05-01T14:15:00Z,"NFLX",2023-06-01T14:15:00Z,Buy,32.993,39.523,150,979.5,2,-185.7,979.5,229.5,1,"	782,844" 
2023-05-01T14:15:00Z,"AVGO",2023-06-01T14:15:00Z,Buy,60.33158663,77.8060793832,14,244.64,2,-22.03,251.07,37.47,1,"	781,849" 
2023-05-01T14:15:00Z,"NVDA",2023-06-09T19:50:00Z,Buy,27.7249832405,38.480651529,179,1925.26,2.225,-33.44,2210.88,470.74,1,"	776,854" 
2023-05-01T14:15:00Z,"ORCL",2023-06-12T19:50:00Z,Buy,91.760602893,106.435712508,54,792.46,2,0,792.46,235.38,1,"	779,860" 
2023-05-01T14:15:00Z,"AVGO",2023-06-26T14:30:00Z,Buy,60.33158663,79.594363989,68,1309.87,1,-107,1700.48,390.61,1,"	781,885" 
2023-05-01T14:15:00Z,"GE",2023-07-03T14:15:00Z,Buy,77.86146069332,86.420950360323,3,25.68,2,-0.4,25.68,8.43,1,"	777,907" 
2023-05-01T14:15:00Z,"GE",2023-08-01T14:15:00Z,Buy,77.86146069332,89.941106755184,2,24.16,1,-0.27,28.76,5.62,1,"	777,985" 
2023-05-01T14:15:00Z,"GE",2023-10-02T14:15:00Z,Buy,77.86146069332,87.098604453082,58,535.75,1,-7.76,833.96,326.53,1,"	777,1068" 
2023-05-02T20:00:00Z,"CMCSA",2023-05-05T14:30:00Z,Buy,33.554382595125,32.495961184106,59,-62.45,2,-62.45,0,62.45,0,"	787,791" 
2023-05-04T19:51:22.249915Z,"GS",2023-05-22T19:50:00Z,Buy,306.98171112,304.64653912,6,-14.01,2,-51.28,8.57,51.28,0,"	789,814" 
2023-05-05T14:41:54.406902Z,"AXP",2023-05-22T19:50:00Z,Buy,144.071562218,148.07973551,13,52.11,2,-10.95,58.78,68.47,1,"	792,815" 
2023-05-05T14:42:06.00762Z,"ABBV",2023-05-22T19:50:00Z,Buy,133.42521871,131.396901846,14,-28.4,2,-51.47,8.62,60.09,0,"	793,816" 
2023-05-09T20:00:00Z,"PYPL",2023-05-10T14:30:00Z,Buy,69.459428432,65.752996708,26,-96.37,2,-96.37,0,96.37,0,"	796,800" 
2023-05-09T20:00:00Z,"AMD",2023-05-24T19:50:00Z,Buy,95,108.12,20,262.4,1,-267.6,262.4,42.2,1,"	797,820" 
2023-05-10T14:41:23.3294Z,"META",2023-05-25T19:50:00Z,Buy,231.751158984,247.481280072,8,125.84,1,-4.69,125.84,15.73,1,"	801,823" 
2023-05-10T20:00:00Z,"ABNB",2023-05-11T14:30:00Z,Buy,110,113.19,15,47.85,2,0,47.85,0,1,"	799,806" 
2023-05-11T15:27:18.61491Z,"MS",2023-05-26T19:50:00Z,Buy,76.47730938,75.828577126,26,-16.87,2,-58.92,18.77,77.68,0,"	807,827" 
2023-05-11T19:56:04.003107Z,"CMCSA",2023-05-30T19:50:00Z,Buy,32.205097284895,31.898074280172,61,-18.73,2,-37.95,71.46,109.41,0,"	810,832" 
2023-05-11T20:00:00Z,"DIS",2023-05-12T14:30:00Z,Buy,92.61887952,90.181283482,20,-48.75,2,-48.75,0,48.75,0,"	805,812" 
2023-05-11T20:00:00Z,"JPM",2023-05-26T19:50:00Z,Buy,126.7265385,127.355477617,15,9.43,2,-12.67,63.36,58.58,1,"	804,826" 
2023-05-12T15:25:51.739426Z,"ISRG",2023-05-30T19:50:00Z,Buy,303.47,306.9,6,20.58,2,-12.18,60.9,73.08,1,"	813,834" 
2023-05-12T20:00:00Z,"AMZN",2023-05-30T19:50:00Z,Buy,112.14,120.11,17,135.49,2,-31.96,135.49,53.72,1,"	811,833" 
2023-05-23T20:00:00Z,"GOOGL",2023-05-25T14:30:00Z,Buy,123.070124,119.9933709,16,-49.23,2,-49.23,0,49.23,0,"	819,822" 
2023-05-23T20:00:00Z,"GS",2023-05-26T19:50:00Z,Buy,302.26466368,302.526202944,6,1.57,2,-21.24,1.57,21.24,1,"	817,828" 
2023-05-23T20:00:00Z,"MSFT",2023-06-07T19:50:00Z,Buy,313.299868018,326.673020312,6,80.24,2,-36.24,93.51,36.24,1,"	818,852" 
2023-05-25T20:00:00Z,"NVDA",2023-06-09T19:50:00Z,Buy,38.476669595,38.480651529,66,0.26,1,-721.94,105.57,173.57,1,"	821,854" 
2023-05-26T20:00:00Z,"BLK",2023-05-30T19:50:00Z,Buy,622.977068296,629.92943541,3,20.86,2,0,20.86,0,1,"	825,835" 
2023-05-26T20:00:00Z,"AAPL",2023-06-12T19:50:00Z,Buy,171.091131056,178.622575872,12,90.38,2,0,90.38,37.07,1,"	824,858" 
2023-05-30T20:00:00Z,"JPM",2023-06-05T19:50:00Z,Buy,128.153385452,131.861310097,16,59.33,2,-12.17,59.33,26.28,1,"	831,850" 
2023-05-30T20:00:00Z,"GOOGL",2023-06-12T19:50:00Z,Buy,124.58865053,121.31339723,17,-55.68,2,-57.2,30.03,87.23,0,"	829,859" 
2023-05-30T20:00:00Z,"ORCL",2023-06-12T19:50:00Z,Buy,101.7086805,106.435712508,21,99.27,1,-208.91,99.27,37.23,1,"	830,860" 
2023-05-31T15:01:21.035172Z,"JPM",2023-06-05T19:50:00Z,Buy,129.035777646,131.861310097,16,45.21,1,-26.28,45.21,26.28,1,"	839,850" 
2023-05-31T15:30:48.514896Z,"META",2023-06-15T19:50:00Z,Buy,260.698951264,271.45382572,8,86.04,2,0,86.04,71.58,1,"	840,869" 
2023-05-31T20:00:00Z,"MS",2023-06-15T19:50:00Z,Buy,75.892536644,80.397114126,28,126.13,2,-33.26,134.06,33.26,1,"	836,866" 
2023-05-31T20:00:00Z,"HD",2023-06-15T19:50:00Z,Buy,271.81806498,281.72560174,7,69.35,2,-37.64,82.45,37.64,1,"	837,867" 
2023-05-31T20:00:00Z,"CMCSA",2023-06-15T19:50:00Z,Buy,31.679926355764,32.99689345497,67,88.24,2,-9.2,88.24,17.86,1,"	838,868" 
2023-06-01T14:15:00Z,"AMD",2023-06-20T14:30:00Z,Buy,118.21,120.08,45,84.15,2,-17.1,494.1,409.95,1,"	846,874" 
2023-06-01T14:15:00Z,"UBER",2023-07-03T14:15:00Z,Buy,37.93,43.17,14,73.36,2,0,90.86,25.76,1,"	848,911" 
2023-06-01T14:15:00Z,"NKE",2023-07-07T14:30:00Z,Buy,100.104007316,100.28086021,53,9.37,2,-82.16,439.72,430.35,1,"	847,921" 
2023-06-01T14:15:00Z,"UBER",2023-08-01T14:15:00Z,Buy,37.93,49.46,14,161.42,1,0,161.42,32.34,1,"	848,984" 
2023-06-01T14:15:00Z,"GE",2023-10-02T14:15:00Z,Buy,79.875458262026,87.098604453082,3,21.67,1,-6.44,37.09,16.89,1,"	845,1068" 
2023-06-01T14:15:00Z,"UBER",2023-12-01T15:15:00Z,Buy,37.93,56.38,112,2066.4,1,0,2068.64,990.08,1,"	848,1104" 
2023-06-06T20:00:00Z,"BLK",2023-06-09T19:50:00Z,Buy,630.903891178,642.377070918,3,34.42,2,0,34.42,4.79,1,"	851,855" 
2023-06-08T20:00:00Z,"JPM",2023-06-23T19:50:00Z,Buy,132.049053117,131.025853658,16,-16.37,2,-16.37,38.9,55.27,0,"	853,882" 
2023-06-12T20:00:00Z,"BLK",2023-06-13T19:50:00Z,Buy,647.39844389,644.076031698,3,-9.97,2,-9.97,0,9.97,0,"	856,864" 
2023-06-12T20:00:00Z,"MSFT",2023-06-26T19:50:00Z,Buy,321.670325713,327.984881518,6,37.89,2,0,114.72,85.41,1,"	857,886" 
2023-06-13T20:00:00Z,"GOOGL",2023-06-27T14:30:00Z,Buy,124.062625,117.45256834,17,-112.37,2,-112.37,1.52,113.89,0,"	862,890" 
2023-06-13T20:00:00Z,"ORCL",2023-06-28T19:50:00Z,Buy,119.405990907,114.126826062,19,-100.3,2,-120.73,60.73,180,0,"	861,894" 
2023-06-13T20:00:00Z,"NVDA",2023-06-28T19:50:00Z,Buy,40.1483795841,41.8440863004,55,93.26,2,0,199.44,174.55,1,"	863,895" 
2023-06-14T15:39:20.281617Z,"ADBE",2023-06-29T19:50:00Z,Buy,478.99,482.43,4,13.76,2,-6.04,64.76,70.8,1,"	865,898" 
2023-06-16T20:00:00Z,"AMD",2023-06-20T14:30:00Z,Buy,125.85,120.08,17,-98.09,1,-136.34,56.78,98.09,0,"	871,874" 
2023-06-16T20:00:00Z,"MS",2023-06-20T19:50:00Z,Buy,81.886457188,80.525033162,27,-36.76,2,-36.76,0,36.76,0,"	870,876" 
2023-06-16T20:00:00Z,"BLK",2023-06-20T19:50:00Z,Buy,675.289716695,663.330920538,3,-35.88,2,-35.88,0,35.88,0,"	872,877" 
2023-06-16T20:00:00Z,"GS",2023-06-20T19:50:00Z,Buy,321.300403918,318.410977941,6,-17.34,2,-17.34,0,17.34,0,"	873,878" 
2023-06-20T15:21:30.085167Z,"PYPL",2023-07-05T19:50:00Z,Buy,66.276785848,67.937945692,33,54.82,2,-18.77,80.99,99.76,1,"	875,915" 
2023-06-21T20:00:00Z,"MS",2023-06-26T14:30:00Z,Buy,79.090512544,76.367664492,27,-73.52,2,-73.52,0,73.52,0,"	879,884" 
2023-06-22T15:08:51.965009Z,"NKE",2023-07-07T14:30:00Z,Buy,104.937098058,100.28086021,20,-93.12,1,-127.66,69.27,162.4,0,"	881,921" 
2023-06-22T20:00:00Z,"AVGO",2023-06-26T14:30:00Z,Buy,81.8152418214,79.594363989,26,-57.74,1,-599.49,91.61,57.74,0,"	880,885" 
2023-06-26T20:00:00Z,"JPM",2023-06-27T19:50:00Z,Buy,130.453237447,130.659754769,16,3.3,2,0,3.3,0,1,"	883,891" 
2023-06-27T14:23:51.738181Z,"META",2023-06-30T19:50:00Z,Buy,276.538309304,279.577082696,7,21.27,2,0,59.64,38.37,1,"	889,901" 
2023-06-27T19:52:14.791106Z,"GOOGL",2023-07-13T19:50:00Z,Buy,117.45256834,118.03814393,18,10.54,2,-33.76,60.92,94.68,1,"	892,935" 
2023-06-27T20:00:00Z,"MS",2023-06-30T19:50:00Z,Buy,76.669187934,77.884418776,28,34.03,2,0,34.03,11,1,"	887,900" 
2023-06-27T20:00:00Z,"AAPL",2023-07-03T16:50:00Z,Buy,183.459283552,191.464528304,11,88.06,2,0,88.06,0,1,"	888,913" 
2023-06-28T20:00:00Z,"BLK",2023-07-13T19:50:00Z,Buy,646.209171344,685.2475146,3,117.12,2,-11.35,117.12,37.83,1,"	893,936" 
2023-06-29T20:00:00Z,"JPM",2023-07-14T19:50:00Z,Buy,131.485824057,140.706252053,16,147.53,2,0,147.53,34.79,1,"	896,939" 
2023-06-29T20:00:00Z,"GS",2023-07-14T19:50:00Z,Buy,298.599115786,309.347403948,7,75.24,2,-28.07,75.24,88.41,1,"	897,940" 
2023-06-30T20:00:00Z,"DIS",2023-07-17T19:50:00Z,Buy,87.24542132,86.61037626,25,-15.88,2,-29.31,30.29,59.6,0,"	899,947" 
2023-07-03T14:15:00Z,"AMD",2023-07-10T19:50:00Z,Buy,113.91,113.17,47,-34.78,2,-34.78,102.93,137.71,0,"	906,925" 
2023-07-03T14:15:00Z,"META",2023-07-10T19:50:00Z,Buy,284.989277136,288.514651496,19,66.98,2,-18.49,170.19,103.21,1,"	905,926" 
2023-07-03T14:15:00Z,"MSFT",2023-07-17T19:50:00Z,Buy,333.388966486,337.990270716,16,73.62,2,-136.43,106.52,147.87,1,"	910,948" 
2023-07-03T14:15:00Z,"NVDA",2023-07-26T19:50:00Z,Buy,42.2697616458,45.6441880341,129,435.3,2,-25.65,669.26,410.55,1,"	904,969" 
2023-07-03T14:15:00Z,"CRM",2023-08-01T14:15:00Z,Buy,208.723950456,222.308889956,1,13.58,2,-1.65,22.83,9.25,1,"	909,986" 
2023-07-03T14:15:00Z,"AMZN",2023-08-03T14:30:00Z,Buy,130.36,128.21,41,-88.15,2,-132.43,205,295.61,0,"	912,992" 
2023-07-03T14:15:00Z,"CRM",2023-08-18T14:30:00Z,Buy,208.723950456,201.393023104,25,-183.27,1,-183.27,570.81,754.09,0,"	909,1035" 
2023-07-03T14:15:00Z,"AVGO",2023-12-01T15:15:00Z,Buy,83.9780321778,90.1103175102,4,24.53,2,-21.17,51.78,42.65,1,"	908,1106" 
2023-07-03T17:00:00Z,"MS",2023-07-05T19:50:00Z,Buy,78.889496916,78.916908138,27,0.74,2,0,0.74,0,1,"	902,916" 
2023-07-03T17:00:00Z,"NFLX",2023-07-05T19:50:00Z,Buy,43.976,44.135,49,7.79,2,0,7.79,0,1,"	903,917" 
2023-07-05T20:00:00Z,"AMD",2023-07-10T19:50:00Z,Buy,116.1,113.17,18,-52.74,1,-52.74,0,52.74,0,"	914,925" 
2023-07-06T20:00:00Z,"MS",2023-07-07T14:30:00Z,Buy,77.52807289,76.139237642,27,-37.5,2,-37.5,0,37.5,0,"	918,922" 
2023-07-06T20:00:00Z,"META",2023-07-10T19:50:00Z,Buy,293.9467072,288.514651496,7,-38.02,1,-69.51,0,38.02,0,"	919,926" 
2023-07-06T20:00:00Z,"CMCSA",2023-07-10T19:50:00Z,Buy,33.440361286743,33.708860537951,64,17.18,2,0,17.18,0,1,"	920,927" 
2023-07-07T14:44:10.993158Z,"MS",2023-07-10T19:50:00Z,Buy,76.139237642,76.175785938,28,1.02,2,0,1.02,0,1,"	923,928" 
2023-07-07T15:39:24.264479Z,"UNH",2023-07-13T14:30:00Z,Buy,447.741137592,430.89456249,4,-67.39,2,-67.39,0,67.39,0,"	924,933" 
2023-07-11T13:53:25.700771Z,"NVDA",2023-07-26T19:50:00Z,Buy,42.147854622,45.6441880341,51,178.31,1,-3.92,270.81,162.31,1,"	931,969" 
2023-07-11T15:06:06.353519Z,"LMT",2023-07-26T19:50:00Z,Buy,429.834661722,424.046019942,5,-28.94,2,-41.78,44.82,86.6,0,"	932,970" 
2023-07-11T20:00:00Z,"MS",2023-07-14T19:50:00Z,Buy,76.678325008,78.770714954,28,58.59,2,0,58.59,0,1,"	929,941" 
2023-07-11T20:00:00Z,"AAPL",2023-07-14T19:50:00Z,Buy,186.687045616,188.078832928,11,15.31,2,-11.4,15.31,11.4,1,"	930,942" 
2023-07-13T15:07:59.371108Z,"ABT",2023-07-28T19:50:00Z,Buy,101.282326131,107.252071095,21,125.36,2,0,164.15,38.79,1,"	934,977" 
2023-07-14T20:00:00Z,"MSFT",2023-07-17T19:50:00Z,Buy,340.046172606,337.990270716,6,-12.34,1,-91.11,0,12.34,0,"	937,948" 
2023-07-14T20:00:00Z,"UNH",2023-07-31T19:50:00Z,Buy,438.917195367,479.745814527,5,204.14,2,0,242.4,38.25,1,"	938,979" 
2023-07-17T20:00:00Z,"JPM",2023-07-18T19:50:00Z,Buy,142.171252998,144.968932222,15,41.97,2,0,41.97,0,1,"	943,951" 
2023-07-17T20:00:00Z,"ABNB",2023-07-18T19:50:00Z,Buy,142.29,145.36,15,46.05,2,0,46.05,0,1,"	944,952" 
2023-07-17T20:00:00Z,"AMD",2023-07-18T19:50:00Z,Buy,115.88,118.32,19,46.36,2,0,46.36,0,1,"	945,953" 
2023-07-17T20:00:00Z,"MS",2023-07-18T19:50:00Z,Buy,78.286450032,78.962593508,28,18.93,2,0,18.93,0,1,"	946,954" 
2023-07-18T20:00:00Z,"ORCL",2023-07-21T19:50:00Z,Buy,115.46051473,112.64155958,19,-53.56,2,-53.56,36.57,90.13,0,"	950,961" 
2023-07-18T20:00:00Z,"NFLX",2023-07-24T14:30:00Z,Buy,45.1,42.75,49,-115.15,2,-115.15,130.29,245.44,0,"	949,963" 
2023-07-19T20:00:00Z,"MSFT",2023-07-21T14:30:00Z,Buy,353.928405368,339.586042183,6,-86.05,2,-86.05,0,86.05,0,"	955,959" 
2023-07-19T20:00:00Z,"MS",2023-08-03T19:50:00Z,Buy,83.540267582,82.36719722,26,-30.5,2,-30.5,76.73,107.23,0,"	956,995" 
2023-07-19T20:00:00Z,"JPM",2023-08-03T19:50:00Z,Buy,144.089931655,146.87815926,15,41.82,2,0,78.68,36.86,1,"	957,996" 
2023-07-19T20:00:00Z,"GS",2023-08-03T19:50:00Z,Buy,318.1192118,330.44868421,7,86.31,2,0,137.89,51.59,1,"	958,997" 
2023-07-21T15:07:19.724219Z,"ISRG",2023-07-24T14:30:00Z,Buy,347.66,336.66,6,-66,2,-66,0,66,0,"	960,964" 
2023-07-24T15:25:32.922252Z,"ISRG",2023-07-25T14:30:00Z,Buy,336.66,323.56,6,-78.6,2,-78.6,0,78.6,0,"	965,967" 
2023-07-24T15:35:23.878743Z,"MCD",2023-08-08T19:50:00Z,Buy,278.858283837,274.88685738,7,-27.8,2,-56.72,0,56.72,0,"	966,1009" 
2023-07-24T20:00:00Z,"AXP",2023-07-28T14:30:00Z,Buy,162.673940865,158.914322166,13,-48.88,2,-48.88,4.04,52.92,0,"	962,973" 
2023-07-25T15:24:46.524266Z,"MRK",2023-07-28T14:30:00Z,Buy,100.6612191,97.4048319,22,-71.64,2,-71.64,0,71.64,0,"	968,974" 
2023-07-27T20:00:00Z,"MSFT",2023-08-03T14:30:00Z,Buy,333.232326342,320.62279475,6,-75.66,2,-75.66,0,75.66,0,"	971,991" 
2023-07-27T20:00:00Z,"GOOGL",2023-08-11T19:50:00Z,Buy,130.54365653,128.71745469,17,-31.05,2,-57.7,20.08,77.78,0,"	972,1017" 
2023-07-28T15:02:15.781917Z,"CVX",2023-08-14T19:50:00Z,Buy,141.937558592,146.002065408,15,60.97,2,-10.27,60.97,57.23,1,"	975,1019" 
2023-07-28T15:32:36.458504Z,"XOM",2023-08-14T19:50:00Z,Buy,96.010337304,101.857295808,23,134.48,2,-27.02,134.48,41.06,1,"	976,1020" 
2023-07-31T20:00:00Z,"V",2023-08-01T19:50:00Z,Buy,231.1517576,232.846217518,9,15.25,2,0,15.25,0,1,"	978,989" 
2023-08-01T14:15:00Z,"NVDA",2023-08-10T14:30:00Z,Buy,46.6933878291,42.5215695966,119,-496.45,2,-496.45,0,496.45,0,"	981,1012" 
2023-08-01T14:15:00Z,"ABNB",2023-08-11T14:30:00Z,Buy,152.19,135.97,36,-583.92,2,-583.92,0,583.92,0,"	988,1015" 
2023-08-01T14:15:00Z,"META",2023-08-17T14:30:00Z,Buy,316.38993552,292.248569128,17,-410.4,2,-410.4,69.39,479.79,0,"	982,1031" 
2023-08-01T14:15:00Z,"NFLX",2023-09-01T14:15:00Z,Buy,43.897,43.368,126,-66.65,2,-453.22,22.55,475.78,0,"	987,1043" 
2023-08-01T14:15:00Z,"AMD",2023-10-02T14:15:00Z,Buy,114.4,102.82,48,-555.84,2,-885.12,153.6,1038.72,0,"	983,1069" 
2023-08-01T20:00:00Z,"AMZN",2023-08-03T14:30:00Z,Buy,133.55,128.21,16,-85.44,1,-102.72,28.96,85.44,0,"	980,992" 
2023-08-02T20:00:00Z,"BLK",2023-08-04T14:30:00Z,Buy,681.887347724,670.306098407,3,-34.74,2,-34.74,0,34.74,0,"	990,1001" 
2023-08-03T14:32:42.419982Z,"COST",2023-08-07T19:50:00Z,Buy,531.435543425,531.13728142,4,-1.19,2,-1.19,20.55,21.74,0,"	993,1005" 
2023-08-03T15:02:37.038152Z,"PYPL",2023-08-04T14:30:00Z,Buy,73.03117152,64.031975248,29,-260.98,2,-260.98,0,260.98,0,"	994,1002" 
2023-08-03T19:52:06.084278Z,"ABT",2023-08-10T14:30:00Z,Buy,103.405658603,100.25426619,21,-66.18,2,-66.18,0,66.18,0,"	998,1011" 
2023-08-04T14:34:26.823707Z,"ISRG",2023-08-17T14:30:00Z,Buy,311.28,299.32,6,-71.76,2,-71.76,0,71.76,0,"	1003,1029" 
2023-08-04T14:42:26.568436Z,"ABNB",2023-08-11T14:30:00Z,Buy,140.88,135.97,15,-73.65,1,-73.65,169.65,108.45,0,"	1004,1015" 
2023-08-04T20:00:00Z,"MS",2023-08-07T19:50:00Z,Buy,82.394861975,81.878453215,26,-13.43,2,-13.43,0,13.43,0,"	1000,1006" 
2023-08-04T20:00:00Z,"JPM",2023-08-16T14:30:00Z,Buy,147.82332116,142.558769377,14,-73.7,2,-73.7,4.76,78.47,0,"	999,1026" 
2023-08-07T19:59:21.616605Z,"NVDA",2023-08-10T14:30:00Z,Buy,44.645949372,42.5215695966,48,-101.97,1,-101.97,98.28,137.3,0,"	1007,1012" 
2023-08-07T19:59:21.616605Z,"DIS",2023-08-23T19:50:00Z,Buy,84.31444412,83.816177996,25,-12.46,2,-12.46,133.36,145.82,0,"	1008,1038" 
2023-08-09T20:00:00Z,"AMZN",2023-08-17T14:30:00Z,Buy,140,135.07,15,-73.95,2,-73.95,8.55,82.5,0,"	1010,1030" 
2023-08-10T18:44:57.984691Z,"MCD",2023-08-25T19:50:00Z,Buy,271.896495891,266.349705495,7,-38.83,2,-54.08,3.83,57.91,0,"	1013,1039" 
2023-08-11T17:07:46.445909Z,"META",2023-08-17T14:30:00Z,Buy,303.619142768,292.248569128,7,-79.59,1,-79.59,117.97,82.72,0,"	1016,1031" 
2023-08-11T20:00:00Z,"LLY",2023-08-14T19:50:00Z,Buy,514.8145275,518.285848314,4,13.89,2,0,13.89,0,1,"	1014,1021" 
2023-08-14T20:00:00Z,"NVDA",2023-08-15T19:50:00Z,Buy,40.46913495,43.7196558387,52,169.03,2,0,169.03,0,1,"	1018,1025" 
2023-08-15T15:11:05.020153Z,"HD",2023-08-30T19:50:00Z,Buy,310.1510203,309.61522372,6,-3.21,2,-41.51,17.37,58.88,0,"	1024,1041" 
2023-08-15T20:00:00Z,"CRM",2023-08-18T14:30:00Z,Buy,207.805114548,201.393023104,10,-64.12,1,-64.12,237.51,64.12,0,"	1023,1035" 
2023-08-15T20:00:00Z,"MSFT",2023-08-30T19:50:00Z,Buy,316.2172907,322.194380976,6,35.86,2,-34.36,35.86,41.38,1,"	1022,1040" 
2023-08-16T15:41:39.982684Z,"SQ",2023-08-18T14:30:00Z,Buy,58.36,56.1,36,-81.36,2,-81.36,0,81.36,0,"	1028,1036" 
2023-08-16T15:41:39.982684Z,"PYPL",2023-08-31T19:50:00Z,Buy,59.332838392,63.273728112,36,141.87,2,-31.25,141.87,38.79,1,"	1027,1042" 
2023-08-17T15:02:27.775482Z,"NVDA",2023-09-01T19:50:00Z,Buy,43.4528593194,49.3173865545,49,287.36,2,-9.16,287.36,63.6,1,"	1032,1044" 
2023-08-17T16:32:27.667821Z,"CAT",2023-09-01T19:50:00Z,Buy,264.17112987,270.54180081,8,50.97,2,-40.11,60.2,45.19,1,"	1033,1045" 
2023-08-18T20:00:00Z,"INTU",2023-08-21T19:50:00Z,Buy,472.232639775,478.1858549,4,23.81,2,0,23.81,0,1,"	1034,1037" 
2023-09-11T20:00:00Z,"ADBE",2023-09-12T19:50:00Z,Buy,562,564.5,3,7.5,2,0,7.5,0,1,"	1046,1054" 
2023-09-11T20:00:00Z,"ORCL",2023-09-13T14:30:00Z,Buy,123.47023557,106.55650467,17,-287.53,2,-287.53,0,287.53,0,"	1050,1055" 
2023-09-11T20:00:00Z,"COST",2023-09-14T19:50:00Z,Buy,532.883079054,539.582555184,4,26.8,2,0,26.8,0,1,"	1047,1058" 
2023-09-11T20:00:00Z,"AAPL",2023-09-14T19:50:00Z,Buy,177.984087127,172.191968781,12,-69.51,2,-69.51,0,69.51,0,"	1048,1059" 
2023-09-11T20:00:00Z,"GOOGL",2023-09-14T19:50:00Z,Buy,135.5756366,135.68481171,15,1.64,2,-18.76,4.76,23.52,1,"	1049,1060" 
2023-09-11T20:00:00Z,"MS",2023-09-14T19:50:00Z,Buy,78.7523359,80.458329125,27,46.06,2,-46.81,46.06,46.81,1,"	1051,1061" 
2023-09-12T17:43:02.711027Z,"AMZN",2023-09-20T14:30:00Z,Buy,143.1,137.63,15,-82.05,2,-82.05,26.25,108.3,0,"	1053,1066" 
2023-09-12T17:43:02.711027Z,"MSFT",2023-09-21T14:30:00Z,Buy,331.544012384,314.698978672,6,-101.07,2,-101.07,4.47,105.54,0,"	1052,1067" 
2023-09-14T20:00:00Z,"ORCL",2023-09-18T19:50:00Z,Buy,110.32807225,110.707173115,19,7.2,2,0,7.2,0,1,"	1056,1064" 
2023-09-14T20:00:00Z,"QCOM",2023-09-18T19:50:00Z,Buy,108.437383937,107.836913234,20,-12.01,2,-12.01,5.15,17.16,0,"	1057,1065" 
2023-09-15T20:00:00Z,"ADBE",2023-09-18T14:30:00Z,Buy,532.11,528.89,3,-9.66,2,-9.66,0,9.66,0,"	1062,1063" 
2023-11-14T21:00:00Z,"AMZN",2023-11-17T20:50:00Z,Buy,145,142.83,15,-32.55,2,-32.55,12,44.55,0,"	1074,1080" 
2023-11-14T21:00:00Z,"MS",2023-11-17T20:50:00Z,Buy,71.752656482,74.356922276,30,78.13,2,0,78.69,0.56,1,"	1075,1081" 
2023-11-14T21:00:00Z,"BLK",2023-11-17T20:50:00Z,Buy,639.8310604,679.66601052,3,119.5,2,0,119.5,0,1,"	1076,1082" 
2023-11-14T21:00:00Z,"GOOGL",2023-11-20T20:50:00Z,Buy,133.16385917,134.29531031,16,18.1,2,-8.73,43.83,25.73,1,"	1070,1086" 
2023-11-14T21:00:00Z,"AAPL",2023-11-29T20:50:00Z,Buy,185.700844629,188.44236432,11,30.16,2,-2.07,41.59,18.07,1,"	1071,1092" 
2023-11-14T21:00:00Z,"GS",2023-11-29T20:50:00Z,Buy,316.52964237,320.43964185,6,23.46,2,0,33.71,25.51,1,"	1072,1093" 
2023-11-14T21:00:00Z,"JPM",2023-11-29T20:50:00Z,Buy,139.659323148,146.190976794,15,97.97,2,0,97.97,5,1,"	1073,1094" 
2023-11-14T21:00:00Z,"HD",2023-11-29T20:50:00Z,Buy,286.362630786,296.418574644,7,70.39,2,0,70.39,18.87,1,"	1077,1095" 
2023-11-14T21:00:00Z,"MRK",2023-11-29T20:50:00Z,Buy,95.507478672,93.309335024,22,-48.36,2,-48.36,2.87,51.23,0,"	1078,1096" 
2023-11-15T21:00:00Z,"NVDA",2023-11-27T15:30:00Z,Buy,49.891060985,47.7435218752,43,-92.34,2,-92.34,20.8,113.14,0,"	1079,1088" 
2023-11-20T21:00:00Z,"MS",2023-11-29T15:30:00Z,Buy,74.636950856,71.761990768,28,-80.5,2,-80.5,0,80.5,0,"	1084,1090" 
2023-11-20T21:00:00Z,"AMZN",2023-12-04T20:50:00Z,Buy,145.08,147.03,14,27.3,2,-16.52,37.1,31.22,1,"	1083,1112" 
2023-11-20T21:00:00Z,"BLK",2023-12-04T20:50:00Z,Buy,679.181145972,719.07313898,3,119.68,2,0,119.68,0,1,"	1085,1113" 
2023-11-21T21:00:00Z,"MSFT",2023-12-06T20:50:00Z,Buy,369.317784064,366.211299296,5,-15.53,2,-32.15,34.51,66.65,0,"	1087,1122" 
2023-11-27T16:51:25.530303Z,"PG",2023-11-30T20:50:00Z,Buy,142.889262318,142.653284543,15,-3.54,2,-3.54,12.88,16.42,0,"	1089,1102" 
2023-11-29T15:33:54.443995Z,"NVDA",2023-12-05T15:30:00Z,Buy,47.7884912842,45.479062302,45,-103.92,2,-103.92,14.35,118.27,0,"	1091,1119" 
2023-11-30T21:00:00Z,"MS",2023-12-04T20:50:00Z,Buy,73.526170822,75.505039454,29,57.39,2,0,57.39,0,1,"	1099,1114" 
2023-11-30T21:00:00Z,"GS",2023-12-04T20:50:00Z,Buy,326.926906792,333.385454617,6,38.75,2,-0.8,38.75,0.8,1,"	1100,1115" 
2023-11-30T21:00:00Z,"INTU",2023-12-15T20:50:00Z,Buy,569.14313863,592.59334606,3,70.35,2,-33,97.08,33,1,"	1097,1137" 
2023-11-30T21:00:00Z,"CRM",2023-12-15T20:50:00Z,Buy,246.0109044,254.122348276,9,73,2,-1.33,97.81,99.15,1,"	1098,1138" 
2023-11-30T21:00:00Z,"JPM",2023-12-15T20:50:00Z,Buy,147.495403251,156.140799039,14,121.04,2,0,121.04,22.39,1,"	1101,1139" 
2023-12-01T15:15:00Z,"ADBE",2023-12-15T15:30:00Z,Buy,611.01,584.64,8,-210.96,2,-210.96,181.2,392.16,0,"	1105,1136" 
2023-12-01T21:00:00Z,"GOOGL",2023-12-18T20:50:00Z,Buy,130.9108819,131.6056326,16,11.12,2,-41.76,79.88,79.24,1,"	1103,1144" 
2023-12-05T17:26:32.047513Z,"NVDA",2023-12-20T20:50:00Z,Buy,45.479062302,49.5746393924,47,192.49,2,-0.14,214.71,49.93,1,"	1120,1155" 
2023-12-05T17:26:32.047513Z,"AMZN",2023-12-20T20:50:00Z,Buy,144.84,153.79,14,125.3,2,-4.48,129.22,33.04,1,"	1121,1156" 
2023-12-05T21:00:00Z,"XOM",2023-12-07T15:30:00Z,Buy,94.763729718,91.854195042,22,-64.01,2,-64.01,0,64.01,0,"	1118,1124" 
2023-12-05T21:00:00Z,"GS",2023-12-08T20:50:00Z,Buy,331.63447054,329.739963178,6,-11.37,2,-27.84,0,27.84,0,"	1116,1126" 
2023-12-05T21:00:00Z,"MS",2023-12-08T20:50:00Z,Buy,75.309019448,75.00098801,28,-8.62,2,-33.19,0,33.19,0,"	1117,1127" 
2023-12-07T16:19:12.374296Z,"COST",2023-12-22T20:50:00Z,Buy,586.608818175,642.3599781,3,167.25,2,0,213.84,58.64,1,"	1125,1160" 
2023-12-07T21:00:00Z,"ISRG",2023-12-11T20:50:00Z,Buy,310.97,310.42,6,-3.3,2,-3.3,3.54,6.84,0,"	1123,1130" 
2023-12-11T21:00:00Z,"MS",2023-12-12T20:50:00Z,Buy,76.802505208,77.306556652,28,14.11,2,0,14.11,0,1,"	1128,1132" 
2023-12-11T21:00:00Z,"BLK",2023-12-12T20:50:00Z,Buy,713.77452762,720.100686949,3,18.98,2,0,18.98,0,1,"	1129,1133" 
2023-12-12T21:00:00Z,"ADBE",2023-12-15T15:30:00Z,Buy,625.86,584.64,3,-123.66,1,-123.66,23.4,147.06,0,"	1131,1136" 
2023-12-13T21:00:00Z,"MS",2023-12-18T20:50:00Z,Buy,77.885282384,85.483391188,28,212.75,2,0,212.75,0,1,"	1134,1145" 
2023-12-13T21:00:00Z,"TMO",2023-12-18T20:50:00Z,Buy,495.150427026,514.803812766,4,78.61,2,0,92.49,13.87,1,"	1135,1146" 
2023-12-18T21:00:00Z,"JPM",2023-12-19T20:50:00Z,Buy,158.359276152,158.273583903,14,-1.2,2,-1.2,0,1.2,0,"	1141,1149" 
2023-12-18T21:00:00Z,"GS",2023-12-19T20:50:00Z,Buy,364.797917594,360.14776316,6,-27.9,2,-27.9,0,27.9,0,"	1142,1150" 
2023-12-18T21:00:00Z,"CMCSA",2023-12-19T20:50:00Z,Buy,36.575308554519,36.608067451567,60,1.97,2,0,1.97,0,1,"	1143,1151" 
2023-12-19T21:00:00Z,"MS",2023-12-22T20:50:00Z,Buy,84.862661169,86.463491218,26,41.62,2,0,41.62,18.93,1,"	1147,1161" 
2023-12-20T21:00:00Z,"JPM",2023-12-26T20:50:00Z,Buy,159.930300717,159.38758314,13,-7.06,2,-17.58,0,17.58,0,"	1152,1165" 
2023-12-20T21:00:00Z,"GS",2023-12-26T20:50:00Z,Buy,363.726277066,364.214256235,6,2.93,2,-15.04,2.93,15.04,1,"	1153,1166" 
2023-12-20T21:00:00Z,"GE",2023-12-26T20:50:00Z,Buy,98.822052976482,99.814764343382,22,21.84,2,-35.71,26.69,35.71,1,"	1154,1167" 
2023-12-21T21:00:00Z,"NKE",2023-12-26T15:30:00Z,Buy,117.47775992,103.780026016,19,-260.26,2,-260.26,4.2,264.45,0,"	1157,1164" 
2023-12-21T21:00:00Z,"UBER",2023-12-26T20:50:00Z,Buy,61.32,61.71,36,14.04,2,0,14.04,0,1,"	1158,1168" 
2023-12-26T21:00:00Z,"COST",2023-12-27T20:50:00Z,Buy,649.940899725,651.49571295,3,4.66,2,0,4.66,0,1,"	1163,1169" 
